Dates,WTI,SP500,US2Y,HY,SP500_excess,HY_excess
1990-01-12,-0.04203228757694033,-0.035459482001520826,0.0015265384615384616,0.0,-0.03698602046305929,-0.0015265384615384616
1990-01-19,-0.002261932654064047,-0.0022972266684959664,0.0015696153846153848,0.0,-0.003866842053111351,-0.0015696153846153848
1990-01-26,0.021506205220963803,-0.0401587912241439,0.0015890384615384616,0.0,-0.04174782968568236,-0.0015890384615384616
1990-02-02,0.020184976663878196,0.015592958154037717,0.0016040384615384614,0.027600648082112933,0.013988919692499255,0.02599660962057447
1990-02-09,-0.06552365725294029,0.008125966403927265,0.0015803846153846154,0.0,0.0065455817885426495,-0.0015803846153846154
1990-02-16,0.031502262571453166,-0.0027013252912535535,0.0016007692307692307,0.0,-0.004302094522022784,-0.0016007692307692307
1990-02-23,-0.03801694359264651,-0.02609492381365186,0.0016178846153846154,0.0,-0.027712808429036475,-0.0016178846153846154
1990-03-02,-0.003273325344969269,0.0345348027212502,0.0016309615384615384,0.030973291896592592,0.03290384118278866,0.029342330358131052
1990-03-09,-0.04404733084510282,0.007097599100759133,0.001671153846153846,0.0,0.005426445254605287,-0.001671153846153846
1990-03-16,-0.0024503810349520982,0.011708771092740378,0.0016609615384615385,0.0,0.01004780955427884,-0.0016609615384615385
1990-03-23,0.0004905567917852238,-0.013812008185919211,0.0016540384615384618,0.0,-0.015466046647457673,-0.0016540384615384618
1990-03-30,-0.005409405863381345,0.00803359509937085,0.0016580769230769231,-0.005882369903066564,0.006375518176293926,-0.007540446826143488
1990-04-06,-0.05733246309632767,0.00041175260132941816,0.0016359615384615384,0.0,-0.0012242089371321202,-0.0016359615384615384
1990-04-13,-0.03399158904124855,0.012448657297791321,0.0016442307692307694,0.0,0.010804426528560552,-0.0016442307692307694
1990-04-20,0.016609007571827483,-0.027140864709546797,0.0016938461538461539,0.0,-0.02883471086339295,-0.0016938461538461539
1990-04-27,-0.01498957401952472,-0.018096635250185678,0.0017200000000000002,0.0,-0.019816635250185677,-0.0017200000000000002
1990-05-04,-0.030670531094234565,0.027807035079416842,0.0016742307692307692,0.03193304710300948,0.026132804310186074,0.030258816333778714
1990-05-11,0.05254390248496099,0.03943209913008605,0.0016398076923076921,0.0,0.03779229143777836,-0.0016398076923076921
1990-05-18,0.024499531334743363,0.007472014838700858,0.0016542307692307694,0.0,0.005817784069470089,-0.0016542307692307694
1990-05-25,-0.08710500556513923,-0.00016919996656294956,0.0016396153846153845,0.0,-0.001808815351178334,-0.0016396153846153845
1990-06-01,-0.01699757636857102,0.023909518033321753,0.0016009615384615383,0.009101314246345193,0.022308556494860216,0.007500352707883655
1990-06-08,-0.0420131798904082,-0.012329245903957897,0.0016021153846153846,0.0,-0.013931361288573281,-0.0016021153846153846
1990-06-15,0.04714285771040627,0.011640607040267703,0.0015998076923076925,0.0,0.010040799347960011,-0.0015998076923076925
1990-06-22,-0.007418008338010651,-0.020826545551582143,0.0016076923076923076,0.0,-0.02243423785927445,-0.0016076923076923076
1990-06-29,-0.02259001360510693,0.007260526673761092,0.0015807692307692309,-0.04280584099773632,0.005679757442991861,-0.044386610228505555
1990-07-06,-0.03578199261680037,0.0011166323531970335,0.0016001923076923077,0.0,-0.0004835599544952742,-0.0016001923076923077
1990-07-13,0.16115187528624242,0.02450069504082819,0.0015609615384615386,0.0,0.022939733502366652,-0.0015609615384615386
1990-07-20,0.03603536305799837,-0.015639895153181094,0.0015517307692307694,0.0,-0.017191625922411864,-0.0015517307692307694
1990-07-27,-0.0009975063171254739,-0.022852543331082664,0.0015367307692307692,0.0,-0.024389274100313434,-0.0015367307692307692
1990-08-03,0.20053459474741242,-0.024575202099820892,0.0014998076923076924,-0.02211025235500541,-0.026075009792128585,-0.023610060047313104
1990-08-10,0.06863892291470597,-0.027456970418375803,0.0015276923076923076,0.0,-0.02898466272606811,-0.0015276923076923076
1990-08-17,0.07525104714958974,-0.023186385812472565,0.0015528846153846153,0.0,-0.02473927042785718,-0.0015528846153846153
1990-08-24,0.08892491511565304,-0.05106374090017951,0.0015905769230769233,0.0,-0.052654317823256434,-0.0015905769230769233
1990-08-31,-0.12346072144143605,0.03485772500199147,0.0015505769230769232,0.06491609335274173,0.03330714807891454,0.06336551642966481
1990-09-07,0.09491079219334475,0.0026007817000568423,0.0015351923076923077,0.0,0.0010655893923645346,-0.0015351923076923077
1990-09-14,0.03660539410661379,-0.020524594716513356,0.0015398076923076923,0.0,-0.022064402408821047,-0.0015398076923076923
1990-09-21,0.12842369787483277,-0.017544030335305827,0.001558076923076923,0.0,-0.01910210725838275,-0.001558076923076923
1990-09-28,0.10899488554591885,-0.01707283479410826,0.0015359615384615386,0.10575681311255591,-0.0186087963325698,0.10422085157409437
1990-10-05,-0.03923083722376486,0.017650850930428952,0.0014986538461538462,0.0,0.016152197084275104,-0.0014986538461538462
1990-10-12,0.002891314933120892,-0.03751686857097347,0.0015213461538461537,0.0,-0.03903821472481962,-0.0015213461538461537
1990-10-19,-0.13135902576399028,0.040657997471834406,0.001505576923076923,0.0,0.039152420548757484,-0.001505576923076923
1990-10-26,-0.012044710503563483,-0.02517996250884913,0.001494423076923077,0.0,-0.026674385585772207,-0.001494423076923077
1990-11-02,0.029549978751060024,0.02316179835261245,0.001473653846153846,0.062211567280104685,0.021688144506458604,0.06073791343395084
1990-11-09,-0.0032405389972014476,0.006042314455962483,0.0014613461538461538,0.0,0.00458096830211633,-0.0014613461538461538
1990-11-16,-0.13568351920684174,0.010715633713529016,0.0014557692307692308,0.0,0.009259864482759785,-0.0014557692307692308
1990-11-23,0.07516954337868054,-0.006390202378394605,0.0014434615384615384,0.0,-0.007833663916856144,-0.0014434615384615384
1990-11-30,-0.1004960168366904,0.02234449329961219,0.001459423076923077,-0.0023963586833080086,0.020885070222689112,-0.0038557817602310855
1990-12-07,-0.08195093966900924,0.01701658058096811,0.0014061538461538463,0.0,0.015610426734814263,-0.0014061538461538463
1990-12-14,-0.034836058402050174,-0.00284156202017094,0.0014059615384615384,0.0,-0.004247523558632478,-0.0014059615384615384
1990-12-21,0.009691876601024774,0.014972112588679032,0.001398846153846154,0.0,0.013573266434832879,-0.001398846153846154
1990-12-28,0.061713353551631656,-0.009175348637162628,0.0013892307692307693,0.0,-0.010564579406393397,-0.0013892307692307693
1991-01-04,-0.1018604215650436,-0.023765201445138828,0.0013775,0.004786988557224703,-0.02514270144513883,0.0034094885572247026
1991-01-11,0.09165253124958506,-0.018138592010423338,0.001368653846153846,0.0,-0.019507245856577184,-0.001368653846153846
1991-01-18,-0.36260780989605257,0.05252496902611625,0.0013698076923076923,0.0,0.05115516133380856,-0.0013698076923076923
1991-01-25,0.1171392148504391,0.011491971452453953,0.0013592307692307693,0.0,0.010132740683223184,-0.0013592307692307693
1991-02-01,-0.0004684938010264261,0.020556737538737657,0.0013115384615384616,-0.021236319298028494,0.019245199077199196,-0.022547857759566955
1991-02-08,0.026816216206207777,0.04642063477755176,0.001304423076923077,0.0,0.04511621170062868,-0.001304423076923077
1991-02-15,-0.1461233743218826,0.0266623885338797,0.0013086538461538461,0.0,0.025353734687725855,-0.0013086538461538461
1991-02-22,-0.055916871685311786,-0.00928264073137175,0.001340576923076923,0.0,-0.010623217654448673,-0.001340576923076923
1991-03-01,0.07888239038999956,0.013095878080880752,0.001378653846153846,-0.12949772695649786,0.011717224234726906,-0.1308763808026517
1991-03-08,-0.003618510022196819,0.012020213949557323,0.0013607692307692307,0.0,0.010659444718788092,-0.0013607692307692307
1991-03-15,0.0056803664227556006,-0.0036337443462315377,0.0013409615384615385,0.0,-0.004974705884693076,-0.0013409615384615385
1991-03-22,0.03441635220185146,-0.01649004399790055,0.0013667307692307692,0.0,-0.01785677476713132,-0.0013667307692307692
1991-03-29,-0.023660806776660603,0.020843625212198624,0.0013521153846153846,-0.11833843694808355,0.01949150982758324,-0.11969055233269893
1991-04-05,0.01667126259494811,0.00037304484964639784,0.0013271153846153845,0.0,-0.0009540705349689866,-0.0013271153846153845
1991-04-12,0.049362574030510586,0.013337765206124175,0.0013148076923076922,0.0,0.012022957513816483,-0.0013148076923076922
1991-04-19,-0.0019093084559198559,0.009939919663221275,0.0013509615384615385,0.0,0.008588958124759736,-0.0013509615384615385
1991-04-26,0.016584128015534993,-0.013574276195792656,0.0013232692307692307,0.0,-0.014897545426561886,-0.0013232692307692307
1991-05-03,0.0042204048576128805,0.004685328778546882,0.0013065384615384614,-0.03497971889602658,0.003378790317008421,-0.03628625735756504
1991-05-10,-0.0046904401189107325,-0.01337688807805737,0.0013157692307692306,0.0,-0.014692657308826601,-0.0013157692307692306
1991-05-17,-0.002824860635554316,-0.008955722643187336,0.0013119230769230768,0.0,-0.010267645720110413,-0.0013119230769230768
1991-05-24,-0.0009433962963836251,0.0136023860760206,0.0012834615384615384,0.0,0.012318924537559062,-0.0012834615384615384
1991-05-31,-0.00283554065224223,0.03216666838490401,0.0012865384615384616,-0.018289209983313626,0.030880129923365546,-0.019575748444852086
1991-06-07,-0.041058652904983006,-0.027040620062726006,0.0013440384615384616,0.0,-0.02838465852426447,-0.0013440384615384616
1991-06-14,-0.023953241022492744,0.007509356298132985,0.0013392307692307692,0.0,0.006170125528902216,-0.0013392307692307692
1991-06-21,0.021484713479164252,-0.011946881739448578,0.0013242307692307692,0.0,-0.013271112508679347,-0.0013242307692307692
1991-06-28,0.016180789407310492,-0.01759936466787071,0.0013265384615384615,-0.04241632125506767,-0.018925903129409172,-0.04374285971660613
1991-07-05,0.010643545084116912,0.007836441798724891,0.0013525,0.0,0.006483941798724892,-0.0013525
1991-07-12,0.03777597415890721,0.016359252855698614,0.0013175,0.0,0.015041752855698615,-0.0013175
1991-07-19,0.0269730637982315,0.01038637406089471,0.0013136538461538463,0.0,0.009072720214740863,-0.0013136538461538463
1991-07-26,-0.031617753987556174,-0.008599673987595757,0.0013155769230769232,0.0,-0.00991525091067268,-0.0013155769230769232
1991-08-02,-0.007476670343020242,0.01627406996310299,0.0012859615384615386,-0.03214812137547707,0.01498810842464145,-0.03343408291393861
1991-08-09,0.008872343981995101,-0.00015497869074021509,0.0012409615384615384,0.0,-0.0013959402292017535,-0.0012409615384615384
1991-08-16,-0.01075027880619528,-0.0039860283137409525,0.0012051923076923077,0.0,-0.005191220621433261,-0.0012051923076923077
1991-08-23,0.02460091574009393,0.022033594150517644,0.001230576923076923,0.0,0.02080301722744072,-0.001230576923076923
1991-08-30,0.020422765633861584,0.003191492070643953,0.0012178846153846155,-0.01719240054037252,0.0019736074552593377,-0.018410285155757135
1991-09-06,-0.03241552929764202,-0.016137400401976087,0.0011996153846153847,0.0,-0.017337015786591473,-0.0011996153846153847
1991-09-13,0.004167637428523996,-0.01426210614271195,0.0011809615384615385,0.0,-0.015443067681173489,-0.0011809615384615385
1991-09-20,0.006907694978247392,0.011224858949300476,0.0011821153846153848,0.0,0.01004274356468509,-0.0011821153846153848
1991-09-27,0.02403198855658184,-0.005220864253523416,0.0011551923076923076,0.0,-0.006376056561215724,-0.0011551923076923076
1991-10-04,0.012909148776768298,-0.012149170474147652,0.001130576923076923,-0.01455629777420775,-0.013279747397224576,-0.01568687469728467
1991-10-11,0.014489825411346136,0.0005506824668124466,0.0011298076923076923,0.0,-0.0005791252254952457,-0.0011298076923076923
1991-10-18,0.039740328649513934,0.028556756686224816,0.0011359615384615384,0.0,0.02742079514776328,-0.0011359615384615384
1991-10-25,-0.03192439654656187,-0.021373286888006326,0.0011409615384615384,0.0,-0.022514248426467865,-0.0011409615384615384
1991-11-01,0.02982752012297718,0.018362389254771294,0.0010842307692307692,-0.02976410190645362,0.017278158485540526,-0.03084833267568439
1991-11-08,-0.0406995558924641,0.0040040348823868754,0.00108,0.0,0.002924034882386875,-0.00108
1991-11-15,-0.008783543515252124,-0.026487344916379385,0.0010548076923076923,0.0,-0.027542152608687077,-0.0010548076923076923
1991-11-22,-0.06656969594284634,-0.017080915041303157,0.0010521153846153846,0.0,-0.01813303042591854,-0.0010521153846153846
1991-11-29,0.012649501064072588,-0.0024488938984674746,0.0010336538461538463,-0.009104766992919178,-0.003482547744621321,-0.010138420839073023
1991-12-06,-0.06939199342399993,0.010261123294601937,0.000994423076923077,0.0,0.00926670021767886,-0.000994423076923077
1991-12-13,0.000498877535914044,0.014092118584625446,0.0009709615384615385,0.0,0.013121157046163907,-0.0009709615384615385
1991-12-20,-0.07937792453454495,0.006662284367025428,0.000928076923076923,0.0,0.005734207443948505,-0.000928076923076923
1991-12-27,0.012875714360045531,0.048957476300443226,0.0009313461538461538,0.0,0.048026130146597075,-0.0009313461538461538
1992-01-03,0.02474461602260991,0.0311965235549323,0.0009165384615384616,0.018875607597908406,0.030279985093393837,0.017959069136369944
1992-01-10,-0.05340297091011692,-0.010162591658099629,0.0009305769230769232,0.0,-0.011093168581176552,-0.0009305769230769232
1992-01-17,0.05651823822706614,0.009017280151371487,0.0009578846153846153,0.0,0.008059395535986872,-0.0009578846153846153
1992-01-24,-0.015147847751197485,-0.008102256850754053,0.0009886538461538461,0.0,-0.009090910696907898,-0.0009886538461538461
1992-01-31,-0.005277057100843585,-0.016232901608842276,0.0009807692307692308,-0.06968763142190637,-0.017213670839611506,-0.0706684006526756
1992-02-07,0.050049134498128645,0.0056105918754507655,0.0009471153846153846,0.0,0.004663476490835381,-0.0009471153846153846
1992-02-14,-0.012152048275355654,0.0033755511246029712,0.0010109615384615385,0.0,0.0023645895861414325,-0.0010109615384615385
1992-02-21,-0.050676812869171695,-0.0024759097047377665,0.001043076923076923,0.0,-0.0035189866278146895,-0.001043076923076923
1992-02-28,0.0010712373814985021,0.003009126712451682,0.0010080769230769232,-0.07577489644771385,0.0020010497893747587,-0.07678297337079076
1992-03-06,-0.009142306215290219,-0.02021754253533814,0.0010775,0.0,-0.02129504253533814,-0.0010775
1992-03-13,0.04438129289038484,0.0034555990352362898,0.0011240384615384615,0.0,0.0023315605736978283,-0.0011240384615384615
1992-03-20,-0.013527781738134959,0.013363881977944025,0.001118076923076923,0.0,0.012245805054867102,-0.001118076923076923
1992-03-27,0.003660134805058224,-0.019146387526374653,0.0010865384615384617,0.0,-0.020232925987913115,-0.0010865384615384617
1992-04-03,0.057303381295009004,-0.00484442907553273,0.001031346153846154,-0.024519617174318498,-0.005875775229378884,-0.02555096332816465
1992-04-10,0.00932064633358376,0.006800383598025483,0.0009932692307692307,0.0,0.005807114367256253,-0.0009932692307692307
1992-04-17,-0.004894772376728529,0.028673003113942386,0.0010198076923076923,0.0,0.027653195421634694,-0.0010198076923076923
1992-04-24,-0.007881814202253423,-0.01704139074368971,0.0010240384615384616,0.0,-0.018065429205228172,-0.0010240384615384616
1992-05-01,0.03068173465248547,0.008544875800214236,0.0010223076923076924,0.010582109330536937,0.007522568107906543,0.009559801638229245
1992-05-08,0.0038295882130978676,0.008496514943475475,0.001015576923076923,0.0,0.007480938020398552,-0.001015576923076923
1992-05-15,-0.0033500868852822663,-0.014428797542239913,0.0009776923076923077,0.0,-0.01540648984993222,-0.0009776923076923077
1992-05-22,0.003827755869764804,0.009537634033008224,0.0010080769230769232,0.0,0.0085295571099313,-0.0010080769230769232
1992-05-29,0.05436878942696399,0.003207256447873341,0.0009969230769230769,0.01825344030935039,0.0022103333709502645,0.017256517232427313
1992-06-05,0.01970507107933228,-0.004512392584796743,0.000985576923076923,0.0,-0.005497969507873666,-0.000985576923076923
1992-06-12,-0.011148387482614375,-0.009037523249068258,0.0009632692307692309,0.0,-0.010000792479837489,-0.0009632692307692309
1992-06-19,0.0022396425935049535,-0.014973909962011867,0.0009555769230769231,0.0,-0.01592948688508879,-0.0009555769230769231
1992-06-26,0.004018759594917931,-0.0005451481946883163,0.0009392307692307692,0.0,-0.0014843789639190856,-0.0009392307692307692
1992-07-03,-0.015267472130788828,0.020412376746923755,0.0008765384615384615,0.0008609557139651614,0.019535838285385295,-1.5582747573300126e-05
1992-07-10,-0.04110483994711567,0.006897497063527602,0.0008340384615384615,0.0,0.006063458601989141,-0.0008340384615384615
1992-07-17,0.011717968625961195,0.0024089431576017617,0.0008167307692307692,0.0,0.0015922123883709925,-0.0008167307692307692
1992-07-24,0.02394221177292266,-0.009719377302674026,0.0008086538461538462,0.0,-0.010528031148827872,-0.0008086538461538462
1992-07-31,-0.005017114286798741,0.030176611678780496,0.0008459615384615385,-0.017361547195901217,0.029330650140318958,-0.018207508734362755
1992-08-07,-0.03442200306071097,-0.012644132917139395,0.0007980769230769232,0.0,-0.013442209840216318,-0.0007980769230769232
1992-08-14,0.004250301557871428,0.002455919879128743,0.0007865384615384615,0.0,0.0016693814175902815,-0.0007865384615384615
1992-08-21,-0.006619409512675478,-0.01212339349036995,0.0007811538461538462,0.0,-0.012904547336523796,-0.0007811538461538462
1992-08-28,0.01085172243736432,-2.4105388760631286e-05,0.0008015384615384616,0.0,-0.0008256438502990929,-0.0008015384615384616
1992-09-04,0.021356429135930277,0.005385146199858859,0.0007440384615384616,-0.05860171305956685,0.004641107738320397,-0.059345751521105314
1992-09-11,0.004125607501936468,0.005976161022437587,0.0007401923076923077,0.0,0.005235968714745279,-0.0007401923076923077
1992-09-18,-0.005044725213699586,0.007952469774785698,0.0007313461538461538,0.0,0.007221123620939544,-0.0007313461538461538
1992-09-25,-0.0032235809632474854,-0.02049565342356452,0.0007284615384615384,0.0,-0.02122411496202606,-0.0007284615384615384
1992-10-02,0.011009285508369437,-0.009408182680954447,0.0007075,-0.0074557661313434664,-0.010115682680954446,-0.008163266131343466
1992-10-09,0.017187216386258086,-0.019210311215894116,0.0007675000000000001,0.0,-0.019977811215894117,-0.0007675000000000001
1992-10-16,-0.004944941521570545,0.022275261316505812,0.0007723076923076923,0.0,0.02150295362419812,-0.0007723076923076923
1992-10-23,-0.04611236466429469,0.005739695836813219,0.000831346153846154,0.0,0.004908349682967065,-0.000831346153846154
1992-10-30,-0.02726789369139393,0.010999414435161725,0.0008428846153846154,0.03493002168359194,0.01015652981977711,0.034087137068207325
1992-11-06,-0.010236501767060258,-0.0026307622854542245,0.000860576923076923,0.0,-0.0034913392085311476,-0.000860576923076923
1992-11-13,-0.014807773037192717,0.01154760989610093,0.000880576923076923,0.0,0.010667032973024007,-0.000880576923076923
1992-11-20,0.02213023680240367,0.009940252385263193,0.0008859615384615385,0.0,0.009054290846801654,-0.0008859615384615385
1992-11-27,-0.014205480123056002,0.008193227518829005,0.0009198076923076924,0.0,0.007273419826521313,-0.0009198076923076924
1992-12-04,-0.06312527915585031,0.004407234987407804,0.0009038461538461538,-0.0018083187567836667,0.0035033888335616503,-0.0027121649106298207
1992-12-11,0.009934722234088422,0.0038577531990764413,0.0009136538461538463,0.0,0.002944099352922595,-0.0009136538461538463
1992-12-18,0.034768328188300224,0.017257373917030527,0.0008875,0.0,0.016369873917030528,-0.0008875
1992-12-25,0.0025094116054256155,-0.003427731634888076,0.0008894230769230769,0.0,-0.004317154711811153,-0.0008894230769230769
1993-01-01,-0.02281467776617152,-0.009274978537852974,0.0008765384615384615,-0.01734411345797282,-0.010151516999391435,-0.01822065191951128
1993-01-08,-0.032311304852346456,-0.015403422179065984,0.0008603846153846154,0.0,-0.0162638067944506,-0.0008603846153846154
1993-01-15,0.007913520590703715,0.018702923373769664,0.0008257692307692307,0.0,0.017877154143000434,-0.0008257692307692307
1993-01-22,-0.010565338638997002,-0.0023818805205566562,0.0008138461538461539,0.0,-0.00319572667440281,-0.0008138461538461539
1993-01-29,0.07319715615147615,0.006103643404571812,0.0008015384615384616,-0.10372485796337028,0.005302104943033351,-0.10452639642490874
1993-02-05,-0.002470967405007407,0.02286882507290411,0.0007869230769230769,0.0,0.02208190199598103,-0.0007869230769230769
1993-02-12,-0.01144575819512239,-0.009736957321055506,0.0008009615384615385,0.0,-0.010537918859517045,-0.0008009615384615385
1993-02-19,-0.009049835519917782,-0.023578698156672573,0.0007601923076923076,0.0,-0.024338890464364882,-0.0007601923076923076
1993-02-26,0.039609138095045626,0.020875872059716194,0.0007515384615384615,-0.037465359897052686,0.02012433359817773,-0.03821689835859115
1993-03-05,0.015892460662373153,0.006138368215708567,0.0007451923076923077,0.0,0.0053931759080162595,-0.0007451923076923077
1993-03-12,-0.025158559636154987,0.008304175229070232,0.0007805769230769231,0.0,0.007523598305993309,-0.0007805769230769231
1993-03-19,-0.009352763229428351,0.00077776917510608,0.0007548076923076923,0.0,2.2961482798387694e-05,-0.0007548076923076923
1993-03-26,0.009352763229428351,-0.005345462414340751,0.0007721153846153845,0.0,-0.006117577798956136,-0.0007721153846153845
1993-04-02,0.011690342585288338,-0.014373201993385543,0.0007611538461538462,-0.013881696486155892,-0.015134355839539388,-0.014642850332309738
1993-04-09,-0.02104310581471669,0.0010189872149659607,0.0007355769230769231,0.0,0.00028341029188903757,-0.0007355769230769231
1993-04-16,0.007881814202253423,0.015941422930467297,0.0007240384615384615,0.0,0.015217384468928835,-0.0007240384615384615
1993-04-23,-0.0019646371741646185,-0.026887405898521344,0.000715576923076923,0.0,-0.027602982821598267,-0.000715576923076923
1993-04-30,0.00929784041042847,0.007204609262607242,0.0007309615384615385,-0.008639362590707744,0.006473647724145703,-0.009370324129169282
1993-05-07,-0.004393465695338605,0.0048045418200679535,0.0007244230769230769,0.0,0.004080118743144876,-0.0007244230769230769
1993-05-14,-0.03231700572102936,-0.006236767128829257,0.0007611538461538462,0.0,-0.006997920974983103,-0.0007611538461538462
1993-05-21,0.004537441613953419,0.014185916682556865,0.0007890384615384615,0.0,0.013396878221018404,-0.0007890384615384615
1993-05-28,0.007017572658646554,0.009709572614586826,0.000815576923076923,-0.010905233482262577,0.008893995691509903,-0.0117208104053395
1993-06-04,-0.012566136704549091,-0.0002888086662675704,0.0008284615384615384,0.0,-0.0011172702047291087,-0.0008284615384615384
1993-06-11,-0.02302480839815324,-0.006240826211028505,0.000793076923076923,0.0,-0.007033903134105428,-0.000793076923076923
1993-06-18,-0.01828204483744944,-0.00803649913110327,0.0007963461538461539,0.0,-0.008832845284949424,-0.0007963461538461539
1993-06-25,-0.006876514798705546,0.008796394570302013,0.0007853846153846153,0.0,0.008011009954917398,-0.0007853846153846153
1993-07-02,-0.048392154213929395,-0.003939833176489493,0.0007551923076923077,-0.037993396439214955,-0.004695025484181801,-0.038748588746907266
1993-07-09,-0.003348217413659871,0.005123225631474604,0.0007642307692307692,0.0,0.004358994862243835,-0.0007642307692307692
1993-07-16,-0.02261260849011748,-0.005325112149504818,0.0007623076923076923,0.0,-0.0060874198418125105,-0.0007623076923076923
1993-07-23,0.01475622689091427,0.003024026496684762,0.0008076923076923078,0.0,0.002216334188992454,-0.0008076923076923078
1993-07-30,0.007297253823943528,0.0023010856528200563,0.0007936538461538461,-0.00800461678261355,0.0015074318066662102,-0.008798270628767396
1993-08-06,-0.01181448341376301,0.0012265698842677253,0.0007853846153846153,0.0,0.00044118526888311,-0.0007853846153846153
1993-08-13,0.04752275396566308,0.003248706713427474,0.0007624999999999999,0.0,0.0024862067134274737,-0.0007624999999999999
1993-08-20,-0.013036577894494084,0.013284979673911401,0.0007536538461538462,0.0,0.012531325827757555,-0.0007536538461538462
1993-08-27,0.027502407433129594,0.009556088865111612,0.0007469230769230769,0.0,0.008809165788188534,-0.0007469230769230769
1993-09-03,-0.05859874974978707,0.0017355842426711732,0.0007119230769230769,0.03164105761911751,0.0010236611657480962,0.030929134542194432
1993-09-10,-0.03501074937252069,0.0008233484745669983,0.0007275,0.0,9.584847456699838e-05,-0.0007275
1993-09-17,0.014497209539417799,-0.006278875660582273,0.0007434615384615384,0.0,-0.007022337199043811,-0.0007434615384615384
1993-09-24,0.011448321945992213,-0.0026187737289076196,0.0007405769230769231,0.0,-0.003359350651984543,-0.0007405769230769231
1993-10-01,0.05858028241449098,0.007965915104686694,0.0007373076923076923,0.02742903717006362,0.007228607412379001,0.026691729477755926
1993-10-08,0.005887092196779076,-0.0021267369127144775,0.0007259615384615385,0.0,-0.002852698451176016,-0.0007259615384615385
1993-10-15,-0.01939715988273516,0.01976812309912379,0.0007273076923076924,0.0,0.019040815406816097,-0.0007273076923076924
1993-10-22,-0.0170100123234036,-0.013358261182189857,0.0007498076923076923,0.0,-0.014108068874497549,-0.0007498076923076923
1993-10-29,-0.06575675042605988,0.009794944597785182,0.0007690384615384615,-0.0207771279417579,0.00902590613624672,-0.02154616640329636
1993-11-05,0.021053409197832273,-0.017813712371198775,0.0008026923076923078,0.0,-0.018616404678891082,-0.0008026923076923078
1993-11-12,-0.013986241974740299,0.01258449405163553,0.0007886538461538462,0.0,0.011795840205481684,-0.0007886538461538462
1993-11-19,0.0011730206623634665,-0.006013013947010926,0.0008069230769230768,0.0,-0.006819937023934002,-0.0008069230769230768
1993-11-26,-0.04067546363860952,0.000993885525713445,0.0008,0.0,0.00019388552571344487,-0.0008
1993-12-03,-0.09001287999338636,0.003944183139992674,0.0008076923076923078,0.009895627754223923,0.0031364908323003662,0.009087935446531616
1993-12-10,0.006657814206866952,-0.002067139686581676,0.0008107692307692308,0.0,-0.002877908917350907,-0.0008107692307692308
1993-12-17,-0.04408988078160103,0.00526707369372037,0.0007992307692307692,0.0,0.004467842924489601,-0.0007992307692307692
1993-12-24,0.0041522551007675546,0.002141878817476517,0.0008078846153846153,0.0,0.0013339942020919016,-0.0008078846153846153
1993-12-31,-0.021641333254981188,-0.0019917978806898162,0.0008142307692307692,-0.007688121339013421,-0.0028060286499205856,-0.00850235210824419
1994-01-07,0.07803211060985582,0.0073690727017998725,0.0007803846153846154,0.0,0.006588688086415257,-0.0007803846153846154
1994-01-14,-0.023779191766113872,0.01060540628925466,0.000794423076923077,0.0,0.009810983212331583,-0.000794423076923077
1994-01-21,-0.0013377928416598017,-0.00040015585551334,0.0007796153846153847,0.0,-0.0011797712401287247,-0.0007796153846153847
1994-01-28,0.026421616234438616,0.008348939855951976,0.0007867307692307693,0.0,0.007562209086721206,-0.0007867307692307693
1994-02-04,0.01872834849427507,-0.018745738746718033,0.0008444230769230769,-0.052047945687406116,-0.01959016182364111,-0.05289236876432919
1994-02-11,-0.051192279184676615,0.0007872424581307769,0.0008482692307692307,0.0,-6.102677263845381e-05,-0.0008482692307692307
1994-02-18,-0.04194495926487862,-0.005309916833899919,0.0008703846153846153,0.0,-0.006180301449284534,-0.0008703846153846153
1994-02-25,0.022909714223283473,-0.0034698458391382303,0.0009053846153846154,0.0,-0.0043752304545228455,-0.0009053846153846154
1994-03-04,0.0,-0.0028577280113708525,0.0009376923076923078,0.03087723856443958,-0.0037954203190631603,0.029939546256747274
1994-03-11,-0.006196233249542882,0.003651285226665024,0.0009461538461538461,0.0,0.002705131380511178,-0.0009461538461538461
1994-03-18,0.024557850781663948,0.009856079786087157,0.000963076923076923,0.0,0.008893002863010235,-0.000963076923076923
1994-03-25,0.019353290061030037,-0.022498909618349217,0.000985576923076923,0.0,-0.02348448654142614,-0.000985576923076923
1994-04-01,-0.02272825107755594,-0.03268344088350439,0.0010355769230769231,0.11075136429270271,-0.03371901780658131,0.1097157873696258
1994-04-08,0.051394709123198545,0.00297915930356929,0.0010407692307692307,0.0,0.001938390072800059,-0.0010407692307692307
1994-04-15,0.054371403782127015,-0.002059825195431131,0.001054423076923077,0.0,-0.0031142482723542078,-0.001054423076923077
1994-04-22,0.0416975235415995,0.0032445402759364583,0.0010765384615384615,0.0,0.002168001814397997,-0.0010765384615384615
1994-04-29,-0.014101291240605995,0.0073007647271623455,0.001103076923076923,0.03564733873023762,0.006197687804085423,0.0345442618071607
1994-05-06,0.025702349423368354,-0.006876397084409902,0.001175576923076923,0.0,-0.008051974007486825,-0.001175576923076923
1994-05-13,0.01885231497920925,-0.008251537917079332,0.0011598076923076922,0.0,-0.009411345609387025,-0.0011598076923076922
1994-05-20,0.030102607407911375,0.02398175127013058,0.0011071153846153846,0.0,0.022874635885515197,-0.0011071153846153846
1994-05-27,-0.009933856524290796,0.005283651645177301,0.0011459615384615384,0.0,0.004137690106715762,-0.0011459615384615384
1994-06-03,0.004979263399607525,0.006103827291056518,0.001126346153846154,0.007751976804317717,0.004977481137210364,0.006625630650471563
1994-06-10,-0.012215587768124259,-0.003178061011845479,0.001121346153846154,0.0,-0.004299407165691633,-0.001121346153846154
1994-06-17,0.10037604676776546,-0.00047976274472283365,0.0011244230769230771,0.0,-0.0016041858216459108,-0.0011244230769230771
1994-06-24,-0.02403593083010236,-0.03473303366142755,0.0011684615384615384,0.0,-0.03590149519988908,-0.0011684615384615384
1994-07-01,0.010810916104215362,0.007649081163950022,0.0011863461538461537,0.008649741579483283,0.006462735010103868,0.007463395425637129
1994-07-08,-0.03384858417123304,0.007479800432349748,0.0011978846153846154,0.0,0.006281915816965133,-0.0011978846153846154
1994-07-15,0.02613844574526558,0.010202476431689256,0.0011584615384615385,0.0,0.009044014893227717,-0.0011584615384615385
1994-07-22,0.011798033745634928,-0.0023146372497384604,0.001175,0.0,-0.0034896372497384602,-0.001175
1994-07-29,0.03458124583948674,0.011301787018464182,0.0011521153846153845,-0.003835095783942588,0.010149671633848797,-0.004987211168557972
1994-08-05,-0.06776210210081901,-0.002556400583777929,0.0011940384615384614,0.0,-0.0037504390453163908,-0.0011940384615384614
1994-08-12,-0.05137653176673096,0.0105547044705947,0.0011990384615384617,0.0,0.009355666009056239,-0.0011990384615384617
1994-08-19,-0.026998265236154673,0.0037596466143039464,0.0011890384615384614,0.0,0.002570608152765485,-0.0011890384615384614
1994-08-26,-0.02306907377440348,0.021590632592367598,0.0011923076923076924,0.0,0.020398324900059904,-0.0011923076923076924
1994-09-02,0.021928172338611773,-0.005948429356162244,0.001180576923076923,0.0,-0.007129006279239167,-0.001180576923076923
1994-09-09,0.008525200823359835,-0.005984025011797733,0.0012163461538461538,0.0,-0.007200371165643887,-0.0012163461538461538
1994-09-16,-0.038654942275389015,0.006408572344587249,0.001228076923076923,0.0,0.005180495421510326,-0.001228076923076923
1994-09-23,0.04766908781883261,-0.02475256897079614,0.0012482692307692307,0.0,-0.02600083820156537,-0.0012482692307692307
1994-09-30,0.030924606741181027,0.006548442673116384,0.001266346153846154,0.02185360128662106,0.005282096519270229,0.020587255132774908
1994-10-07,0.0005436259987101622,-0.01654010838103659,0.0012761538461538461,0.0,-0.017816262227190436,-0.0012761538461538461
1994-10-14,-0.07385716748744064,0.03029879031181615,0.001259423076923077,0.0,0.02903936723489307,-0.001259423076923077
1994-10-21,0.01682662270974644,-0.009015146871367286,0.0012963461538461538,0.0,-0.010311493025213439,-0.0012963461538461538
1994-10-28,0.04774846885332584,0.018921153401344704,0.0013107692307692308,0.0,0.017610384170575474,-0.0013107692307692308
1994-11-04,0.015242537894834651,-0.0245512037571487,0.0013515384615384615,0.0158511477376182,-0.02590274221868716,0.014499609276079737
1994-11-11,-0.025719611950928645,0.00015141191640655194,0.0013532692307692308,0.0,-0.0012018573143626789,-0.0013532692307692308
1994-11-18,-0.027537564722602603,-0.0019051336108022454,0.0013838461538461537,0.0,-0.0032889797646483993,-0.0013838461538461537
1994-11-25,0.03361661079898459,-0.020093479393004543,0.001384423076923077,0.0,-0.02147790246992762,-0.001384423076923077
1994-12-02,-0.06604562502701894,0.002230590926963316,0.0014303846153846153,0.03633460543295186,0.0008002063115787009,0.03490422081756724
1994-12-09,0.010538739225543381,-0.014085052795910435,0.0014438461538461538,0.0,-0.015528898949756589,-0.0014438461538461538
1994-12-16,-0.018219722335674593,0.026145280104322488,0.0014559615384615384,0.0,0.02468931856586095,-0.0014559615384615384
1994-12-23,0.028648553819158984,0.002242470704478805,0.001483846153846154,0.0,0.0007586245506326511,-0.001483846153846154
1994-12-30,0.023356231171155706,-0.0012185835475957418,0.001480576923076923,0.006225008985844216,-0.002699160470672665,0.004744432062767293
1995-01-06,-0.007914117055990655,0.0030653863886076493,0.0014655769230769232,0.0,0.0015998094655307262,-0.0014655769230769232
1995-01-13,-0.009122070096577506,0.01141759557020361,0.0014117307692307693,0.0,0.01000586480097284,-0.0014117307692307693
1995-01-20,0.0535244804157049,-0.0025570790188904624,0.0014382692307692308,0.0,-0.003995348249659693,-0.0014382692307692308
1995-01-27,-0.025846915892873135,0.01199796250303109,0.001393076923076923,0.0,0.010604885579954166,-0.001393076923076923
1995-02-03,0.04520235884582924,0.017386611226725357,0.0013726923076923076,-0.00801072374607914,0.01601391891903305,-0.009383416053771448
1995-02-10,-0.025891413932741525,0.005874404977657122,0.0014017307692307693,0.0,0.004472674208426352,-0.0014017307692307693
1995-02-17,0.02322545660862163,0.001058717390235664,0.0013540384615384616,0.0,-0.00029532107130279773,-0.0013540384615384616
1995-02-24,-0.002137894988525346,0.012658918838563515,0.0013188461538461537,0.0,0.011340072684717362,-0.0013188461538461537
1995-03-03,-0.00321543685397474,-0.005526294713119384,0.0013236538461538461,-0.03825603115553644,-0.00684994855927323,-0.03957968500169029
1995-03-10,-0.03941396854087653,0.008512959235839723,0.00131,0.0,0.007202959235839723,-0.00131
1995-03-17,0.016611677666896085,0.012080261413939475,0.0012846153846153845,0.0,0.01079564602932409,-0.0012846153846153845
1995-03-24,0.030821580040600427,0.010938502827558594,0.0012740384615384614,0.0,0.009664464366020132,-0.0012740384615384614
1995-03-31,0.02055408327743624,-0.0005191278768448271,0.0013034615384615383,0.008321823337491985,-0.0018225894153063654,0.007018361799030447
1995-04-07,0.017580597577466772,0.011339273345248202,0.0012771153846153846,0.0,0.010062157960632817,-0.0012771153846153846
1995-04-14,-0.023335256408964167,0.005533416373503464,0.0012501923076923078,0.0,0.0042832240658111555,-0.0012501923076923078
1995-04-21,0.0684330785956977,-0.0014542312824978865,0.0012365384615384614,0.0,-0.002690769744036348,-0.0012365384615384614
1995-04-28,-0.0014709490271749281,0.012158085651583939,0.001266346153846154,-0.03371105734231161,0.010891739497737784,-0.034977403496157765
1995-05-05,-0.01482973297105028,0.0104559189196749,0.0011859615384615385,0.0,0.009269957381213362,-0.0011859615384615385
1995-05-12,-0.03703187534773722,0.010385779086244717,0.0011901923076923077,0.0,0.00919558677855241,-0.0011901923076923077
1995-05-19,0.028529698600313846,-0.01217542846558306,0.0011894230769230768,0.0,-0.013364851542506138,-0.0011894230769230768
1995-05-26,-0.0632334966086332,0.00855361741537397,0.0011471153846153847,0.0,0.007406502030758586,-0.0011471153846153847
1995-06-02,0.02379176455733667,0.016778154530818767,0.0010646153846153846,-0.05682233586669616,0.01571353914620338,-0.05788695125131155
1995-06-09,-0.025398190605610438,-0.008619035864448676,0.001156153846153846,0.0,-0.009775189710602523,-0.001156153846153846
1995-06-16,-0.0005360493293733448,0.022271634293394627,0.0011048076923076923,0.0,0.021166826601086933,-0.0011048076923076923
1995-06-23,-0.06421685705931424,0.018136591263177237,0.0010790384615384616,0.0,0.017057552801638776,-0.0010790384615384616
1995-06-30,-0.0051590828100271935,-0.009063892617366953,0.0011140384615384617,0.010030174359937138,-0.010177931078905415,0.008916135898398677
1995-07-07,-0.02679251699657481,0.021106566726356135,0.0010669230769230769,0.0,0.02003964364943306,-0.0010669230769230769
1995-07-14,0.007058852839624485,0.006306795312061908,0.0010946153846153846,0.0,0.005212179927446523,-0.0010946153846153846
1995-07-21,-0.015953070974083605,-0.011261805044627593,0.0011496153846153846,0.0,-0.012411420429242977,-0.0011496153846153846
1995-07-28,0.03740938844248021,0.016676755665667287,0.001139423076923077,0.0,0.01553733258874421,-0.001139423076923077
1995-08-04,0.015936592262812965,-0.007113153615789791,0.0011361538461538462,-0.011038747314822128,-0.008249307461943637,-0.012174901160975974
1995-08-11,-0.005662529286627915,-0.0068758405624329555,0.0011640384615384616,0.0,-0.008039879023971417,-0.0011640384615384616
1995-08-18,-0.005694776210353858,0.007358781143299353,0.0011725000000000001,0.0,0.006186281143299353,-0.0011725000000000001
1995-08-25,0.01979142915059251,0.0015902657665227693,0.001128076923076923,0.0,0.00046218884344584625,-0.001128076923076923
1995-09-01,0.010027939186124435,0.006655184091973965,0.0011148076923076923,0.016016358388574403,0.005540376399666272,0.01490155069626671
1995-09-08,0.0022148403295525476,0.015556573184365874,0.0011175,0.0,0.014439073184365873,-0.0011175
1995-09-15,0.01863067586313072,0.018460252777739328,0.001100576923076923,0.0,0.017359675854662405,-0.001100576923076923
1995-09-22,-0.065624887349792,-0.002780926707229625,0.0011232692307692309,0.0,-0.0039041959379988557,-0.0011232692307692309
1995-09-29,0.016671843466668168,0.004596368734926415,0.0011251923076923077,-0.006975613736424968,0.003471176427234107,-0.008100806044117276
1995-10-06,-0.043700515854587785,-0.0032907733870422007,0.001100769230769231,0.0,-0.004391542617811431,-0.001100769230769231
1995-10-13,0.02818742106913774,0.003444763001603235,0.0010875000000000001,0.0,0.002357263001603235,-0.0010875000000000001
1995-10-20,-0.00697271854663839,0.00505137768191144,0.0010986538461538462,0.0,0.003952723835757593,-0.0010986538461538462
1995-10-27,0.022485813332088433,-0.01329743024834773,0.0010801923076923076,0.0,-0.014377622556040038,-0.0010801923076923076
1995-11-03,0.02254886968661296,0.018577443873104116,0.0010525,0.0019980026626726932,0.017524943873104114,0.0009455026626726932
1995-11-10,-0.021978906718775004,0.0036339398896103603,0.001061923076923077,0.0,0.0025720168126872832,-0.001061923076923077
1995-11-17,0.032514074854884445,0.012324202969384856,0.0010467307692307692,0.0,0.011277472200154088,-0.0010467307692307692
1995-11-24,-0.009420961892705915,-0.00016666111168195386,0.0010546153846153845,0.0,-0.0012212764962973384,-0.0010546153846153845
1995-12-01,0.025832708807678184,0.011616187621405594,0.0010223076923076924,-0.004000005333345769,0.010593879929097902,-0.005022313025653461
1995-12-08,0.008105961703960496,0.01715083772613024,0.0010367307692307692,0.0,0.016114106956899472,-0.0010367307692307692
1995-12-15,0.020773050561230466,-0.0018479199954724024,0.0010317307692307694,0.0,-0.0028796507647031715,-0.0010317307692307694
1995-12-22,0.008921602077885726,-0.007131838418989567,0.0010192307692307692,0.0,-0.008151069188220336,-0.0010192307692307692
1995-12-29,0.021194900406566575,0.0064663998136040846,0.0009903846153846154,-0.014127379259210926,0.005476015198219469,-0.015117763874595541
1996-01-05,0.005102051883895342,0.0012655764929085933,0.000995,0.0,0.0002705764929085933,-0.000995
1996-01-12,-0.08881730927179587,-0.024457116331586093,0.000993076923076923,0.0,-0.025450193254663016,-0.000993076923076923
1996-01-19,0.014905050985026147,0.016512685273050387,0.0009665384615384615,0.0,0.015546146811511926,-0.0009665384615384615
1996-01-26,-0.028906959942383903,0.01587450742085217,0.0009711538461538461,0.0,0.014903353574698323,-0.0009711538461538461
1996-02-02,0.003940337211922884,0.022617985795444717,0.0009438461538461539,-0.03306086226088789,0.021674139641598564,-0.03400470841473405
1996-02-09,-0.02387833746079382,0.03177769496890903,0.0009371153846153847,0.0,0.030840579584293648,-0.0009371153846153847
1996-02-16,0.0570305447776942,-0.012864822653926744,0.0009465384615384614,0.0,-0.013811361115465206,-0.0009465384615384614
1996-02-23,0.03524123361111586,0.016985091510796302,0.0009859615384615384,0.0,0.015999129972334762,-0.0009859615384615384
1996-03-01,0.01974090080623725,-0.02257182790494916,0.0010096153846153846,0.01769957709940062,-0.023581443289564543,0.016689961714785238
1996-03-08,-0.029759439651834363,-0.017013095523087607,0.001103076923076923,0.0,-0.01811617244616453,-0.001103076923076923
1996-03-15,0.0621509354430696,0.012440059088804745,0.0011290384615384617,0.0,0.011311020627266282,-0.0011290384615384617
1996-03-22,0.08904284469765189,0.014225695571357555,0.001105,0.0,0.013120695571357555,-0.001105
1996-03-29,-0.022110527630490484,-0.007900544134659349,0.0011078846153846154,0.01536128516148727,-0.009008428750043963,0.014253400546102656
1996-04-05,0.05790853350626968,0.015922141247101784,0.001165576923076923,0.0,0.01475656432402486,-0.001165576923076923
1996-04-12,-0.037621991789584364,-0.029633058650176736,0.0011419230769230768,0.0,-0.03077498172709981,-0.0011419230769230768
1996-04-19,-0.04051776573786592,0.013044545155290521,0.0011363461538461538,0.0,0.011908199001444367,-0.0011363461538461538
1996-04-26,0.05905774964360111,0.012922484276737478,0.0011396153846153848,0.0,0.011782868892122093,-0.0011396153846153848
1996-05-03,-0.052425797339849645,-0.018269508751733277,0.0011884615384615384,0.012121360532344916,-0.019457970290194814,0.010932898993883378
1996-05-10,-0.050349452882844314,0.016170775646348723,0.0011623076923076923,0.0,0.015008467954041031,-0.0011623076923076923
1996-05-17,-0.03537508825812319,0.025466932720123125,0.0011576923076923077,0.0,0.024309240412430818,-0.0011576923076923077
1996-05-24,0.0923128002653506,0.014249695629441561,0.001154423076923077,0.0,0.013095272552518484,-0.001154423076923077
1996-05-31,-0.07598590697792185,-0.013935801319561847,0.0011994230769230769,0.005007521730622244,-0.015135224396484924,0.003808098653699167
1996-06-07,-0.016841428930373326,0.0062424314210804965,0.0012192307692307691,0.0,0.005023200651849727,-0.0012192307692307691
1996-06-14,0.0035962021803523925,-0.011141427713194929,0.0012048076923076923,0.0,-0.012346235405502622,-0.0012048076923076923
1996-06-21,0.02130978658675131,0.001485717131676445,0.0012119230769230768,0.0,0.00027379405475336824,-0.0012119230769230768
1996-06-28,0.04898138704027,0.005667432008932494,0.001174423076923077,0.0,0.004493008932009416,-0.001174423076923077
1996-07-05,0.013767129379869125,-0.019864063953662914,0.0012363461538461538,0.0,-0.021100410107509068,-0.0012363461538461538
1996-07-12,-0.00047158689862447645,-0.01725992694955547,0.0012082692307692309,0.0,-0.018468196180324702,-0.0012082692307692309
1996-07-19,-0.020010196006885472,-0.011611748312433612,0.001193076923076923,0.0,-0.012804825235510535,-0.001193076923076923
1996-07-26,-0.03277378188652058,-0.0044405115997490086,0.0012069230769230768,0.0,-0.005647434676672085,-0.0012069230769230768
1996-08-02,0.05936604208904628,0.04096414513347213,0.0011369230769230768,0.01585761673333952,0.03982722205654905,0.014720693656416442
1996-08-09,-0.013207739167777621,-0.0005888614760332089,0.001134423076923077,0.0,-0.0017232845529562859,-0.001134423076923077
1996-08-16,0.04593709518702571,0.004686178347736103,0.0011403846153846154,0.0,0.003545793732351488,-0.0011403846153846154
1996-08-23,-0.004089985251525263,0.0027322421368731753,0.001176153846153846,0.0,0.0015560882907193292,-0.001176153846153846
1996-08-30,0.01311939197091938,-0.022805798029689406,0.001218846153846154,-0.005917177028088805,-0.02402464418353556,-0.0071360231819349584
1996-09-06,0.04051632983203568,0.005643640664813709,0.0012153846153846154,0.0,0.004428256049429094,-0.0012153846153846154
1996-09-13,0.03269236168554235,0.03721373562208807,0.001176153846153846,0.0,0.036037581775934226,-0.001176153846153846
1996-09-20,-0.03053672386008177,0.009491358718572762,0.0012009615384615386,0.0,0.008290397180111224,-0.0012009615384615386
1996-09-27,0.05773246666857146,-0.0012234020838173265,0.001166923076923077,0.0,-0.002390325160740403,-0.001166923076923077
1996-10-04,0.0052706385950078705,0.02200931993940447,0.0011244230769230771,-0.03728391537793607,0.020884896862481392,-0.03840833845485915
1996-10-11,-0.014664213896209866,-0.0011411292711205334,0.0011371153846153846,0.0,-0.0022782446557359183,-0.0011371153846153846
1996-10-18,0.03903130725587811,0.014396485219061006,0.001128653846153846,0.0,0.01326783137290716,-0.001128653846153846
1996-10-25,-0.01912408881042804,-0.01402547535450438,0.001133076923076923,0.0,-0.015158552277581302,-0.001133076923076923
1996-11-01,-0.0764623722499711,0.0040578403928126505,0.0011103846153846153,0.005120338887975251,0.002947455777428035,0.004009954272590635
1996-11-08,0.01551086676349378,0.03771559316508988,0.001105,0.0,0.036610593165089876,-0.001105
1996-11-15,0.026161829637074252,0.009261595444121085,0.0010882692307692308,0.0,0.008173326213351853,-0.0010882692307692308
1996-11-22,-0.010887879752511598,0.014949651045357726,0.0010915384615384615,0.0,0.013858112583819264,-0.0010915384615384615
1996-11-29,0.0,0.011011235280104614,0.0010738461538461537,-0.02586797108222383,0.00993738912625846,-0.026941817236069983
1996-12-06,0.05209297455811468,-0.02328017365473478,0.0010963461538461537,0.0,-0.024376519808580934,-0.0010963461538461537
1996-12-13,-0.04203842818716197,-0.014929716637595014,0.0011028846153846154,0.0,-0.01603260125297963,-0.0011028846153846154
1996-12-20,0.0444336389131168,0.02738562082473628,0.0011219230769230768,0.0,0.026263697747813203,-0.0011219230769230768
1996-12-27,0.0055666147720536685,0.010520400419602893,0.0011138461538461538,0.0,0.009406554265756739,-0.0011138461538461538
1997-01-03,0.014564319634923883,-0.011642719997627005,0.0011415384615384616,-0.008421102396408031,-0.012784258459165466,-0.009562640857946492
1997-01-10,-0.003915431783673373,0.015217237913740966,0.0011615384615384615,0.0,0.014055699452202504,-0.0011615384615384615
1997-01-17,-0.04247433311837501,0.021711246319537025,0.0011486538461538461,0.0,0.020562592473383177,-0.0011486538461538461
1997-01-24,-0.015676888717878867,-0.0073059567614075505,0.001165576923076923,0.0,-0.008471533684484474,-0.001165576923076923
1997-01-31,0.0041493835468116025,0.02009472246021371,0.0011363461538461538,-0.005299429466498751,0.018958376306367555,-0.006435775620344904
1997-02-07,-0.0900651598299369,0.004315494220615612,0.0011215384615384616,0.0,0.0031939557590771506,-0.0011215384615384616
1997-02-14,-0.0018140594543929467,0.02368011326881181,0.001108076923076923,0.0,0.022572036345734885,-0.001108076923076923
1997-02-21,-0.029481637719937837,-0.008334157849598789,0.0011226923076923076,0.0,-0.009456850157291096,-0.0011226923076923076
1997-02-28,-0.05230263704657245,-0.013751401872631241,0.0011703846153846155,-0.016068904939200213,-0.014921786488015856,-0.017239289554584827
1997-03-07,0.04526531032599612,0.017734627822014737,0.0011657692307692309,0.0,0.016568858591245506,-0.0011657692307692309
1997-03-14,-0.001885014695770959,-0.014767435195595091,0.0011825,0.0,-0.01594993519559509,-0.0011825
1997-03-21,0.014516761601671924,-0.011501011210911294,0.0012078846153846152,0.0,-0.01270889582629591,-0.0012078846153846152
1997-03-28,-0.038384243008315444,-0.013119740426590809,0.001239423076923077,0.0,-0.014359163503513886,-0.001239423076923077
1997-04-04,-0.07939879264806793,-0.02086537199230243,0.0012346153846153846,0.07086297201039438,-0.022099987376917814,0.06962835662577899
1997-04-11,0.025814546513961645,-0.027081993454407538,0.0012480769230769231,0.0,-0.028330070377484463,-0.0012480769230769231
1997-04-18,0.0025451782637508913,0.038156478128192894,0.0012248076923076924,0.0,0.0369316704358852,-0.0012248076923076924
1997-04-25,0.016137516111340844,-0.0012665584603750446,0.001256923076923077,0.0,-0.0025234815372981215,-0.001256923076923077
1997-05-02,-0.01970258227583699,0.06033483146657748,0.0011982692307692308,-0.012145898302108105,0.059136562235808245,-0.013344167532877335
1997-05-09,0.04049541058528172,0.014422475608165009,0.0011994230769230769,0.0,0.013223052531241931,-0.0011994230769230769
1997-05-16,0.08316600510046745,0.0060077664939477415,0.0012005769230769231,0.0,0.004807189570870818,-0.0012005769230769231
1997-05-23,-0.025109741957253462,0.020611662551056398,0.0011951923076923077,0.0,0.01941647024336409,-0.0011951923076923077
1997-05-30,-0.03528947695052942,0.0014746568197221421,0.0011923076923076924,-0.03734873930258731,0.00028234912741444975,-0.038541046994895
1997-06-06,-0.08858000476225625,0.011404984460835266,0.0011707692307692309,0.0,0.010234215230066035,-0.0011707692307692309
1997-06-13,-0.0026198600261260196,0.04027313236950025,0.0011555769230769232,0.0,0.03911755544642333,-0.0011555769230769232
1997-06-20,-0.008959216712637552,0.00606038786312979,0.0011515384615384617,0.0,0.004908849401591329,-0.0011515384615384617
1997-06-27,0.02972839524444071,-0.012766130823036015,0.0011588461538461537,0.0,-0.01392497697688217,-0.0011588461538461537
1997-07-04,0.005125587848812341,0.03283708360618398,0.0011390384615384615,-0.025697345495284463,0.03169804514464552,-0.026836383956822925
1997-07-11,-0.003585151087202032,-0.00026178010620725445,0.001130576923076923,0.0,-0.0013923570292841774,-0.001130576923076923
1997-07-18,-0.003083250130120785,-0.001506566950534527,0.0011326923076923076,0.0,-0.0026392592582268346,-0.0011326923076923076
1997-07-25,0.023398829476532157,0.0253399316333649,0.0011275,0.0,0.024212431633364898,-0.0011275
1997-08-01,0.019418085857101808,0.008855105504694372,0.0011290384615384617,-0.06266031499415892,0.00772606704315591,-0.06378935345569738
1997-08-08,-0.02698814471764699,-0.01446310597386713,0.0011517307692307693,0.0,-0.0156148367430979,-0.0011517307692307693
1997-08-15,0.026001464815201825,-0.03568945298777937,0.0011186538461538463,0.0,-0.036808106833933214,-0.0011186538461538463
1997-08-22,-0.02802986307659472,0.024930581458182388,0.0011401923076923078,0.0,0.02379038915049008,-0.0011401923076923078
1997-08-29,-0.0045789955356876355,-0.026419239053073085,0.0011451923076923078,0.02733655416375047,-0.027564431360765394,0.02619136185605816
1997-09-05,0.006100679826269051,0.03235685770650765,0.0011451923076923078,0.0,0.031211665398815338,-0.0011451923076923078
1997-09-12,-0.01377924327666502,-0.005547894378422846,0.0011371153846153846,0.0,-0.006685009763038231,-0.0011371153846153846
1997-09-19,0.0035906681307285027,0.028384018351337303,0.0011171153846153846,0.0,0.02726690296672192,-0.0011171153846153846
1997-09-26,0.06636097620052173,-0.005580978019831484,0.0011115384615384616,0.0,-0.0066925164813699456,-0.0011115384615384616
1997-10-03,0.08669188816902107,0.020741484306816105,0.001091923076923077,-0.02849195579430619,0.019649561229893028,-0.029583878871229267
1997-10-10,-0.027618681977639614,0.002018623777477302,0.0011226923076923076,0.0,0.0008959314697849943,-0.0011226923076923076
1997-10-17,-0.06532172447910956,-0.023882169407281495,0.0011326923076923076,0.0,-0.0250148617149738,-0.0011326923076923076
1997-10-24,0.011028642112447251,-0.002672607381476233,0.001104423076923077,0.0,-0.00377703045839931,-0.001104423076923077
1997-10-31,0.005231878759333064,-0.029114357459464557,0.0010792307692307692,0.019462549074912072,-0.030193588228695327,0.018383318305681302
1997-11-07,-0.006663518230770382,0.013994897626709246,0.0010953846153846153,0.0,0.01289951301132463,-0.0010953846153846153
1997-11-14,0.01045140154770774,0.0009052407588532319,0.0010938461538461538,0.0,-0.00018860539499292194,-0.0010938461538461538
1997-11-21,-0.06845291467037695,0.036738048521648636,0.0010888461538461538,0.0,0.03564920236780248,-0.0010888461538461538
1997-11-28,-0.03135697669306703,-0.008016764419267908,0.0011034615384615386,-0.004545462371674969,-0.009120225957729447,-0.005648923910136507
1997-12-05,-0.008916922444873077,0.029282358686102405,0.0011148076923076923,0.0,0.028167550993794713,-0.0011148076923076923
1997-12-12,-0.0288635750533337,-0.03138840570325474,0.0010757692307692308,0.0,-0.03246417493402397,-0.0010757692307692308
1997-12-19,0.005408342009260991,-0.006957300307372627,0.0010871153846153845,0.0,-0.008044415691988011,-0.0010871153846153845
1997-12-26,-0.01850896605495933,-0.010959944885760464,0.001090576923076923,0.0,-0.012050521808837387,-0.001090576923076923
1998-01-02,-0.043228734550820214,0.040371687051768745,0.001069423076923077,0.011325149357053643,0.039302263974845666,0.010255726280130566
1998-01-09,-0.03384220273355876,-0.049780870542988076,0.0009928846153846155,0.0,-0.050773755158372694,-0.0009928846153846155
1998-01-16,-0.009540919124626956,0.03580734013641074,0.0010278846153846154,0.0,0.03477945552102612,-0.0010278846153846154
1998-01-23,-0.058604494684486585,-0.004085253975130598,0.0010388461538461539,0.0,-0.005124100128976752,-0.0010388461538461539
1998-01-30,0.0892853672341909,0.023418533726141888,0.00102,-0.03787027405540977,0.022398533726141888,-0.03889027405540977
1998-02-06,-0.01758544731295908,0.03230004688568666,0.0010311538461538461,0.0,0.031268893039532814,-0.0010311538461538461
1998-02-13,-0.03981225413474254,0.007507845652464873,0.0010259615384615385,0.0,0.006481884114003335,-0.0010259615384615385
1998-02-20,-0.0006155740422144618,0.01374699154505521,0.0010375,0.0,0.01270949154505521,-0.0010375
1998-02-27,-0.050515790136901995,0.014523544864169402,0.001065,0.008153801726932475,0.013458544864169402,0.007088801726932475
1998-03-06,-0.009108716198240163,0.00603318647364226,0.0010713461538461538,0.0,0.004961840319796107,-0.0010713461538461538
1998-03-13,-0.05854345561261054,0.012164156955643435,0.0010532692307692309,0.0,0.011110887724874204,-0.0010532692307692309
1998-03-20,0.012396852976828576,0.02818751318561663,0.0010598076923076924,0.0,0.027127705493308937,-0.0010598076923076924
1998-03-27,0.137288869291329,-0.003390142680078867,0.0010826923076923077,0.0,-0.004472834987771175,-0.0010826923076923077
1998-04-03,-0.04703156820807397,0.024580389440755468,0.0010423076923076922,-0.005817352065912829,0.023538081748447775,-0.006859659758220521
1998-04-10,-0.0056444176196768225,-0.010773061650133364,0.001055,0.0,-0.011828061650133365,-0.001055
1998-04-17,0.0006287331235093063,0.010790875689378865,0.0010582692307692307,0.0,0.009732606458609634,-0.0010582692307692307
1998-04-24,-0.052915569569937926,-0.013287980977351843,0.0010730769230769231,0.0,-0.014361057900428766,-0.0010730769230769231
1998-05-01,0.06664861935735988,0.0117548125455329,0.0010711538461538462,0.02420867503733648,0.010683658699379053,0.023137521191182633
1998-05-08,-0.01625035759879978,-0.011538209956285073,0.0010742307692307694,0.0,-0.012612440725515843,-0.0010742307692307694
1998-05-15,-0.035271370225872456,0.0005322820137676487,0.001080576923076923,0.0,-0.0005482949093092743,-0.001080576923076923
1998-05-22,-0.035884248792389606,0.001568132981759618,0.0010803846153846154,0.0,0.00048774836637500247,-0.0010803846153846154
1998-05-29,0.028020512332175063,-0.01785364214120566,0.0010617307692307692,0.01581953894489274,-0.01891537291043643,0.014757808175661972
1998-06-05,-0.008589415213826612,0.02090175336993738,0.0010713461538461538,0.0,0.019830407216091226,-0.0010713461538461538
1998-06-12,-0.08153685587215165,-0.013576382432493261,0.0010467307692307692,0.0,-0.01462311320172403,-0.0010467307692307692
1998-06-19,-0.05322764101106259,0.0016458364516998003,0.001058076923076923,0.0,0.0005877595286228772,-0.001058076923076923
1998-06-26,0.07035868094124664,0.029144574597021133,0.001056923076923077,0.0,0.028087651520098057,-0.001056923076923077
1998-07-03,0.025848452730092397,0.011598554323077437,0.0010440384615384615,0.017778246021284083,0.010554515861538976,0.016734207559745622
1998-07-10,-0.020906684819313792,0.015501770986590557,0.0010392307692307693,0.0,0.014462540217359788,-0.0010392307692307693
1998-07-17,0.007017572658646554,0.019072664165397768,0.0010490384615384615,0.0,0.018023625703859306,-0.0010490384615384615
1998-07-24,-0.030531302939121208,-0.03948870777139568,0.0010523076923076924,0.0,-0.040541015463703374,-0.0010523076923076924
1998-07-31,0.02421770778226895,-0.017803049944015825,0.001053846153846154,-0.0022050725583140363,-0.01885689609786198,-0.00325891871216019
1998-08-07,-0.00493828164058252,-0.028253738995728916,0.0010246153846153847,-0.0033167526259938462,-0.0292783543803443,-0.0043413680106092305
1998-08-14,-0.036001008053110795,-0.02481309348138705,0.0010226923076923076,0.03053672386008177,-0.025835785789079357,0.029514031552389464
1998-08-21,-0.019993261301464393,0.017248642409508186,0.000999423076923077,0.0264986357743342,0.016249219332585108,0.025499212697411122
1998-08-28,0.009676294330532187,-0.05133028963366559,0.0009432692307692308,0.04599686626381905,-0.05227355886443483,0.045053597033049814
1998-09-04,0.07764667709031059,-0.05323515909496557,0.0009426923076923077,0.053488684950986354,-0.05417785140265788,0.05254599264329404
1998-09-11,-0.0020583197661543373,0.03547612248252019,0.000901923076923077,0.0009465216040309699,0.03457419940559711,4.459852710789289e-05
1998-09-18,0.07027410164299974,0.010871654277632814,0.0008863461538461538,0.0018903597311688003,0.00998530812378666,0.0010040135773226465
1998-09-25,0.008288220860102502,0.023886763648095055,0.0008455769230769232,-0.007582974724455571,0.02304118672501813,-0.008428551647532494
1998-10-02,-0.007008630154476947,-0.04118099649862206,0.0008009615384615385,-0.005725206478039535,-0.04198195803708359,-0.006526168016501074
1998-10-09,-0.059266848355974844,-0.01832974483626515,0.0008065384615384615,0.04673747785168958,-0.019136283297803612,0.04593093939015112
1998-10-16,-0.028209644921109778,0.07061895247327055,0.0007432692307692308,0.01720277823662819,0.06987568324250132,0.01645950900585896
1998-10-23,-0.01973284606032566,0.013398787252318911,0.0008036538461538462,-0.0026966308475993017,0.012595133406165065,-0.003500284693753148
1998-10-30,0.025993736077047913,0.025815736618505447,0.0007923076923076923,-0.001801802289262966,0.025023428926197754,-0.0025941099815706583
1998-11-06,-0.023860781126906705,0.03781347772833055,0.0008825,-0.005424968096864546,0.036930977728330545,-0.006307468096864546
1998-11-13,-0.020811658924685617,-0.013491004139702945,0.0008673076923076923,-0.00819303627157586,-0.014358311832010636,-0.009060343963883551
1998-11-20,-0.06749187485411445,0.033052845679129916,0.0008928846153846154,-0.01566130582553793,0.0321599610637453,-0.016554190440922545
1998-11-27,-0.08328042338151675,0.024433699343206605,0.0008886538461538462,-0.035920686057161255,0.02354504549705276,-0.0368093399033151
1998-12-04,-0.029955170835787914,-0.013161472684782183,0.0008565384615384615,-0.006760045057719211,-0.014018011146320643,-0.007616583519257672
1998-12-11,-0.017528932605762382,-0.008774382002811443,0.0008561538461538461,0.0029027596579611625,-0.00963053584896529,0.0020466058118073166
1998-12-18,-0.004430667416484901,0.018322951868399606,0.0008557692307692308,0.003857285399758048,0.017467182637630377,0.0030015161689888174
1998-12-25,-0.002667853961192179,0.03168056850543444,0.0009163461538461538,0.01243440219842773,0.030764222351588284,0.011518056044581577
1999-01-01,0.07047589118631192,0.002410915441868333,0.0008757692307692309,0.0009501188363203461,0.0015351462110991024,7.434960555111525e-05
1999-01-08,0.0835475702704418,0.03662880726028295,0.0009078846153846154,0.015080398891069713,0.03572092264489833,0.014172514275685097
1999-01-15,-0.07117627846789487,-0.025279802339542634,0.0008769230769230769,-0.03039170279551806,-0.02615672541646571,-0.031268625872441135
1999-01-22,0.03937832998708535,-0.01464102800447975,0.0008751923076923077,-0.0009647854100989228,-0.015516220312172058,-0.0018399777177912306
1999-01-29,0.004716989878138733,0.04348285436289867,0.0008788461538461539,-0.011650617219975068,0.04260400820905252,-0.012529463373821222
1999-02-05,-0.06479999322691521,-0.0319513968274574,0.0009224999999999999,0.0019512201312616995,-0.0328738968274574,0.0010287201312616995
1999-02-12,0.0008364701449661283,-0.007507536689539407,0.0009442307692307693,0.002919710103334694,-0.008451767458770177,0.0019754793341039247
1999-02-19,-0.005029348405002132,0.007362294578754813,0.0009515384615384616,0.0038797332855891042,0.006410756117216351,0.0029281948240506427
1999-02-26,0.030618858605336197,-0.000718451727136582,0.0009880769230769231,0.021073576790528126,-0.0017065286502135051,0.0200854998674512
1999-03-05,0.08884343857076704,0.029551040427014286,0.000983269230769231,0.006613155891717515,0.028567771196245054,0.005629886660948284
1999-03-12,0.07745805903900393,0.014879304570841079,0.0009588461538461538,-0.003773589383639475,0.013920458416994925,-0.004732435537485629
1999-03-19,0.058307971386935,0.0036239187191959843,0.0009669230769230768,-0.006638241541293777,0.0026569956422729073,-0.007605164618216854
1999-03-26,0.05139094586948989,-0.012772772588137471,0.0009575,0.0,-0.013730272588137471,-0.0009575
1999-04-02,0.028651761804046938,0.008476600520026523,0.0009511538461538461,-0.0028585059959636006,0.007525446673872676,-0.003809659842117447
1999-04-09,-0.004819286435949088,0.04135983334849147,0.0009365384615384615,-0.014416395761348788,0.04042329488695301,-0.015352934222887249
1999-04-16,0.0460258223952823,-0.022007748970203522,0.0009609615384615385,-0.006799443388923798,-0.02296871050866506,-0.007760404927385336
1999-04-23,0.03401688527825408,0.028291963056421565,0.0009676923076923076,-0.005865119452398204,0.027324270748729257,-0.006832811760090512
1999-04-30,0.03934933878854796,-0.016099722567656016,0.0009719230769230769,-0.0029455102297566427,-0.017071645644579095,-0.0039174333066797195
1999-05-07,-0.031575840455167814,0.007327898829859514,0.0009946153846153846,0.010758049966550498,0.006333283445244129,0.009763434581935113
1999-05-14,-0.005546325920555706,-0.005367539351632367,0.0010178846153846154,0.011605546120307952,-0.0063854239670169816,0.010587661504923337
1999-05-21,-0.032215275263376864,-0.005629510124106396,0.0010117307692307693,0.010521378741532583,-0.006641240893337165,0.009509647972301813
1999-05-28,-0.03328774496591702,-0.021618315207842187,0.0010409615384615386,0.015108880424802518,-0.022659276746303726,0.014067918886340978
1999-06-04,0.028104894320108542,0.019707131950149837,0.0010655769230769232,0.004675090328993825,0.018641555027072914,0.0036095134059169016
1999-06-11,0.06752913716297915,-0.026025830058176602,0.001095576923076923,0.009285117775679641,-0.027121406981253524,0.008189540852602718
1999-06-18,-0.01906895154793542,0.03732682391951769,0.0010678846153846153,-0.0009246417672188478,0.03625893930413308,-0.0019925263826034633
1999-06-25,0.011484949866896965,-0.02071439488976612,0.0011001923076923077,0.0073733052937523524,-0.021814587197458428,0.006273112986060045
1999-07-02,0.06830385403480443,0.05610868074086106,0.0010724999999999999,0.0073193373422699715,0.055036180740861064,0.006246837342269972
1999-07-09,0.018616889882755228,0.008631293520580563,0.0010721153846153847,-0.0018248180246294154,0.007559178135965178,-0.0028969334092448003
1999-07-16,0.032371634857492726,0.010984993845077007,0.0010501923076923078,-0.01379332213233564,0.0099348015373847,-0.014843514440027947
1999-07-23,-0.004353090308121921,-0.04456518270379828,0.0010678846153846153,-0.0018535686493228454,-0.045633067319182895,-0.002921453264707461
1999-07-30,-0.004859096052317824,-0.021016091886060018,0.001081153846153846,0.013818736707595924,-0.022097245732213864,0.012737582861442078
1999-08-06,0.02120561388298592,-0.021628756295996254,0.0010925,0.011823693905741894,-0.022721256295996254,0.010731193905741895
1999-08-13,0.03744003033262766,0.02084574164975539,0.0010976923076923078,0.01614384837135585,0.019748049342063083,0.015046156063663543
1999-08-20,0.0050401023073245454,0.006703499574387983,0.0010780769230769231,-0.007142887512380014,0.00562542265131106,-0.008220964435456937
1999-08-27,-0.02827534834163492,0.008685731432553467,0.0010875000000000001,0.0,0.007598231432553467,-0.0010875000000000001
1999-09-03,0.033744824146170416,0.006630936767592743,0.001081153846153846,0.007142887512380014,0.005549782921438897,0.006061733666226168
1999-09-10,0.06723374938095494,-0.0041197592322870236,0.001084423076923077,0.007975230574370329,-0.0052041823092101,0.006890807497447252
1999-09-17,0.0272496424473756,-0.012087617589150668,0.0010780769230769231,0.0026443382530900728,-0.01316569451222759,0.0015662613300131496
1999-09-24,0.02370360262974902,-0.044450401066153944,0.0010648076923076924,0.005267790934858851,-0.045515208758461635,0.004202983242551159
1999-10-01,-0.008925008533630319,0.004257536204629098,0.0010953846153846153,0.012184659016367227,0.0031621515892444824,0.011089274400982611
1999-10-08,-0.1595988000860431,0.04064206080834687,0.0011117307692307692,0.0,0.0395303300391161,-0.0011117307692307692
1999-10-15,0.08693170523720717,-0.06862564330984888,0.0011151923076923077,0.004315932465568828,-0.06974083561754119,0.0032007401578765205
1999-10-22,0.027233150458358946,0.042563288691820134,0.0011388461538461537,0.009429988439066506,0.04142444253797398,0.008291142285220352
1999-10-29,-0.07525673735759542,0.046004103651235084,0.0011128846153846154,0.003407158321614201,0.04489121903585047,0.0022942737062295855
1999-11-05,0.05064940897690429,0.005341814865412076,0.0010996153846153846,-0.012837146760680707,0.004242199480796691,-0.013936762145296091
1999-11-12,0.07937007698967102,0.01867537439836031,0.0011088461538461538,0.0017211708207729437,0.017566528244514157,0.0006123246669267899
1999-11-19,0.05383346469480754,0.01841034802178587,0.0011351923076923075,0.002576214391773135,0.017275155714093562,0.0014410220840808275
1999-11-26,0.027543714431323973,-0.003790578831876168,0.00115,0.0008572653761182991,-0.004940578831876168,-0.00029273462388170086
1999-12-03,-0.06814257648966127,0.011705725397860078,0.0011484615384615385,-0.0017152662867547797,0.01055726385939854,-0.002863727825216318
1999-12-10,-0.015659826137219834,-0.011409288984828514,0.0011369230769230768,-0.00862074304390692,-0.012546212061751591,-0.009757666120829997
1999-12-17,0.07069114531714327,0.0028117718229392352,0.0011817307692307691,-0.0017331026868352417,0.001630041053708466,-0.002914833456066011
1999-12-24,-0.024815169119724256,0.025916841774447086,0.0011980769230769232,0.0025985289632637354,0.024718764851370163,0.0014004520401868122
1999-12-31,-0.010491644712420811,0.007453263951032518,0.001195,-0.0017316021642779234,0.006258263951032518,-0.0029266021642779232
2000-01-07,-0.07458885699107265,-0.019088640285395364,0.001213076923076923,0.013769580723757002,-0.02030171720847229,0.01255650380068008
2000-01-14,0.1330051599122788,0.016294200080896992,0.0012365384615384614,0.009357788405560452,0.015057661619358531,0.008121249944021991
2000-01-21,0.03831332353734496,-0.016370513980817236,0.0012419230769230769,0.00506757841230554,-0.017612437057740314,0.003825655335382463
2000-01-28,-0.03536998072074793,-0.05798477243839617,0.0012609615384615385,0.0016835020811138968,-0.05924573397685771,0.0004225405426523583
2000-02-04,0.057117593348055884,0.046127270813198784,0.0012726923076923078,-0.0025263171331109113,0.044854578505506476,-0.0037990094408032193
2000-02-11,-0.014680445404215536,-0.02649995544583028,0.0012778846153846154,0.0025263171331109113,-0.027777840061214896,0.001248432517726296
2000-02-18,0.0017590154051796425,-0.03002556148254687,0.0012765384615384616,0.0016806726645186565,-0.03130209994408533,0.00040413420298019494
2000-02-25,0.0646483569331675,-0.009502021519949722,0.0012298076923076922,-0.007585371389256856,-0.010731829212257413,-0.008815179081564548
2000-03-03,0.03750843826367589,0.05529880633212958,0.0012490384615384616,0.002534855603188113,0.05404976787059112,0.0012858171416496515
2000-03-10,-0.054455180433623074,-0.010056285358048811,0.0012571153846153845,0.0008435259884391755,-0.011313400742664195,-0.00041358939617620904
2000-03-17,-0.025799122670241648,0.0485488090428694,0.0012471153846153847,0.009232126000302543,0.04730169365825401,0.007985010615687158
2000-03-24,-0.037132111756457586,0.0421128228726273,0.0012738461538461538,0.005000010416705614,0.040838976718781145,0.0037261642628594596
2000-03-31,-0.04079225430106792,-0.019088232071746702,0.0012459615384615385,0.03752479415089871,-0.020334193610208242,0.036278832612437174
2000-04-07,-0.09467840915321313,0.011788138216425104,0.0012242307692307691,-0.005620247632153408,0.010563907447194334,-0.006844478401384177
2000-04-14,-0.005737720659148682,-0.11135404766930446,0.0011990384615384617,0.003215436853974296,-0.11255308613084292,0.0020163983924358347
2000-04-21,0.06176031283726857,0.05589215671402492,0.0012234615384615385,0.0016038495819743481,0.05466869517556338,0.0003803880435128096
2000-04-28,-0.005424267464719357,0.012393775480776803,0.0012838461538461539,0.019048194970694432,0.011109929326930649,0.01776434881684828
2000-05-05,0.04482330260854672,-0.013726099886050669,0.0013123076923076923,-0.003938563578928189,-0.015038407578358361,-0.005250871271235882
2000-05-12,0.08778497565429877,-0.008179216397429023,0.0013263461538461539,0.003938563578928189,-0.009505562551275177,0.0026122174250820356
2000-05-19,0.01553035940778491,-0.009908458629945827,0.0013153846153846154,0.006269613013595521,-0.011223843245330442,0.004954228398210905
2000-05-26,0.005012541823544492,-0.02077655462386918,0.001283076923076923,0.010105021858194618,-0.022059631546946103,0.008821944935117695
2000-06-02,0.011599135843352038,0.06954133428140619,0.001251923076923077,-0.00077369442931019,0.0682894112044831,-0.0020256175062332666
2000-06-09,-0.036575121913529074,-0.013843811021335917,0.001258076923076923,-0.0101128827637047,-0.01510188794441284,-0.011370959686781623
2000-06-16,0.025642430613337375,0.005141364302194695,0.001221153846153846,-0.0062745303893883,0.0039202104560408495,-0.0074956842355421455
2000-06-23,0.0716542170364658,-0.015816210272788567,0.0012575,0.011732633608110277,-0.01707371027278857,0.010475133608110277
2000-06-30,0.007722046093910251,0.009060585174585079,0.0012234615384615385,-0.018046782447073362,0.00783712363612354,-0.0192702439855349
2000-07-07,-0.10775654624105213,0.016567619452283466,0.0012069230769230768,0.0007914523563115061,0.015360696375360389,-0.00041547072061157066
2000-07-14,0.04194542081424002,0.02079783751541786,0.0012298076923076922,-0.0023762387418830855,0.019568029823110168,-0.003606046434190778
2000-07-21,-0.06342182643749616,-0.019925947791401555,0.0012161538461538462,-0.003972988936775668,-0.0211421016375554,-0.005189142782929514
2000-07-28,-0.013394631000849255,-0.04159105409071806,0.0012076923076923078,0.004765696073014691,-0.042798746398410366,0.0035580037653223833
2000-08-04,0.061250652178484355,0.029861870179451522,0.0011798076923076922,-0.0007927071362390237,0.02868206248714383,-0.001972514828546716
2000-08-11,0.020483041851897532,0.006072044743373972,0.0012007692307692307,0.0007927071362390237,0.004871275512604741,-0.00040806209453020706
2000-08-18,0.03154429547675708,0.0134164978627771,0.0012023076923076922,0.004743091896012519,0.012214190170469407,0.003540784203704827
2000-08-25,0.014782467643393638,0.009826072915832818,0.0011917307692307691,0.0023631361922831218,0.008634342146602048,0.0011714054230523526
2000-09-01,0.04128395461262224,0.009460896012434716,0.001168846153846154,-0.007106228088295641,0.008292049858588562,-0.008275074242141795
2000-09-08,-0.018443455522966,-0.01742508279589927,0.001171923076923077,-0.003969834510911152,-0.01859700587282235,-0.0051417575878342295
2000-09-15,0.057802427081426355,-0.01938371204238809,0.0011667307692307693,-0.0015923570243630003,-0.02055044281161886,-0.0027590877935937696
2000-09-22,-0.06055261980034743,-0.011727582748517484,0.0011698076923076924,0.013454892334182844,-0.012897390440825177,0.012285084641875152
2000-09-29,-0.057950721296673446,-0.008463847173545425,0.0011498076923076924,0.010946160897497226,-0.009613654865853118,0.009796353205189533
2000-10-06,0.0022672074488965244,-0.01934342511812659,0.0011478846153846155,0.001554001866734378,-0.020491309733511206,0.0004061172513497625
2000-10-13,0.09909700677459066,-0.025023223166160236,0.001126346153846154,0.015408625352844929,-0.02614956932000639,0.014282279198998774
2000-10-20,-0.03518550197009951,0.01642705915334819,0.0011209615384615383,0.023423813674028793,0.015306097614886651,0.022302852135567253
2000-10-27,-0.006393689005527392,-0.012497866626638654,0.0011403846153846154,0.005214164513500652,-0.01363825124202327,0.004073779898116037
2000-11-03,-0.03702398295576659,0.033577970912211264,0.0011407692307692308,0.016943315083775445,0.032437201681442034,0.015802545853006215
2000-11-10,0.046750503405655675,-0.0434849561790589,0.0011326923076923076,0.010174506376309456,-0.044617648486751205,0.009041814068617149
2000-11-17,0.05788074481651728,0.0012730001353311593,0.001129423076923077,0.005767860258684809,0.0001435770584080824,0.004638437181761733
2000-11-24,0.010506982930333475,-0.019155482018136105,0.0011278846153846154,0.016399654533075125,-0.02028336663352072,0.01527176991769051
2000-12-01,-0.10035111257116025,-0.019978082591567414,0.0010776923076923077,0.03474984806473902,-0.02105577489925972,0.03367215575704671
2000-12-08,-0.13094706645241638,0.04071888936705026,0.0010465384615384616,0.016260520871780315,0.0396723509055118,0.015213982410241854
2000-12-15,-0.008221672764492371,-0.04306343139056068,0.0010328846153846154,-0.027940488761553528,-0.044096316005945296,-0.028973373376938144
2000-12-22,-0.06219620786990587,-0.004720953568215336,0.0009761538461538461,-0.005544019744116113,-0.005697107414369182,-0.006520173590269959
2000-12-29,0.023406127035057178,0.010897775628995632,0.00098,0.004160893659164611,0.009917775628995632,0.0031808936591646107
2001-01-05,0.013343415173684203,-0.016749607773193453,0.0008786538461538462,-0.016044990183346375,-0.0176282616193473,-0.01692364402950022
2001-01-12,0.05724023016235069,0.015263971177653879,0.0009405769230769231,-0.035066204595215034,0.014323394254576956,-0.03600678151829196
2001-01-19,0.048525210865901336,0.018205143394964374,0.0009105769230769231,-0.020604113732031415,0.01729456647188745,-0.02151469065510834
2001-01-26,-0.014009568691062402,0.009201211166523393,0.0009175,-0.02789476001879576,0.008283711166523393,-0.028812260018795763
2001-02-02,0.04659635559202702,-0.004052630508727617,0.0008917307692307691,-0.04375698035710007,-0.004944361277958386,-0.04464871112633084
2001-02-09,-0.014532792509262205,-0.026057783305960314,0.0008915384615384615,-0.016103407566578465,-0.026949321767498775,-0.016994946028116926
2001-02-16,-0.05826890812397556,-0.010113643953762796,0.0009075000000000001,-0.00978800636616306,-0.011021143953762797,-0.01069550636616306
2001-02-23,0.0013783599701211457,-0.04371444101148292,0.0008711538461538462,0.008975988457151196,-0.044585594857636766,0.00810483461099735
2001-03-02,-0.0422003544903764,-0.009419272557400937,0.0008582692307692308,-0.0016260166184185465,-0.010277541788170167,-0.0024842858491877775
2001-03-09,0.01568100556215324,-0.00061598316099154,0.000859423076923077,-0.00734997183873265,-0.0014754062379146171,-0.008209394915655727
2001-03-16,-0.049285336251844836,-0.06956809301088285,0.0008153846153846154,0.017066647477304908,-0.07038347762626747,0.016251262861920295
2001-03-23,0.014017197414387006,-0.009343577293141614,0.000819423076923077,0.021523349792563984,-0.01016300037006469,0.020703926715640905
2001-03-30,-0.03769806344912441,0.017825318939872048,0.0008038461538461538,-0.011102413804305211,0.017021472786025893,-0.011906259958151364
2001-04-06,0.04062418111851285,-0.02787716131014406,0.0007844230769230769,0.01817513483967348,-0.02866158438706714,0.0173907117627504
2001-04-13,0.0432441864739177,0.0476488638626984,0.0008357692307692308,0.01090353481410311,0.04681309463192917,0.01006776558333388
2001-04-20,-0.035966133969064895,0.049035572322639887,0.0008146153846153846,-0.005436906596735902,0.0482209569380245,-0.006251521981351286
2001-04-27,0.02471029934034341,0.00806885705308602,0.0008190384615384617,0.0031104224143923,0.007249818591547559,0.002291383952853838
2001-05-04,0.0031785299584279336,0.010763460873775443,0.0007971153846153845,0.0031007776782483454,0.00996634548916006,0.002303662293632961
2001-05-11,0.025070951001391784,-0.016670502446475943,0.0008296153846153846,-0.0410800257434647,-0.017500117831091327,-0.041909641128080086
2001-05-18,0.04241632125506767,0.0364869073538987,0.0008382692307692308,-0.0016142053545409318,0.03564863812312947,-0.002452474585310163
2001-05-25,-0.06678230218848968,-0.010950164865368706,0.0008207692307692307,-0.0032362487792085837,-0.011770934096137936,-0.0040570180099778145
2001-06-01,-0.01598329177481128,-0.013566954595147784,0.0008101923076923077,-0.013050756195490898,-0.014377146902840091,-0.013860948503183205
2001-06-08,0.024753739152938437,0.003397175457874546,0.0007986538461538461,-0.009901070982711424,0.0025985216117207,-0.01069972482886527
2001-06-15,-0.0003493449817191241,-0.04082331208584211,0.0007646153846153846,0.017263067423780587,-0.041587927470457496,0.016498452039165203
2001-06-22,-0.06458510969077214,0.009009328433509545,0.0007494230769230769,0.02970912999589137,0.008259905356586468,0.028959706918968292
2001-06-29,-0.021854675399899826,-0.0007592549869386289,0.0008157692307692308,0.005522696482651579,-0.0015750242177078597,0.004706927251882348
2001-07-06,0.053405348145237674,-0.028018279911523614,0.0007923076923076923,-0.0015748034750666662,-0.028810587603831306,-0.0023671111673743586
2001-07-13,-0.05760462898679464,0.020854608441735145,0.0007828846153846153,-0.003947893007584913,0.02007172382635053,-0.004730777622969528
2001-07-20,-0.007680529307777739,-0.003980998692750148,0.0007588461538461539,-0.0023762387418830855,-0.004739844846596303,-0.0031350848957292393
2001-07-27,0.04079115364375463,-0.0041627588901702595,0.0007428846153846154,-0.0007933360193961292,-0.004905643505554875,-0.0015362206347807445
2001-08-03,0.021962815449093398,0.007049120781889684,0.0007490384615384616,-0.023284873761070024,0.006300082320351222,-0.024033912222608485
2001-08-10,-0.010921113278556938,-0.020121202349241862,0.0007090384615384615,-0.006519990497281025,-0.020830240810780325,-0.007229028958819487
2001-08-17,-0.06463613449115524,-0.023970911326348876,0.000700576923076923,-0.004096687417330269,-0.024671488249425798,-0.004797264340407192
2001-08-24,0.04914338639635929,0.01956686057183088,0.0007246153846153845,0.0,0.018842245187215494,-0.0007246153846153845
2001-08-31,0.011090686694158247,-0.04430293478118852,0.0006978846153846154,0.0,-0.04500081939657313,-0.0006978846153846154
2001-09-07,0.035750331824069725,-0.043082143610027046,0.0006740384615384615,0.0024600258408624676,-0.04375618207156551,0.001785987379324006
2001-09-14,0.05352563590598791,0.006206637868552356,0.0005511538461538462,0.0016366615764678016,0.00565548402239851,0.0010855077303139555
2001-09-21,-0.13555091535735198,-0.12330376613236549,0.0005513461538461539,0.10323233281316835,-0.12385511228621164,0.1026809866593222
2001-09-28,-0.10292477315495274,0.07492265662684972,0.0005482692307692308,0.015368030228314122,0.07437438739608049,0.014819760997544892
2001-10-05,-0.02681821622340763,0.02882338604187762,0.0005232692307692308,-0.0072886620047052375,0.02830011681110839,-0.007811931235474468
2001-10-12,0.0004383081376326814,0.018742776000956418,0.0005390384615384616,0.0,0.018203737539417956,-0.0005390384615384616
2001-10-19,-0.02484599858653036,-0.016784605611257497,0.0005296153846153847,-0.011773498763751,-0.017314220995872882,-0.012303114148366386
2001-10-26,-0.010386185033147033,0.02858662397911882,0.0005048076923076923,-0.0059391414369609485,0.028081816286811126,-0.006443949129268641
2001-11-02,-0.07687025996408137,-0.015886747640053045,0.00047807692307692313,-0.011985162191030074,-0.01636482456312997,-0.012463239114106997
2001-11-09,0.09620104846012634,0.029999848868393464,0.0004665384615384616,-0.011368064828173097,0.029533310406855,-0.011834603289711558
2001-11-16,-0.20101705008326265,0.0162379174255598,0.0005792307692307693,-0.013814494443188607,0.01565868665632903,-0.014393725212419377
2001-11-23,0.031612597599841585,0.010214200703829945,0.0006057692307692308,0.0,0.009608431473060714,-0.0006057692307692308
2001-11-30,0.025001302205417186,-0.009511861005936595,0.0005463461538461539,-0.00853711044520944,-0.010058207159782749,-0.009083456599055593
2001-12-07,0.0005142710321623944,0.016416356414219457,0.0006155769230769231,-0.007039528483527846,0.015800779491142534,-0.0076551054066047695
2001-12-14,0.0020544434550138213,-0.03087823124028155,0.0006063461538461538,0.006259801348506677,-0.0314845773941277,0.005653455194660524
2001-12-21,0.006647940617747761,0.019224747501620953,0.0006017307692307692,-0.019693428890367848,0.018623016732390186,-0.020295159659598615
2001-12-28,0.03947552268453647,0.013990366574032187,0.0006071153846153847,-0.0055843782939004605,0.013383251189416802,-0.006191493678515845
2002-01-04,0.05759383538930862,0.009847820990341205,0.0006067307692307692,-0.005615738785635926,0.009241090221110436,-0.0062224695548666956
2002-01-11,-0.06201318950078116,-0.023218232862331156,0.000524423076923077,-0.011326981944676184,-0.023742655939254235,-0.011851405021599261
2002-01-18,-0.08522342729108301,-0.015854773909817155,0.0005646153846153847,-0.00571196983449429,-0.01641938929443254,-0.006276585219109675
2002-01-25,0.06884995309311082,0.0050423397087477895,0.0006121153846153846,0.002451983247286904,0.004430224324132405,0.0018398678626715195
2002-02-01,0.019321879282269805,-0.009825038688440202,0.0005901923076923076,-0.018122407004148577,-0.010415230996132509,-0.018712599311840886
2002-02-08,0.011707450794235186,-0.023423146025459474,0.0005586538461538461,0.0016611299500763899,-0.02398179987161332,0.0011024761039225438
2002-02-15,0.052892403104249475,0.007235079733745486,0.0005661538461538461,0.0008295313623754019,0.00666892588759164,0.0002633775162215558
2002-02-22,-0.031303653876965765,-0.013072081567352178,0.0005663461538461538,0.013179762444409882,-0.013638427721198332,0.012613416290563728
2002-03-01,0.061210731044896605,0.03776071812788295,0.0006123076923076924,0.010582109330536937,0.03714841043557526,0.009969801638229244
2002-03-08,0.07480925680839157,0.028337022272068246,0.0006844230769230769,-0.009764113374905126,0.02765259919514517,-0.010448536451828203
2002-03-15,0.02898753687325195,0.0015876629080002758,0.0006886538461538461,-0.014827289762417095,0.0008990090618464297,-0.015515943608570941
2002-03-22,0.01992097749455457,-0.015085431614398459,0.0007125,-0.0016611299500763899,-0.01579793161439846,-0.00237362995007639
2002-03-29,0.03717036501500903,-0.0011410703780248,0.0007136538461538462,-0.02015181543730815,-0.001854724224178646,-0.020865469283461998
2002-04-05,0.0037936312568396247,-0.021726578368734373,0.0006676923076923077,0.0008478169223398169,-0.02239427067642668,0.00018012461464750914
2002-04-12,-0.10868970813834666,-0.010493707905387062,0.0006467307692307692,-0.001696353248178628,-0.011140438674617831,-0.0023430840174093973
2002-04-19,0.10982499681279156,0.012664623834285571,0.0006373076923076923,-0.019717741255637744,0.012027316141977879,-0.020355048947945438
2002-04-26,0.02502464852708819,-0.044386320056202244,0.0006161538461538461,-0.014828008269617943,-0.045002473902356094,-0.015444162115771789
2002-05-03,-0.018239850543608327,-0.0026886863504991254,0.0006049230769230769,-0.005286355923148189,-0.003293609427422202,-0.005891279000071266
2002-05-10,0.02265649371870282,-0.017327840734538746,0.0006076346153846154,0.02357158457662356,-0.01793547534992336,0.022963949961238947
2002-05-17,-0.002942260305724087,0.04775192654196303,0.0006472884615384615,0.012859157048290104,0.04710463808042457,0.012211868586751643
2002-05-24,-0.04790657674724441,-0.020791377183249082,0.0006196346153846154,-0.01545095115571904,-0.021411011798633698,-0.016070585771103655
2002-05-31,-0.022270895075667152,-0.015509664859177263,0.000614,-0.0008654262764284937,-0.016123664859177263,-0.0014794262764284936
2002-06-07,-0.011524069518267677,-0.037824308667339324,0.0006027692307692307,0.006902529562770265,-0.03842707789810856,0.006299760332001035
2002-06-14,0.043791203157310665,-0.019904235331010156,0.0005548076923076922,0.02126834740392569,-0.020459043023317847,0.020713539711618
2002-06-21,-0.012317322777579243,-0.018173028960585036,0.0005460961538461538,-0.004217635944203213,-0.01871912511443119,-0.004763732098049367
2002-06-28,0.039488805676595184,0.0006771267850114171,0.0005404615384615385,0.050278409320737794,0.0001366652465498786,0.049737947782276255
2002-07-05,-0.0022363035782806406,-0.0007883406848421259,0.0005512692307692308,0.010395935291122704,-0.0013396099156113568,0.009844666060353474
2002-07-12,0.023235417432700967,-0.07084126543981473,0.0004848076923076923,0.010288970862389668,-0.07132607313212241,0.009804163170081976
2002-07-19,0.014836530516706858,-0.08328582252663441,0.00046350000000000004,0.02411629905986823,-0.08374932252663442,0.02365279905986823
2002-07-26,-0.04782080656215726,0.005974379760224302,0.0004265192307692308,0.012223223230775737,0.005547860529455071,0.011796704000006507
2002-08-02,0.011240283199419387,0.013278551381924686,0.0003846153846153846,0.022523474667083043,0.012893935997309302,0.022138859282467657
2002-08-09,-0.01766631173828559,0.050098468120393314,0.0003966346153846154,0.011808255286168468,0.049701833505008695,0.011411620670783853
2002-08-16,0.07802790255938508,0.02191215399130897,0.0004342115384615384,0.022489159623936494,0.02147794245284743,0.022054948085474955
2002-08-23,0.004200216185443306,0.012933220500563891,0.00041503846153846154,-0.016636911758154405,0.01251818203902543,-0.017051950219692868
2002-08-30,0.01215081778251248,-0.026701569652690438,0.0004132692307692308,-0.0296098611672031,-0.02711483888345967,-0.03002313039797233
2002-09-06,0.020830529519582086,-0.02447649525746609,0.00039301923076923075,0.004497758706831334,-0.024869514488235323,0.004104739476062103
2002-09-13,0.01342752634879929,-0.0046083289214911005,0.0003928653846153846,-0.012039272579617677,-0.005001194306106485,-0.01243213796423306
2002-09-20,-0.005014217425357348,-0.05120989744675075,0.0003688846153846154,-0.0015151518050107171,-0.05157878206213537,-0.0018840364203953324
2002-09-27,0.023187524454926223,-0.021546064130713916,0.00034521153846153843,0.029139155401326722,-0.021891275669175453,0.028793943862865184
2002-10-04,-0.030587490950833907,-0.03291553022949856,0.0003435,0.010985097649329756,-0.033259030229498554,0.010641597649329756
2002-10-11,-0.006435246594271415,0.04247841998619073,0.0003495576923076923,0.035066204595215034,0.04212886229388304,0.03471664690290734
2002-10-18,0.005759799084633421,0.0570832568499311,0.00039382692307692306,0.010493275715838912,0.056689429926854176,0.010099448792761988
2002-10-25,-0.09008735603752394,0.014882095498331083,0.0003809423076923077,-0.004184106522573838,0.014501153190638775,-0.004565048830266146
2002-11-01,0.002953121378349799,0.0036806241894709046,0.0003391538461538462,-0.021901263953101324,0.0033414703433170584,-0.02224041779925517
2002-11-08,-0.07697578507084257,-0.006927688228858919,0.0003555,-0.01294051127573459,-0.007283188228858919,-0.01329601127573459
2002-11-15,-0.016456321599479296,0.01672459559487649,0.00035975,-0.030862111382658153,0.01636484559487649,-0.031221861382658152
2002-11-22,0.07970021525950921,0.022518040317646815,0.00039582692307692306,-0.025700583108580588,0.022122213394569892,-0.02609641003165751
2002-11-29,0.0048462350207456595,0.0061708090353347345,0.00039544230769230764,-0.038241101246129006,0.005775366727642427,-0.03863654355382131
2002-12-06,0.0,-0.026054466963824296,0.0003581346153846154,-0.016847570572611215,-0.02641260157920891,-0.01720570518799583
2002-12-13,0.05639369029156649,-0.025255128950251837,0.00035473076923076924,0.001616815226905377,-0.025609859719482608,0.0012620844576746078
2002-12-20,0.06299955194298335,0.007024333873832056,0.00033228846153846156,-0.018753097469892843,0.006692045412293594,-0.019085385931431303
2002-12-27,0.07683879921922276,-0.022980431428268666,0.00030588461538461536,-0.0008233841552049981,-0.02328631604365328,-0.0011292687705896135
2003-01-03,0.010942358420944487,0.03721302256473269,0.0003365192307692308,-0.005782750521912128,0.03687650333396346,-0.006119269752681358
2003-01-10,-0.06623282143396425,0.02067431601033043,0.0003380769230769231,-0.03198925962546317,0.020336239087253506,-0.032327336548540093
2003-01-17,0.0625986563197447,-0.0281976754572959,0.00032228846153846153,-0.028635362190971847,-0.02851996391883436,-0.028957650652510308
2003-01-24,0.009661910911736626,-0.045811615254551796,0.00031580769230769233,0.0035149421074445186,-0.04612742294685949,0.003199134415136826
2003-01-31,0.006887285796211451,-0.006639125196000961,0.00032482692307692307,0.006121575740829499,-0.0069639521190778845,0.005796748817752576
2003-02-07,0.021842662959015158,-0.03086771037551639,0.0003109230769230769,0.002612104227925016,-0.031178633452439465,0.0023011811510019395
2003-02-14,0.03189467306120841,0.00624784259739819,0.00031096153846153844,0.01894974877966238,0.005936881058936651,0.01863878724120084
2003-02-21,0.006202444468246249,0.015781107752359524,0.0003061346153846154,-0.005132603226520427,0.015474973136974908,-0.005438737841905042
2003-02-28,0.02826455816963147,-0.008311084233080912,0.00029,-0.029593108147309533,-0.008601084233080912,-0.02988310814730953
2003-03-07,-0.006854036427792032,-0.014682546821907394,0.0002683076923076923,-0.014235115821871869,-0.014950854514215087,-0.014503423514179561
2003-03-14,-0.08583662648898249,0.005270262956774019,0.00029471153846153845,-0.017171682666025756,0.00497555141831248,-0.017466394204487295
2003-03-21,-0.21485961275173127,0.07234829120478192,0.0003423846153846154,0.003639676447449336,0.0720059065893973,0.0032972918320647204
2003-03-28,0.11401857840094065,-0.03671211291808518,0.00029565384615384615,-0.010959013789719307,-0.03700776676423903,-0.011254667635873154
2003-04-04,-0.052410769011450586,0.017620337072174586,0.00029857692307692305,-0.03551775205600949,0.017321760149097663,-0.03581632897908641
2003-04-11,-0.054203110617730754,-0.01207695759230809,0.0003140384615384615,-0.005725206478039535,-0.012390996053846552,-0.006039244939577996
2003-04-18,0.051403948538116584,0.02869858905923195,0.0003219423076923077,-0.022255393635261633,0.02837664675153964,-0.02257733594295394
2003-04-25,-0.0832597431740405,0.005835800069155184,0.0003017692307692308,-0.027779564107075938,0.005534030838385953,-0.02808133333784517
2003-05-02,-0.022723873991600918,0.03419893775805427,0.00030015384615384615,-0.046328408046646175,0.033898783911900425,-0.04662856189280002
2003-05-09,0.06266200505692732,0.003573943025747539,0.00027673076923076924,-0.004223871116185052,0.00329721225651677,-0.004500601885415821
2003-05-16,0.05065276730338297,0.011599365290234864,0.0002513653846153846,-0.010638398205055744,0.01134799990561948,-0.010889763589671128
2003-05-23,0.014160139897097856,-0.011802940718312449,0.00025857692307692306,0.004268949919576048,-0.012061517641389373,0.004010372996499125
2003-05-30,0.013624188939543647,0.03202492138605262,0.00025417307692307697,0.0031897953681001567,0.03177074830912954,0.0029356222911770796
2003-06-06,0.02340461228020896,0.024773860322724772,0.00023882692307692306,-0.018211537063937744,0.02453503339964785,-0.018450363987014665
2003-06-13,-0.031215825370850325,0.0008601628767976877,0.0002076923076923077,-0.0464685369084652,0.00065247056910538,-0.0466762292161575
2003-06-20,0.0051011843317763095,0.007136048021621377,0.0002230576923076923,-0.007959109667568853,0.006912990329313685,-0.008182167359876546
2003-06-27,-0.0071489666173412125,-0.019747993309729317,0.0002591153846153846,0.00682596507040012,-0.020007108694344702,0.006566849685784735
2003-07-04,0.03853718612735202,0.009664077823215322,0.00025028846153846157,0.0,0.00941378936167686,-0.00025028846153846157
2003-07-11,0.02049852154834131,0.012541498362795167,0.00024432692307692306,-0.005685063634608412,0.012297171439718244,-0.005929390557685335
2003-07-18,-0.0006443299191989382,-0.004840679111726587,0.00028561538461538465,-0.019574603124629775,-0.005126294496341972,-0.01986021850924516
2003-07-25,-0.02810642528931906,0.00538153909225958,0.0002884615384615385,0.006952519314881833,0.005093077553798041,0.0066640577764202945
2003-08-01,0.06852872666543686,-0.018728785838288076,0.00034096153846153846,0.06914682422376561,-0.019069747376749616,0.06880586268530407
2003-08-08,-0.0074557661313434664,-0.002615261943989644,0.00032582692307692304,0.01603454984725694,-0.002941088867066567,0.01570872292418002
2003-08-15,-0.034256441905406554,0.0132911226689858,0.00034509615384615384,0.01890812633683492,0.012946026515139646,0.018563030182988764
2003-08-22,0.027058789176525266,0.002409603279074801,0.000368,-0.042514372714985704,0.0020416032790748014,-0.042882372714985705
2003-08-29,-0.008516058406281779,0.01494228403652098,0.0003784423076923077,-0.026404174196510866,0.014563841728828674,-0.026782616504203174
2003-09-05,-0.08975074922417559,0.013186354464941097,0.00033028846153846156,-0.020270964373619194,0.012856066003402635,-0.020601252835157655
2003-09-12,-0.016067408178564335,-0.002705857475890028,0.00031103846153846156,-0.01374592090463489,-0.0030168959374284893,-0.014056959366173351
2003-09-19,-0.047963041540950435,0.017198089984095333,0.00031975,-0.02215834098863878,0.016878339984095332,-0.02247809098863878
2003-09-26,0.039476427663631686,-0.03881164890133615,0.00029871153846153844,0.002355713692459016,-0.03911036043979769,0.0020570021539974776
2003-10-03,0.07654007712233435,0.032568132261650895,0.0003140384615384615,-0.010644689511414285,0.03225409380011243,-0.010958727972952746
2003-10-10,0.050980745549250805,0.007940425972999599,0.0003155961538461538,-0.015578505587688252,0.007624829819153444,-0.015894101741534404
2003-10-17,-0.04116069936827538,0.0012130666074678942,0.0003566923076923077,-0.015825041144396756,0.0008563742997755865,-0.016181733452089064
2003-10-24,-0.017746111453396107,-0.01006666367891551,0.00033157692307692304,0.0048959706122064794,-0.010398240601992433,0.004564393689129556
2003-10-31,-0.03543478538222322,0.02096613666194802,0.0003495192307692307,-0.012285166794577584,0.02061661743117879,-0.012634686025346816
2003-11-07,0.048610206540787626,0.0023765173358603064,0.0003858653846153846,0.002469137056920978,0.0019906519512449218,0.0020832716723055934
2003-11-14,0.039145196810250305,-0.0027192015081576315,0.0003470576923076923,-0.01490710834913811,-0.003066259200465324,-0.015254166041445801
2003-11-21,-0.005363634881043744,-0.014451520428274911,0.00034898076923076923,-0.0012523483164659233,-0.01480050119750568,-0.0016013290856966924
2003-11-28,-0.038702024538253,0.02189742995661703,0.00039301923076923075,-0.011342276603934387,0.0215044107258478,-0.011735295834703618
2003-12-05,0.007534843183117257,0.003113650673279622,0.000359,-0.02048727225845237,0.002754650673279622,-0.020846272258452373
2003-12-12,0.07268491607612582,0.011837339247683154,0.0003464423076923077,-0.0038885337396923347,0.011490896939990846,-0.004234976047384643
2003-12-19,0.0021221775434656642,0.013436426315976746,0.00034311538461538464,-0.03300629646816988,0.013093310931361362,-0.03334941185278527
2003-12-26,-0.004857325882860142,0.006610050800586187,0.0003482884615384615,-0.00944039377908723,0.006261762339047725,-0.009788682240625693
2004-01-02,-0.010400827929511802,0.01142288898640409,0.0003652115384615385,-0.0013559324111358517,0.011057677447942551,-0.0017211439495973902
2004-01-09,0.04538720383320438,0.011998314619759753,0.00031846153846153846,-0.0586760466245444,0.011679853081298215,-0.058994508163005936
2004-01-16,-0.0008819638966528487,0.01589110634789126,0.0003211346153846154,-0.010123007631448688,0.015569971732506644,-0.010444142246833304
2004-01-23,0.027271780089749065,0.0015078595638504666,0.00031919230769230766,-0.014641549992947978,0.001188667256158159,-0.014960742300640286
2004-01-30,-0.05561073840821562,-0.00916985498599221,0.00034978846153846155,0.04893062347158028,-0.009519643447530672,0.04858083501004182
2004-02-06,-0.04044385119943206,0.010229255954484984,0.0003356923076923077,0.03992271388411117,0.009893563646792676,0.039587021576418864
2004-02-13,0.07171966919120809,0.0026654214690564615,0.00032128846153846156,-0.03153105624786279,0.002344133007518,-0.03185234470940125
2004-02-20,0.004681108606502615,-0.001484768299599537,0.00032726923076923075,0.004169568236724874,-0.0018120375303687679,0.0038422990059556435
2004-02-27,0.0539750426280019,0.0007251917051833701,0.0003155769230769231,0.005532517569725615,0.000409614782106447,0.005216940646648692
2004-03-05,0.007713536867782089,0.010365848461711735,0.00030009615384615383,-0.015288692515090352,0.010065752307865581,-0.015588788668936506
2004-03-12,-0.024164486431393684,-0.031880597929961674,0.00029217307692307697,-0.004210532536343514,-0.03217277100688475,-0.004502705613266591
2004-03-19,0.05603323791252013,-0.009675686936022387,0.00029038461538461537,0.013966707481708251,-0.009966071551407003,0.013676322866323636
2004-03-26,-0.051545151837565584,-0.0015510589986913459,0.00030378846153846157,0.006910877539846982,-0.0018548474602298076,0.006607089078308521
2004-04-02,-0.03822484759114353,0.030003984127418448,0.000355,0.006863444924982476,0.029648984127418447,0.0065084449249824755
2004-04-09,0.06200915458694034,-0.0021831294042478078,0.00035728846153846157,-0.005486982216259317,-0.002540417865786269,-0.005844270677797779
2004-04-16,0.010872626813247521,-0.0041426136563469385,0.00038165384615384613,0.016371443414682663,-0.004524267502500784,0.015989789568528815
2004-04-23,-0.014431836593845837,0.00526546018998264,0.00042923076923076926,0.0,0.004836229420751871,-0.00042923076923076926
2004-04-30,0.024920032776899692,-0.029620789082906107,0.00044509615384615383,0.016107730815932975,-0.03006588523675226,0.01566263466208682
2004-05-07,0.060467243115743585,-0.007805987932696823,0.0005034230769230769,0.05693646289019716,-0.0083094110096199,0.056433039813274084
2004-05-14,0.039259454823826534,-0.002734234295487248,0.00048655769230769233,0.05981037994162497,-0.0032207919877949402,0.05932382224931728
2004-05-21,-0.03373457889185705,-0.0019549991153127166,0.0004886538461538461,-0.016726793805313278,-0.0024436529614665628,-0.017215447651467125
2004-05-28,-0.0012529759814920993,0.024497214613591112,0.0004869807692307693,-0.020694591242833127,0.02401023384436034,-0.021181572012063898
2004-06-04,-0.03547647779798302,0.0016226967067831666,0.0005168076923076923,-0.0012307693861326463,0.0011058890144754743,-0.0017475770784403386
2004-06-11,0.004148307737776413,0.012368626495405266,0.0005393461538461539,-0.0012322860462652407,0.011829280341559112,-0.0017716322001113947
2004-06-18,0.009014871096215238,-0.0012766952061875614,0.0005350769230769231,-0.006184311608784299,-0.0018117721292644844,-0.0067193885318612215
2004-06-25,-0.03788826791950273,-0.0005199497792789387,0.0005257307692307692,-0.01122906371641319,-0.001045680548509708,-0.01175479448564396
2004-07-02,0.022123630802562744,-0.008009565744120373,0.00048507692307692314,-0.006293286975789236,-0.008494642667197296,-0.006778363898866159
2004-07-09,0.04457633435548569,-0.01123240847261009,0.0004831153846153846,-0.013986241974739855,-0.011715523857225473,-0.014469357359355239
2004-07-16,0.028489156598794807,-0.010306250081236534,0.00047948076923076926,-0.015484180334042197,-0.010785730850467303,-0.015963661103272967
2004-07-23,0.009878408241867032,-0.013896731227636572,0.0005094423076923076,0.005188079081777985,-0.01440617353532888,0.004678636774085677
2004-07-30,0.048892909173546606,0.014187228342864344,0.0005148269230769231,0.015404669194986287,0.01367240141978742,0.014889842271909363
2004-08-06,-0.006413214834713354,-0.03486539992824156,0.0004583269230769231,-0.015404669194986287,-0.03532372685131848,-0.01586299611806321
2004-08-13,0.05607275528146305,0.0007797930655337737,0.00047180769230769227,0.0038734715957966515,0.00030798537322608143,0.003401663903488959
2004-08-20,0.014878980690821386,0.031022065579293212,0.0004680576923076923,-0.012970350442627065,0.03055400788698552,-0.013438408134934758
2004-08-27,-0.07879491343331013,0.008539931871633044,0.00047686538461538455,-0.009180392344961597,0.00806306648701766,-0.009657257729576981
2004-09-03,0.018584910273967026,0.005275964340634154,0.0004958461538461538,-0.006609409387673626,0.004780118186788,-0.00710525554151978
2004-09-10,-0.02649008978108025,0.00919762467093399,0.0004771730769230769,-0.0146963232901971,0.008720451594010914,-0.015173496367120176
2004-09-17,0.06221614864580216,0.0041110483343693716,0.00047569230769230767,-0.012187016103243575,0.003635356026677064,-0.012662708410935882
2004-09-24,0.06967992063798967,-0.016474513382277678,0.0004936538461538461,-0.006835296605857355,-0.016968167228431523,-0.007328950452011201
2004-10-01,0.02505181516452737,0.01908507657810432,0.0005041538461538461,0.010914160180678367,0.018580922731950476,0.01041000633452452
2004-10-08,0.05473906677108786,-0.008306609591374858,0.0004964807692307692,-0.013661414655817383,-0.008803090360605628,-0.014157895425048153
2004-10-15,0.01926913983159606,-0.012500499048967662,0.0004838846153846154,0.0013745706631667076,-0.012984383664352277,0.0008906860477820922
2004-10-22,0.02199099065378851,-0.011316269639487508,0.0004838846153846154,-0.002751033371889866,-0.011800154254872124,-0.0032349179872744813
2004-10-29,-0.06380167709169493,0.0309738004019815,0.000490076923076923,-0.023694488292668625,0.030483723478904576,-0.024184565215745548
2004-11-05,-0.042223671928990125,0.031330266685885455,0.0005310192307692307,-0.028614255518468967,0.030799247455116224,-0.029145274749238198
2004-11-12,-0.04556080134962803,0.015317232336626851,0.0005411153846153847,0.01010838932076119,0.014776116952011467,0.009567273936145806
2004-11-19,0.030739699676527454,-0.011747802351360193,0.0005609230769230769,-0.011560822401076143,-0.01230872542828327,-0.01212174547799922
2004-11-26,0.011186936558881033,0.010463378348717356,0.0005825192307692307,-0.0029112102074582147,0.009880859117948126,-0.0034937294382274453
2004-12-03,-0.14539061776666617,0.007178334149337218,0.0005607115384615385,0.005813969865419821,0.006617622610875679,0.005253258326958283
2004-12-10,-0.03305496518259554,-0.002664796442359396,0.0005639038461538461,-0.017544309650909584,-0.003228700288513242,-0.01810821349706343
2004-12-17,0.11864232679411257,0.005222031663526749,0.0005768076923076923,-0.0029542118974315024,0.004645223971219057,-0.003531019589739195
2004-12-24,-0.05268435900231516,0.01323453925014828,0.0005754230769230769,-0.0014803851704341398,0.012659116173225203,-0.0020558082473572164
2004-12-31,-0.01666134628056959,0.00147808701380292,0.0005894423076923077,0.0014803851704341398,0.0008886447061106123,0.000890942862741832
2005-01-07,0.04939275532957632,-0.021459388762548492,0.0006132884615384616,0.01176484157958635,-0.022072677224086953,0.011151553118047887
2005-01-14,0.06117855637614733,-0.0014088608697235827,0.0006200769230769231,0.018827493137973494,-0.0020289377928005056,0.01820741621489657
2005-01-21,0.0,-0.01415605239394413,0.0006042115384615385,0.011412392051744824,-0.014760263932405667,0.010808180513283286
2005-01-28,-0.0282120894375959,0.0029838900744803,0.0006259807692307693,-0.008547060578458332,0.0023579093052495306,-0.009173041347689101
2005-02-04,-0.014947961435873403,0.026677907421268188,0.000630923076923077,-0.01877311450792507,0.02604698434434511,-0.019404037584848148
2005-02-11,0.02800352695375441,0.0018851242746968921,0.0006391538461538462,-0.002919710103334916,0.001245970428543046,-0.003558863949488762
2005-02-18,0.02499871942404619,-0.0030828188560745318,0.0006605769230769231,-0.0029282597790882825,-0.0037433957791514548,-0.0035888367021652055
2005-02-25,0.049363255136593676,0.008106270766955248,0.0006772884615384616,-0.008836581800498067,0.007428982305416786,-0.009513870262036529
2005-03-04,0.052768220908618435,0.008843287546818068,0.0006838461538461538,0.007369230106548219,0.008159441392971915,0.006685383952702065
2005-03-11,0.01535679173873472,-0.0182070168313615,0.0007146153846153846,0.016023649468157375,-0.018921632215976883,0.01530903408354199
2005-03-18,0.03774032798284743,-0.008729075023196309,0.0007103269230769231,0.032696587076338046,-0.009439401946273232,0.03198626015326112
2005-03-25,-0.042833099994136425,-0.015442458100348055,0.0007405192307692307,0.04912310907012718,-0.016182977331117288,0.04838258983935795
2005-04-01,0.04335707171165204,0.001279678037056975,0.0007163653846153846,0.02498486308359471,0.0005633126524415903,0.024268497698979326
2005-04-08,-0.04682771178321854,0.007034504735620395,0.0007194615384615385,-0.018349138668196652,0.006315043197158856,-0.01906860020665819
2005-04-15,-0.048552315056128226,-0.03320699979421171,0.0006711923076923078,0.04145671367834636,-0.03387819210190402,0.04078552137065405
2005-04-22,0.0620021724785933,0.008279852421976486,0.0006917307692307692,-0.006365393867076019,0.007588121652745717,-0.007057124636306788
2005-04-29,-0.1079918054025022,0.004097070656158053,0.0007018269230769231,0.03513535812460944,0.0033952437330811297,0.034433531201532516
2005-05-06,0.05763876685278735,0.012456135623103215,0.0007145384615384616,0.013472340940767324,0.011741597161564754,0.012757802479228864
2005-05-13,-0.04643864977325096,-0.014879435091034843,0.0006889615384615385,0.02285126491676781,-0.01556839662949638,0.022162303378306273
2005-05-20,-0.032955575090032774,0.030070587291223916,0.0007034038461538462,-0.009558017806105212,0.02936718344507007,-0.010261421652259059
2005-05-27,0.06370312604352213,0.007956290976339986,0.0006997884615384615,-0.0517356743991888,0.007256502514801524,-0.05243546286072726
2005-06-03,0.05952355639613138,-0.0023049951745370834,0.0006840961538461538,-0.02172609417792648,-0.0029890913283832374,-0.022410190331772634
2005-06-10,-0.006380479215918555,0.0017459373809369794,0.0007097692307692307,0.014111844192680856,0.0010361681501677485,0.013402074961911625
2005-06-17,0.07908563511631428,0.015610630580171758,0.0007116730769230769,-0.008957193604016478,0.014898957503248681,-0.009668866680939555
2005-06-24,0.011090686694158691,-0.021084180451329537,0.0006875192307692308,0.0,-0.02177169968209877,-0.0006875192307692308
2005-07-01,-0.018383180641953878,0.002405690993868781,0.00071925,-0.00903815061506208,0.001686440993868781,-0.009757400615062079
2005-07-08,0.031663588309847945,0.014478913123697978,0.0007241730769230769,-0.0012978587156000643,0.013754740046774901,-0.0020220317925231414
2005-07-15,-0.02521633150137781,0.013165311599021123,0.0007421346153846154,-0.01702726141028066,0.012423176983636508,-0.017769396025665275
2005-07-22,-0.008150834733253731,0.0046798915442476385,0.0007506923076923077,0.0013201322049227748,0.00392919923655533,0.0005694398972304671
2005-07-29,0.03221214589337151,0.0004052093772273224,0.0007720576923076923,-0.009277733878236827,-0.0003668483150803699,-0.010049791570544519
2005-08-05,0.0437696024665426,-0.006307425608975237,0.0007882307692307691,0.01716213740238537,-0.007095656378206006,0.0163739066331546
2005-08-12,0.06263049151317013,0.0032318359624676773,0.0007756346153846153,0.0026143805740712622,0.002456201347083062,0.001838745958686647
2005-08-19,-0.023731963874662476,-0.008718066727142926,0.0007726153846153846,-0.003924138456134596,-0.009490682111758311,-0.004696753840749981
2005-08-26,0.005154650588664822,-0.012050574519631319,0.0007818653846153845,-0.00262467342277084,-0.012832439904246703,-0.0034065388073862245
2005-09-02,0.02154159587751181,0.010664038462931735,0.0007215769230769231,0.010457611643957865,0.009942461539854812,0.009736034720880941
2005-09-09,-0.04031647385403847,0.019077626777277423,0.0007434807692307692,0.0012995453420856506,0.018334146008046653,0.0005560645728548815
2005-09-16,-0.024330582599550787,-0.002879742571472832,0.0007641923076923077,0.0012978587156000643,-0.0036439348791651397,0.0005336664079077565
2005-09-23,0.013330394213193486,-0.01844174228014772,0.0007722499999999999,0.024344571897737755,-0.01921399228014772,0.023572321897737756
2005-09-30,0.03143707475331681,0.011063489959192374,0.0008009423076923077,0.0037902761737806934,0.010262547651500066,0.0029893338660883857
2005-10-07,-0.07229801690848259,-0.02714718140636574,0.0008044230769230769,0.012531492311913528,-0.027951604483288817,0.01172706923499045
2005-10-14,0.005986588545306759,-0.007832247789052893,0.0008176346153846153,0.029449981076929532,-0.008649882404437509,0.028632346461544916
2005-10-21,-0.02218326163018869,-0.005899871730504103,0.0008081923076923077,-0.025720952517062745,-0.00670806403819641,-0.026529144824755053
2005-10-28,0.009684113433626962,0.015828757732214704,0.0008426730769230769,0.0220867874028432,0.014986084655291627,0.021244114325920122
2005-11-04,0.004563241295206133,0.017969928054496265,0.0008588653846153846,-0.004866189651172803,0.01711106266988088,-0.005725055035788188
2005-11-11,-0.05035235937094917,0.011870518432377075,0.0008511538461538462,0.006079046076381989,0.011019364586223228,0.005227892230228143
2005-11-18,-0.021956107161085647,0.010922468009471942,0.0008431538461538462,0.009650255832161836,0.010079314163318096,0.00880710198600799
2005-11-25,0.025881361795656588,0.01587940476303462,0.00083,0.0,0.01504940476303462,-0.00083
2005-12-02,0.010336447193637355,-0.0025026361780939865,0.000849173076923077,-0.004813487031547936,-0.0033518092550170638,-0.005662660108471013
2005-12-09,0.01771140700896101,-0.004523765364863763,0.0008461730769230769,-0.0012070007500351032,-0.00536993844178684,-0.00205317382695818
2005-12-16,-0.022273381635321776,0.0062928386425422644,0.0008365961538461538,-0.0036297680505787966,0.0054562424886961105,-0.0044663642044249505
2005-12-23,-0.0105550860770256,0.0010567907670484544,0.0008367307692307692,-0.0012128564252091856,0.00022005999781768524,-0.002049587194439955
2005-12-30,0.04369993040985598,-0.016186610583330818,0.0008460769230769231,0.0012128564252091856,-0.01703268750640774,0.00036677950213226244
2006-01-06,0.062396237916238384,0.029334236847947892,0.0008364230769230769,-0.023299643828052385,0.028497813771024814,-0.024136066904975464
2006-01-13,-0.0060208595623105765,0.0016789352035226912,0.000833076923076923,0.008647367041182186,0.0008458582804457682,0.007814290118105263
2006-01-20,0.05863696650335726,-0.0205021519680324,0.0008361730769230768,0.004907985312192054,-0.02133832504495548,0.004071812235268977
2006-01-27,-0.010569681489687177,0.01747647812014108,0.0008635769230769231,-0.007371040744589941,0.01661290119706416,-0.008234617667666864
2006-02-03,-0.03590861271916079,-0.015457083331313903,0.0008781153846153846,-0.004944385845464083,-0.016335198715929287,-0.0058225012300794675
2006-02-10,-0.039153406255216794,0.002338979027799226,0.0008994615384615384,0.00740744127786197,0.0014395174893376877,0.006507979739400432
2006-02-17,-0.025293333871781343,0.01585638276717205,0.0008983461538461539,-0.00740744127786197,0.014958036613325896,-0.008305787431708124
2006-02-24,0.026088436084298117,0.001699868844162289,0.0009069423076923077,0.002475248788543105,0.0007929265364699812,0.0015683064808507973
2006-03-03,0.012008360446995603,-0.0017076374334248356,0.0009118076923076922,0.009840177801510919,-0.002619445125732528,0.008928370109203226
2006-03-10,-0.029163089749767224,-0.004398931108880788,0.0009102884615384616,0.004884014592425601,-0.00530921957041925,0.003973726130887139
2006-03-17,0.03745280641674853,0.019832002369045476,0.0008907884615384616,-0.0110227692907503,0.018941213907507016,-0.011913557752288763
2006-03-24,0.0009341429917970601,-0.003294769665075137,0.0009055576923076923,-0.007416597655049539,-0.004200327357382829,-0.008322155347357231
2006-03-31,0.03621757288673333,-0.00625151201800378,0.0009261730769230768,0.008647367041182186,-0.007177685094926857,0.007721193964259109
2006-04-07,0.029720528605261087,0.0005173086170033869,0.000941,0.0012292564547298213,-0.00042369138299661307,0.00028825645472982126
2006-04-14,0.03126599150405074,-0.004936905973278449,0.0009512884615384615,0.004901970600206695,-0.005888194434816911,0.003950682138668234
2006-04-21,0.05961076850562019,0.017043944352218787,0.0009417884615384616,-0.004901970600206695,0.016102155890680325,-0.005843759061745157
2006-04-28,-0.04475415327401944,-0.0005110817117301991,0.0009342884615384616,0.0,-0.0014453701732686608,-0.0009342884615384616
2006-05-05,0.0002782028116428137,0.011493202219662102,0.0009470576923076922,-0.0012292564547298213,0.01054614452735441,-0.0021763141470375136
2006-05-12,0.019011455638874075,-0.026382882918865036,0.0009617115384615383,0.0,-0.027344594457326576,-0.0009617115384615383
2006-05-19,-0.05598712472658551,-0.018927417949872627,0.0009535961538461539,0.01222509112925918,-0.019881014103718782,0.011271494975413026
2006-05-26,0.02957701734368623,0.010309491081514466,0.0009502692307692308,0.004848494346621379,0.009359221850745236,0.0038982251158521486
2006-06-02,0.013361367878213848,0.006276350429969213,0.0009438461538461539,0.00241546011160354,0.005332504276123059,0.001471613957757386
2006-06-09,-0.0002765486743294687,-0.02827955996179643,0.0009600192307692308,0.009603915354180703,-0.02923957919256566,0.008643896123411472
2006-06-16,-0.02961412115509443,-0.0006070675628953026,0.0009913461538461539,0.018935477002203438,-0.0015984137167414565,0.017944130848357283
2006-06-23,0.009498901790398584,-0.005640950199444106,0.0010117307692307693,0.018583577773713333,-0.006652680968674875,0.017571847004482565
2006-06-30,0.04227148674684411,0.02044052556122722,0.000990346153846154,-0.012739025777429802,0.019450179407381064,-0.013729371931275956
2006-07-07,0.017431388003121384,-0.0037228715386081745,0.0009935192307692308,-0.0023337233462203955,-0.0047163907693774055,-0.0033272425769896264
2006-07-14,0.04522012458222857,-0.02340933860509331,0.00097875,0.004662013105811269,-0.02438808860509331,0.003683263105811269
2006-07-21,-0.055911125782539095,0.0033030649981000693,0.0009752884615384616,-0.004662013105811269,0.002327776536561608,-0.0056373015673497305
2006-07-28,-0.016117366565509883,0.03038140007333201,0.00095675,-0.007034026657379844,0.02942465007333201,-0.007990776657379843
2006-08-04,0.020541262781052616,0.0006333295753755408,0.0009420961538461539,-0.008269391482506716,-0.00030876657847061313,-0.00921148763635287
2006-08-11,0.01631877009433147,-0.009913281764606374,0.0009548076923076923,0.002369669355318127,-0.010868089456914067,0.0014148616630104346
2006-08-18,-0.05254770839079015,0.0276852608662832,0.0009366346153846153,-0.00831852687509027,0.026748626250898584,-0.009255161490474886
2006-08-25,0.005670439092598123,-0.0055517411853998055,0.000933,0.001192605985123052,-0.006484741185399805,0.0002596059851230519
2006-09-01,-0.04686813987278171,0.01221764171141615,0.0009149807692307693,-0.010785005676562598,0.011302660942185381,-0.011699986445793367
2006-09-08,-0.02650810553231331,-0.009264682560817583,0.0009243846153846153,-0.0036210057669525675,-0.010189067176202198,-0.004545390382337183
2006-09-15,-0.05115270343668943,0.016000096943124653,0.0009339615384615385,-0.0036341651142195452,0.015066135404663115,-0.004568126652681083
2006-09-22,-0.05572606454261564,-0.003863895646613713,0.0008976538461538461,-0.001214329232401834,-0.004761549492767559,-0.00211198307855568
2006-09-29,0.03823566358283692,0.015898442108762012,0.0009005576923076924,-0.007317105817067127,0.01499788441645432,-0.008217663509374818
2006-10-06,-0.028048260327464547,0.010225639572133183,0.0009102499999999999,-0.008604847193518061,0.009315389572133183,-0.009515097193518061
2006-10-13,-0.014324769521333991,0.011815105033758933,0.0009348076923076922,0.0012338064489281209,0.01088029734145124,0.0002989987566204286
2006-10-20,-0.016217023462587576,0.002179781568376171,0.0009367884615384615,-0.0012338064489281209,0.0012429931068377096,-0.0021705949104665824
2006-10-27,0.023652001950105195,0.006365783312363149,0.0009120192307692307,-0.004950505159856178,0.005453764081593918,-0.005862524390625409
2006-11-03,0.0021376313327730045,-0.009512626261932056,0.0009261538461538461,-0.009975145056819734,-0.010438780108085901,-0.01090129890297358
2006-11-10,0.01078265634046538,0.012093983922476959,0.0009097692307692308,-0.011342276603934387,0.011184214691707727,-0.012252045834703618
2006-11-17,-0.042658529881483,0.014593551832026819,0.0009159423076923077,-0.0076336248550710195,0.01367760952433451,-0.008549567162763328
2006-11-24,0.004568149387185194,-0.00017843441690423845,0.000909,0.006365393867076019,-0.0010874344169042385,0.005456393867076019
2006-12-01,0.06833994624620754,-0.0030311068866746282,0.0008686153846153846,-0.011487043987131074,-0.0038997222712900126,-0.012355659371746458
2006-12-08,-0.005374657263087279,0.009356751736360636,0.0008973461538461538,-0.011620531023018632,0.008459405582514483,-0.012517877176864785
2006-12-15,0.015726067133416954,0.012161183108246654,0.0009071153846153846,0.006472514505617255,0.011254067723631269,0.00556539912100187
2006-12-22,-0.02656282657018405,-0.011501751259319626,0.0009072115384615385,-0.005174655790017191,-0.012408962797781165,-0.006081867328478729
2006-12-29,-0.022032318389237915,0.0053233166955211075,0.0009246153846153846,-0.0012978587156000643,0.004398701310905723,-0.002222474100215449
2007-01-05,-0.06182312843644233,-0.006074961840961457,0.0009133461538461538,-0.0012995453420856506,-0.0069883079948076104,-0.0022128914959318046
2007-01-12,-0.06329633542782842,0.014800794049399713,0.0009376538461538461,-0.003908799765052429,0.013863140203245866,-0.0048464536112062745
2007-01-19,-0.008762990726293385,-0.000160770018835521,0.0009443653846153846,-0.007863736460214987,-0.0011051354034509056,-0.008808101844830371
2007-01-26,0.03712979346868295,-0.005833127859357745,0.0009550576923076923,-0.0013166558847466092,-0.006788185551665438,-0.0022717135770543018
2007-02-02,0.06293583007996162,0.018261689066727094,0.0009486730769230769,0.0,0.017313015989804018,-0.0009486730769230769
2007-02-09,0.026913450568845754,-0.007157611669465602,0.000942173076923077,-0.01459879942115272,-0.008099784746388679,-0.015540972498075796
2007-02-16,-0.012781317659086966,0.012081982744947872,0.0009273846153846154,-0.01210505702627529,0.011154598129563258,-0.013032441641659905
2007-02-23,0.021157814038136102,-0.002993056284839035,0.0009230192307692307,-0.0013540963477294277,-0.003916075515608266,-0.0022771155784986584
2007-03-02,0.008144693989226681,-0.045118208993329745,0.0008702307692307692,0.02144854340748381,-0.045988439762560514,0.020578312638253042
2007-03-09,0.002106799255892966,0.011240181135693916,0.0008971346153846154,-0.007989390033479093,0.0103430465203093,-0.008886524648863709
2007-03-16,-0.03609786242267177,-0.01139878999216748,0.0008822307692307693,0.01459879942115272,-0.012281020761398248,0.01371656865192195
2007-03-23,0.04432039968066093,0.034830977707346555,0.0008851538461538462,-0.006609409387673626,0.03394582386119271,-0.007494563233827472
2007-03-30,0.05604275568680439,-0.01067574726973497,0.0008796923076923077,0.006609409387673626,-0.011555439577427277,0.005729717079981318
2007-04-06,0.007562044505231569,0.01598849957705717,0.000910423076923077,0.003944778291016249,0.015078076500134091,0.003034355214093172
2007-04-13,-0.0006028636203687654,0.006276322901318743,0.0009155961538461538,-0.0013131978249600884,0.005360726747472589,-0.0022287939788062424
2007-04-20,-0.034041925538298656,0.021449821421551718,0.0008929615384615384,-0.01456015133133004,0.02055685988309018,-0.015453112869791579
2007-04-27,0.03599990492728189,0.006526973702229988,0.0008940192307692308,-0.0026702285558788397,0.005632954471460757,-0.0035642477866480705
2007-05-04,-0.07059554797647838,0.007700833805444951,0.0008974038461538462,-0.004018759594917487,0.006803429959291105,-0.004916163441071333
2007-05-11,0.034751612791382946,0.00015274932205677771,0.0009040961538461538,-0.004034975212179326,-0.000751346831789376,-0.00493907136602548
2007-05-18,0.028595338059083097,0.011160387910948977,0.0009257307692307692,0.0,0.010234657141718208,-0.0009257307692307692
2007-05-25,-0.011892196867828275,-0.004620739639864091,0.0009329423076923077,0.0026917916657116514,-0.005553681947556398,0.0017588493580193436
2007-06-01,-0.0018421865817703775,0.013505793302335256,0.0009550961538461538,0.0066979486841276525,0.012550697148489103,0.005742852530281499
2007-06-08,0.005669210005072145,-0.01883755164982137,0.0009583846153846154,0.03154006507020224,-0.019795936265205986,0.030581680454817625
2007-06-15,0.046131024090553474,0.01660247700429096,0.0009650384615384616,0.007731997283326297,0.0156374385427525,0.006766958821787836
2007-06-22,0.00871591804701577,-0.019997569677230764,0.0009437307692307692,0.015286921896905614,-0.020941300446461534,0.014343191127674845
2007-06-29,0.022029212958017297,0.0005256311853569784,0.0009342692307692308,0.02373627989883076,-0.0004086380454122524,0.022802010668061527
2007-07-06,0.03434948001463756,0.017859324500475893,0.0009583653846153847,0.008604847193518061,0.01690095911586051,0.007646481808902677
2007-07-13,0.013308181202495106,0.01431125906549724,0.0009454038461538461,0.016990699995445446,0.013365855219343394,0.0160452961492916
2007-07-20,0.022146049155309377,-0.01192264495690587,0.0009158269230769231,0.016706832501725444,-0.012838471879982794,0.015791005578648522
2007-07-27,0.016098770562825493,-0.05022689096315158,0.0008640192307692307,0.08394949499851334,-0.05109091019392081,0.08308547576774411
2007-08-03,-0.02019740788641311,-0.01790498073356428,0.0008493653846153845,-0.01978086474734919,-0.018754346118179666,-0.020630230131964578
2007-08-10,-0.05767290135158998,0.014258737435965507,0.0008569615384615384,-0.006681539333482256,0.013401775897503968,-0.007538500871943794
2007-08-17,0.00796816964917646,-0.005311126508091846,0.0008047307692307692,0.027549951768230496,-0.006115857277322615,0.026745220998999727
2007-08-24,-0.010216308856544565,0.02285669237498933,0.0008250769230769231,-0.016438726343159793,0.022031615451912408,-0.017263803266236714
2007-08-31,0.04065880776390518,-0.0036433119911221112,0.0007946153846153846,0.0033094349013671476,-0.004437927375737496,0.002514819516751763
2007-09-07,0.021115310757489958,-0.01396416933367739,0.0007499615384615384,-0.006629858538669708,-0.014714130872138928,-0.007379820077131247
2007-09-14,0.03214120921179653,0.020900754018708945,0.0007755192307692308,-0.0033314855910031582,0.020125234787939712,-0.004107004821772389
2007-09-21,0.0442123223030757,0.02757649827381936,0.0007755192307692308,-0.03509131981127034,0.02680097904305013,-0.03586683904203957
2007-09-28,0.0004899559137703235,0.00065520067864,0.0007660576923076923,-0.00461894585629441,-0.00011085701366769232,-0.005385003548602102
2007-10-05,-0.012817528202409889,0.019998461800597944,0.0007835192307692308,-0.011641575015485905,0.019214942569828714,-0.012425094246255135
2007-10-12,0.02595640334424587,0.002699247324732923,0.0008126538461538461,-0.011778699192612763,0.0018865934785790768,-0.01259135303876661
2007-10-19,0.04963007976702638,-0.039953982313584824,0.0007268846153846154,0.026886482184584892,-0.04068086692896944,0.026159597569200277
2007-10-26,0.05493243809735571,0.022827754895001995,0.0007254423076923077,0.002304148484850277,0.022102312587309686,0.0015787061771579693
2007-11-02,0.0316092100322205,-0.016834938947500433,0.0007065576923076923,0.011441772419784613,-0.017541496639808127,0.01073521472747692
2007-11-09,0.005154921730288642,-0.03776580543021257,0.0006587307692307692,0.030254408357802465,-0.038424536199443346,0.029595677588571696
2007-11-16,-0.015438606314936543,0.003461018960757123,0.0006423653846153847,0.032576170434612806,0.0028186535761417384,0.03193380504999742
2007-11-23,0.04521132428468633,-0.0124439428256089,0.0005918461538461538,0.03258301897570215,-0.013035788979455055,0.031991172821856
2007-11-30,-0.10142990609741087,0.027682954955109196,0.0005759038461538461,-0.019843993198272347,0.02710705110895535,-0.020419897044426195
2007-12-07,-0.006332713688616209,0.01575489751685133,0.0005961538461538462,-0.0021119332031434013,0.015158743670697482,-0.0027080870492972474
2007-12-14,0.03784536227664059,-0.024700089390483626,0.000636076923076923,0.0021119332031434013,-0.02533616631356055,0.0014758562800664783
2007-12-21,0.01904201212541068,0.011184200092524854,0.0006137307692307692,0.01257878220686015,0.010570469323294085,0.011965051437629382
2007-12-28,0.02842090822190535,-0.004029773083539467,0.0005969038461538462,0.0051948168771041026,-0.004626676929693313,0.004597913030950257
2008-01-04,0.019700497898143432,-0.046276231603148865,0.0005276923076923077,0.015424470325631656,-0.04680392391084117,0.014896778017939349
2008-01-11,-0.060522492418398244,-0.007544522302140422,0.0004905961538461539,0.024194728587056513,-0.008035118455986576,0.02370413243321036
2008-01-18,-0.0246058108022007,-0.05564469738611866,0.0004511730769230769,0.018747465699952226,-0.056095870463041736,0.018296292623029148
2008-01-25,0.00874721848147253,0.004081638319648029,0.00041957692307692307,-0.014771317320312782,0.0036620613965711057,-0.015190894243389706
2008-02-01,-0.019480774124581046,0.047557961524089976,0.0003977884615384615,-0.006968669316093301,0.04716017306255151,-0.007366457777631763
2008-02-08,0.03109861632864952,-0.047047048255527635,0.00036957692307692304,0.0285593019084609,-0.04741662517860456,0.028189724985383975
2008-02-15,0.03931710334083505,0.013956195477783595,0.0003675576923076923,0.01637012964685569,0.013588637785475902,0.016002571954548
2008-02-22,0.034596264035115176,0.002301054246588663,0.00038786538461538467,0.002861232281031967,0.0019131888619732783,0.0024733668964165823
2008-02-29,0.030204140042279448,-0.016753132405688653,0.0003107307692307692,0.0075901692666757725,-0.01706386317491942,0.007279438497445004
2008-03-07,0.0236766348161499,-0.028401299210570663,0.0002915,0.010343298606800388,-0.028692799210570663,0.010051798606800388
2008-03-14,0.041880122652472984,-0.004051897653276626,0.0002843653846153846,0.03312170292680827,-0.004336263037892011,0.03283733754219289
2008-03-21,-0.06555675746862288,0.03161113586993025,0.0003068846153846154,-0.0018115946983510156,0.03130425125454563,-0.002118479313735631
2008-03-28,0.0364447930296361,-0.010806501280513636,0.00031659615384615385,-0.021999053995367834,-0.01112309743435979,-0.022315650149213988
2008-04-04,0.005758807513134734,0.04109871601096504,0.0003489423076923077,-0.02819735686183744,0.040749773703272735,-0.02854629916952975
2008-04-11,0.0322339660374773,-0.027798166847054162,0.0003349423076923077,0.0019047624806538543,-0.02813310915474647,0.0015698201729615465
2008-04-18,0.05712803024708624,0.0422366278565125,0.0004095,-0.024074345146236187,0.0418271278565125,-0.024483845146236187
2008-04-25,0.02011317162887849,0.00538705901141423,0.0004643846153846154,-0.013739175883304089,0.004922674396029615,-0.014203560498688704
2008-05-02,-0.01873670892015511,0.011423655567012858,0.00047099999999999996,-0.022989518224698635,0.010952655567012859,-0.023460518224698634
2008-05-09,0.07993689316626895,-0.018286272768997414,0.00043059615384615386,0.0110609473594252,-0.018716868922843567,0.010630351205579045
2008-05-16,0.0003174099375957695,0.026351826750851792,0.0004689615384615385,-0.010050335853501569,0.025882865212390253,-0.010519297391963106
2008-05-23,0.04764096470223489,-0.035287531473413125,0.00046638461538461536,0.005037794029957077,-0.035753916088797744,0.004571409414572462
2008-05-30,-0.037301080165843103,0.01761376223847133,0.0005079038461538461,0.010994613501091877,0.017105858392317486,0.010486709654938031
2008-06-06,0.08537412589532067,-0.02875905357295938,0.0004562307692307692,-0.016032407531048953,-0.02921528434219015,-0.01648863830027972
2008-06-13,-0.023563113728140905,-0.0004778164614140934,0.0005828076923076924,0.025923685009791697,-0.0010606241537217858,0.025340877317484006
2008-06-20,-0.0008123177347316712,-0.0314444344322089,0.0005560961538461539,0.01756142692994711,-0.03200053058605506,0.017005330776100957
2008-06-27,0.035203402875126244,-0.030468672544187392,0.0005047692307692307,0.04998683205283472,-0.030973441774956624,0.049482062822065485
2008-07-04,0.03559044635020747,-0.012182987681813806,0.00048703846153846155,0.02453553336601999,-0.012670026143352268,0.024048494904481528
2008-07-11,0.0025433937065217904,-0.0187106589786854,0.0004990769230769232,0.02131519419904704,-0.019209735901762323,0.020816117275970117
2008-07-18,-0.11782594471921293,0.01695125323551938,0.0005064807692307693,-0.006170138570155803,0.016444772466288612,-0.006676619339386573
2008-07-25,-0.049153248536459415,-0.0023188968635121654,0.000521076923076923,-0.0017699119664587037,-0.0028399737865890885,-0.002290988889535627
2008-08-01,0.014817471938768811,0.0020253613852627694,0.0004789807692307692,0.023633485082660943,0.0015463806160320001,0.023154504313430174
2008-08-08,-0.0807090633988663,0.028171758583616757,0.00048005769230769234,0.0008646779613536992,0.027691700891309064,0.0003846202690460069
2008-08-15,-0.012732360021749933,0.001449208585042605,0.0004574423076923077,-0.009552829918991534,0.0009917662773502975,-0.010010272226683842
2008-08-22,0.005688546386107163,-0.0046324974753035875,0.0004615192307692308,0.014725255243979607,-0.005094016706072818,0.014263736013210376
2008-08-29,0.007563609194431109,-0.007277617236145062,0.00045517307692307686,-0.006037103286341772,-0.007732790313068139,-0.006492276363264849
2008-09-05,-0.07899671642941808,-0.03209602511523979,0.00044263461538461535,0.006037103286341772,-0.032538659730624406,0.005594468670957156
2008-09-12,-0.05233472721672072,0.007530077561297865,0.00042357692307692306,0.0017182134811366545,0.007106500638220942,0.0012946365580597315
2008-09-19,0.014706147389695445,0.002696688220199306,0.00041690384615384614,0.06400189649362309,0.0022797843740454595,0.06358499264746924
2008-09-26,0.03950141490950987,-0.034094441621025595,0.00040311538461538463,0.08707847082037734,-0.03449755700564098,0.08667535543576195
2008-10-03,-0.1297828973030315,-0.09849493926108277,0.0003042692307692308,0.08417833943548025,-0.098799208491852,0.08387407020471102
2008-10-10,-0.18543675764041634,-0.20083749278710883,0.0003142692307692308,0.19646796986945958,-0.20115176201787807,0.19615370063869034
2008-10-17,-0.07811056682682516,0.04493708965406995,0.00031053846153846154,0.029114937580498434,0.04462655119253149,0.02880439911895997
2008-10-24,-0.11724595545393601,-0.07022011025910313,0.0002908076923076923,0.02248488730226983,-0.07051091795141082,0.02219407960996214
2008-10-31,0.05548558563410566,0.09976188038763034,0.0002976923076923077,-0.011714723959786788,0.09946418807993804,-0.012012416267479096
2008-11-07,-0.09167426715285298,-0.03975804458673693,0.00025438461538461536,0.0037423192566445884,-0.040012429202121544,0.003487934641259973
2008-11-14,-0.07151284184105222,-0.06398084754542754,0.00023223076923076924,0.04282638779639525,-0.0642130783146583,0.04259415702716448
2008-11-21,-0.14290054318932777,-0.08761846157057285,0.00021126923076923078,0.11891849620758066,-0.08782973080134208,0.11870722697681142
2008-11-28,0.08629344793359062,0.11355900728564805,0.00018859615384615386,-0.009119990252399734,0.1133704111318019,-0.009308586406245888
2008-12-05,-0.23734459020963916,-0.022762237830805,0.00017738461538461538,0.02978559540937198,-0.022939622446189613,0.029608210793987365
2008-12-12,0.13469540160241777,0.004169045792442816,0.00014592307692307694,0.021118250729782684,0.004023122715519739,0.020972327652859606
2008-12-19,-0.14806176310568153,0.009221556513354656,0.0001418846153846154,-0.04223788540647311,0.009079671897970041,-0.04237977002185772
2008-12-26,-0.1162792094629399,-0.017130164206599297,0.00016978846153846154,-0.04790499746199206,-0.017299952668137757,-0.048074785923530525
2009-01-02,0.20608020773396474,0.06541176486383549,0.00015757692307692307,-0.07877306776325943,0.06525418794075856,-0.07893064468633636
2009-01-09,-0.005843540056404972,-0.04550355553537333,0.00014359615384615385,-0.07601303702580786,-0.045647151689219484,-0.07615663317965402
2009-01-16,-0.07901219910776458,-0.046237127856833204,0.00013865384615384616,0.002777008171751305,-0.04637578170298705,0.002638354325597459
2009-01-23,0.08765716325682593,-0.021605173128973476,0.00015567307692307693,0.00883495531480527,-0.021760846205896554,0.008679282237882193
2009-01-30,-0.10878554565177545,-0.007322858344838146,0.00018198076923076924,-0.017748663358694294,-0.007504839114068915,-0.017930644127925062
2009-02-06,0.10187556350375004,0.05043323558404289,0.0001913653846153846,-0.016361436914305916,0.0502418701994275,-0.0165528022989213
2009-02-13,-0.09494188360336198,-0.04927151416968556,0.0001853846153846154,0.003407158321614645,-0.049456898785070175,0.0032217737062300296
2009-02-20,-0.04732590434101702,-0.07115575812656072,0.00018080769230769233,0.030702941951385565,-0.07133656581886841,0.030522134259077873
2009-02-27,0.11168571043924214,-0.0464625071083109,0.0001865576923076923,0.04567003683318838,-0.046649064800618596,0.04548347914088068
2009-03-06,0.06403571378599082,-0.07294186688073179,0.0001821153846153846,0.059635502052310496,-0.07312398226534716,0.05945338666769511
2009-03-13,-0.014564901272758668,0.10171755108214775,0.00018380769230769232,-0.031158299459080663,0.10153374338984006,-0.031342107151388354
2009-03-20,0.10180327121785115,0.01572398617352011,0.0001666923076923077,-0.025854594218793103,0.015557293865827803,-0.026021286526485412
2009-03-27,0.005935871904758194,0.05984821177782251,0.00017434615384615383,-0.0538053383304522,0.059673865623976356,-0.05397968448429836
2009-04-03,0.0024787885702020063,0.03203283937759416,0.0001820576923076923,-0.02179465982742057,0.03185078168528647,-0.021976717519728264
2009-04-10,0.04067724970891318,0.01655070562349792,0.00018221153846153845,-0.011363758650314804,0.01636849408503638,-0.011545970188776343
2009-04-17,-0.04143929966006077,0.015108967956985353,0.0001854423076923077,-0.08524670118004751,0.014923525649293045,-0.08543214348773982
2009-04-24,-0.01768936723565151,-0.0038828735925076074,0.00018403846153846153,-0.010006337399725673,-0.004066912054046069,-0.010190375861264134
2009-05-01,0.03150618588462972,0.012949284888586376,0.0001743846153846154,-0.05623452382800176,0.01277490027320176,-0.05640890844338638
2009-05-08,0.11594341644036543,0.05725653910927875,0.00018832692307692306,-0.06595796779179741,0.057068212186201825,-0.06614629471487433
2009-05-15,-0.046950544953413775,-0.05116699518343637,0.00016359615384615384,0.02593906382854483,-0.05133059133728252,0.025775467674698675
2009-05-22,0.07874632116885127,0.004655691280658125,0.00016982692307692307,-0.030923054209525347,0.0044858643575812025,-0.03109288113260227
2009-05-29,0.07254312637737481,0.03559346794308027,0.00017588461538461538,-0.02164586677469238,0.03541758332769566,-0.021821751390076995
2009-06-05,0.04482543138006445,0.022537165109011603,0.00024851923076923076,-0.07259422196978838,0.022288645878242374,-0.0728427412005576
2009-06-12,0.047862759290761225,0.0064889163696797425,0.00024303846153846156,-0.025418366081815247,0.006245877908141281,-0.025661404543353708
2009-06-19,-0.03824799052508254,-0.026754798097112342,0.00023111538461538462,0.02855071006813148,-0.026985913481727727,0.028319594683516094
2009-06-26,-0.012358254711429595,-0.002532431127399093,0.0002133076923076923,-0.008637666581671422,-0.0027457388197067853,-0.008850974273979113
2009-07-03,-0.035768033899574725,-0.024768249360869632,0.00018871153846153845,-0.028801990903705832,-0.02495696089933117,-0.02899070244216737
2009-07-10,-0.09174991336208471,-0.01947627106062111,0.00017303846153846153,0.021678889950881963,-0.01964930952215957,0.021505851489343503
2009-07-17,0.05900005177669865,0.06735126680868309,0.00018976923076923077,-0.01278994253363619,0.06716149757791386,-0.01297971176440542
2009-07-24,0.05233796376734556,0.04051313549662794,0.0001910769230769231,-0.0528611909733403,0.04032205857355101,-0.053052267896417225
2009-07-31,0.02036434010287813,0.008359059014962256,0.00021371153846153846,-0.023167059281534286,0.008145347476500718,-0.023380770819995823
2009-08-07,0.046834122983661075,0.02302450106009779,0.0002495576923076923,-0.03623905161620655,0.0227749433677901,-0.03648860930851425
2009-08-14,-0.04467662484363988,-0.006343806797335816,0.00020163461538461538,0.014298724400146234,-0.0065454414127204315,0.014097089784761619
2009-08-21,0.059812933460182016,0.021712785688869474,0.00020959615384615385,0.02454110891611805,0.02150318953502332,0.024331512762271894
2009-08-28,-0.01568606124171268,0.002724982951956001,0.00019534615384615386,-0.014828008269617943,0.002529636798109847,-0.015023354423464096
2009-09-04,-0.06708965997979366,-0.01225245486320059,0.00017848076923076924,0.010489606671019391,-0.01243093563243136,0.010311125901788622
2009-09-11,0.024685441072770153,0.025575301394360928,0.00017371153846153846,-0.0363032340069287,0.02540158985589939,-0.03647694554539024
2009-09-18,0.038961400660966206,0.024226326111471685,0.00019073076923076924,-0.05848534272549877,0.024035595342240916,-0.05867607349472954
2009-09-25,-0.0934908948877391,-0.022645192061279573,0.00018926923076923076,-0.016385908790818693,-0.022834461292048806,-0.016575178021587925
2009-10-02,0.057822974686443374,-0.01852593825391402,0.0001663076923076923,0.016385908790818693,-0.018692245946221712,0.016219601098511
2009-10-09,0.03235162588105123,0.04415273352228155,0.0001845576923076923,-0.013474698583360034,0.04396817582997386,-0.013659256275667726
2009-10-16,0.08956865799070268,0.014996784348821457,0.0001829423076923077,-0.01661005456562048,0.01481384204112915,-0.016792996873312788
2009-10-23,0.018556199441273513,-0.007456385363901141,0.00019228846153846154,-0.016890615164423473,-0.007648673825439603,-0.017082903625961935
2009-10-30,-0.04445176257083361,-0.04103042676316182,0.00017098076923076924,0.004000005333345769,-0.04120140753239259,0.0038290245641149994
2009-11-06,0.014056585820899414,0.031444053381923354,0.0001615576923076923,-0.012048338516174262,0.031282495689615664,-0.012209896208481954
2009-11-13,-0.013667051309709244,0.022361042292115663,0.00015505769230769232,-0.017320860942630745,0.02220598459980797,-0.01747591863493844
2009-11-20,0.005695808278936454,-0.0019223205575462643,0.00013907692307692308,-0.001028277725565907,-0.0020613974806231875,-0.0011673546486428302
2009-11-27,-0.01849974593850856,0.00010078474677222005,0.00013059615384615386,-0.0030911925696730513,-2.981140707393381e-05,-0.0032217887235192052
2009-12-04,0.015655897072552882,0.013188084492184338,0.0001595576923076923,-0.01980262729617932,0.013028526799876646,-0.019962184988487012
2009-12-11,-0.07107548244447859,0.0003887198960530469,0.0001535,-0.018056783747242733,0.00023521989605304692,-0.018210283747242734
2009-12-18,0.03375328958509982,-0.00356742256576581,0.00015203846153846154,-0.015119078491657056,-0.0037194610273042716,-0.015271116953195519
2009-12-25,0.0476249240429647,0.02154460954263193,0.0001853846153846154,-0.006550241760718389,0.021359224927247317,-0.006735626376103004
2010-01-01,0.016644816015176644,-0.010153639637739964,0.00021838461538461538,-0.007696574551989244,-0.010372024253124579,-0.007914959167373859
2010-01-08,0.048454086196179524,0.026443082615561053,0.00018767307692307692,-0.052106916795426006,0.026255409538637975,-0.052294589872349084
2010-01-15,-0.06100734810802422,-0.007847441203773897,0.00016578846153846152,0.001162115180177281,-0.00801322966531236,0.0009963267186388195
2010-01-22,-0.050105307013660116,-0.03974865545324491,0.0001514423076923077,0.024097551579060905,-0.03990009776093722,0.023946109271368598
2010-01-29,-0.022384438656991357,-0.016522127017863042,0.00015611538461538462,0.01574835696813892,-0.016678242402478425,0.015592241583523537
2010-02-05,-0.018974324528862496,-0.007177399670676543,0.00014678846153846155,0.02534570938075653,-0.007324188132215004,0.02519892091921807
2010-02-12,0.04082199452025481,0.008703421424169022,0.0001589423076923077,0.038425218125043514,0.008544479116476714,0.03826627581735121
2010-02-19,0.0719772281789135,0.030817020190356814,0.00017609615384615385,-0.037337670437644466,0.03064092403651066,-0.03751376659149062
2010-02-26,-0.0050087758109294,-0.004228297907189038,0.00015611538461538462,-0.005449604767564509,-0.004384413291804423,-0.0056057201521798935
2010-03-05,0.027975583537699578,0.030503570867903562,0.00017134615384615384,-0.03333642026759209,0.03033222471405741,-0.03350776642143825
2010-03-12,-0.004649463900090467,0.009865985850755266,0.00018223076923076922,-0.02401487620387366,0.009683755081524496,-0.024197106973104426
2010-03-19,-0.00701498169308401,0.008580547820516315,0.0001901923076923077,-0.012813221312376832,0.008390355512824008,-0.01300341362006914
2010-03-26,-0.012052081024141792,0.005751168876571455,0.00019992307692307695,-0.007058852839624485,0.0055512457996483786,-0.007258775916547562
2010-04-02,0.05909403930770463,0.009818007887671065,0.00021226923076923075,-0.0035482000560973503,0.009605738656901834,-0.003760469286866581
2010-04-09,0.008915015056515152,0.013715878443800733,0.0002031346153846154,-0.015522699740508905,0.013512743828416118,-0.01572583435589352
2010-04-16,-0.011274341383915143,-0.0018772266145479222,0.0001829423076923077,-0.03178751743688446,-0.0020601689222402297,-0.03197045974457677
2010-04-23,0.005300677939148457,0.02087723839558997,0.00020492307692307693,0.003719781102531794,0.02067231531866689,0.003514858025608717
2010-04-30,0.012027937380604037,-0.02545094257091396,0.00018467307692307693,0.0037059955943172795,-0.025635615647837035,0.0035213225173942025
2010-05-07,-0.09286395776377443,-0.06600642306916615,0.0001553846153846154,0.0907036888767574,-0.06616180768455077,0.09054830426137278
2010-05-14,-0.0400209313446247,0.022070094621295944,0.00015038461538461538,-0.017036187152567717,0.02191971000591133,-0.01718657176795233
2010-05-21,-0.07413856644788819,-0.0431754091120915,0.00014684615384615384,0.06646964500774155,-0.04332225526593766,0.0663227988538954
2010-05-28,0.05459309818212521,0.0015800839261910227,0.00014726923076923077,-0.0053734680611432495,0.001432814695421792,-0.00552073729191248
2010-06-04,-0.03382230553947174,-0.022774148533467375,0.0001396346153846154,0.006444705442641752,-0.02291378314885199,0.006305070827257136
2010-06-11,0.05217390220359075,0.02478239309541941,0.00013959615384615386,0.01908859656252293,0.024642796941573255,0.018949000408676777
2010-06-18,0.03802541451837094,0.02345848615936319,0.00013642307692307692,-0.047320656190072086,0.023322063082440114,-0.04745707926699516
2010-06-25,0.007637511667215158,-0.03713717681808415,0.00012473076923076923,-0.0022050725583140363,-0.037261907587314916,-0.0023298033275448056
2010-07-02,-0.08906545297408819,-0.05163697371026288,0.0001201923076923077,0.012068166213485387,-0.051757166017955186,0.01194797390579308
2010-07-09,0.06037996950691937,0.05274152056391568,0.0001201923076923077,-0.027641339676455434,0.05262132825622337,-0.02776153198414774
2010-07-16,-0.0032677631849420408,-0.012208249290351247,0.00011242307692307692,-0.027274417919659122,-0.012320672367274325,-0.027386840996582198
2010-07-23,0.03347377406113328,0.03486332576921747,0.00011234615384615386,-0.024491020008295727,0.03475097961537131,-0.02460336616214188
2010-07-30,-0.00037991515685220634,-0.0009617740935370378,0.00010501923076923077,-0.015467292293307455,-0.0010667933243062686,-0.015572311524076687
2010-08-06,0.02785417070909979,0.01802823156804756,9.723076923076924e-05,-0.012062872449275286,0.01793100079881679,-0.012160103218506055
2010-08-13,-0.06896647546746948,-0.038525544546905266,0.00010163461538461537,0.032241598663902415,-0.03862717916228988,0.0321399640485178
2010-08-20,-0.02607273834142987,-0.007029513729657211,9.367307692307691e-05,-0.011820468600426182,-0.007123186806580288,-0.011914141677349258
2010-08-27,0.0181225175875257,-0.006647093210712995,0.00010540384615384616,0.007109034679106507,-0.006752497056866842,0.007003630832952661
2010-09-03,-0.007611707979662263,0.03681204919449854,9.807692307692307e-05,-0.01666705248521172,0.03671397227142162,-0.016765129408288643
2010-09-10,0.036458601351648134,0.004552730012271411,0.00010909615384615385,-0.021845528925979796,0.004443633858425257,-0.02195462507982595
2010-09-17,-0.03217823098547612,0.014352814908052736,8.921153846153846e-05,-0.029890145473209007,0.014263603369591198,-0.029979357011670545
2010-09-24,0.02073913575788744,0.02029740872077923,8.467307692307692e-05,0.0012634240467721547,0.020212735643856155,0.0011787509698490777
2010-10-01,0.06442412055563729,-0.0021177308985267373,7.971153846153846e-05,-0.020408871631207415,-0.002197442436988276,-0.020488583169668954
2010-10-08,0.021464475307390707,0.01636281364405523,6.598076923076924e-05,-0.0327468684190837,0.01629683287482446,-0.032812849188314466
2010-10-15,-0.01718338504307937,0.009430566957917108,6.901923076923076e-05,-0.00668005156037399,0.009361547727147878,-0.006749070791143221
2010-10-22,-0.0029336287999459643,0.005840806340685845,6.742307692307693e-05,-0.0026845653706688566,0.005773383263762768,-0.0027519884475919335
2010-10-29,-0.0031878398747373637,0.00015213367508248865,6.45576923076923e-05,-0.021739986636406083,8.757598277479634e-05,-0.021804544328713777
2010-11-05,0.07166644032952707,0.03536113985808864,7.059615384615385e-05,-0.03494415638602111,0.035290543704242484,-0.035014752539867265
2010-11-12,-0.024766918048713116,-0.02197147426190682,9.684615384615386e-05,0.030814763044009874,-0.022068320415752973,0.030717916890163722
2010-11-19,-0.04016796268366285,0.000433524813579389,9.705769230769231e-05,0.04186972132485822,0.0003364671212716967,0.04177266363255053
2010-11-26,0.02148025148609012,-0.008647553187300261,9.767307692307693e-05,0.027398974188114433,-0.008745226264223338,0.027301301111191355
2010-12-03,0.0672881400472054,0.029255102986375014,9.00576923076923e-05,-0.009049835519917782,0.029165045294067323,-0.009139893212225475
2010-12-10,-0.014390355128775845,0.012729826967425417,0.0001223653846153846,-0.005208345107138079,0.012607461582810033,-0.005330710491753464
2010-12-17,0.0032785061303242102,0.002825736188760253,0.00011638461538461538,0.005208345107138079,0.0027093515733756374,0.005091960491753464
2010-12-24,0.03231639831625177,0.010285293095057213,0.0001245,-0.010443959161083427,0.010160793095057213,-0.010568459161083427
2010-12-31,-0.001421619792161266,0.0006920112747872409,0.00011411538461538463,-0.014540903922511283,0.0005778958901718563,-0.014655019307126668
2011-01-07,-0.023921406435007064,0.010960357077275162,0.0001140576923076923,-0.035233996909460163,0.01084629938496747,-0.035348054601767855
2011-01-14,0.03685988537900098,0.016953391534566542,0.00010932692307692307,-0.015288692515090352,0.016844064611489618,-0.015398019438167276
2011-01-21,-0.03809355345449106,-0.00767685085436387,0.00011705769230769231,-0.0014015419252884076,-0.007793908546671563,-0.0015185996175961
2011-01-28,0.0025777542993443703,-0.005477239450933702,0.0001035576923076923,-0.01983067818048556,-0.005580797143241395,-0.019934235872793252
2011-02-04,-0.003475924338393277,0.02669443180964226,0.00014315384615384616,-0.014409471220151904,0.026551277963488416,-0.01455262506630575
2011-02-11,0.0011225865570461124,0.013848601260336046,0.00016042307692307694,-0.004363643287773167,0.01368817818341297,-0.004524066364696244
2011-02-18,0.0064862674285661726,0.010373723350475927,0.00014363461538461538,-0.017647516813578346,0.010230088735091313,-0.01779115142896296
2011-02-25,0.08715999300327937,-0.017372540154870997,0.0001368653846153846,0.019104181310042323,-0.01750940553948638,0.01896731592542694
2011-03-04,0.06467898940793493,0.0009617460595983118,0.00013090384615384616,-0.008771986072837024,0.0008308422134444657,-0.00890288991899087
2011-03-11,-0.020022915875107294,-0.012851405053528886,0.00012326923076923078,0.023223104611011625,-0.012974674284298117,0.023099835380242392
2011-03-18,-0.004897169434483928,-0.019408464488040345,0.00011240384615384616,0.015658682933195944,-0.01952086833419419,0.015546279087042099
2011-03-25,0.034261493434446955,0.026681001583317432,0.00014067307692307694,-0.005665737535677451,0.026540328506394355,-0.005806410612600528
2011-04-01,0.023812881083235204,0.014065631086665142,0.00015338461538461537,-0.007127613924232001,0.013912246471280526,-0.0072809985396166165
2011-04-08,0.04908128883900975,-0.00318727765330884,0.00015501923076923077,-0.020231903971585252,-0.0033422968840780705,-0.02038692320235448
2011-04-15,-0.02817843757441718,-0.0064127719432427455,0.00013334615384615384,0.0058224327514333485,-0.0065461180970888995,0.0056890865975871945
2011-04-22,0.018606442129357248,0.013330670448881143,0.0001253846153846154,-0.008746411442868363,0.013205285833496528,-0.008871796058252978
2011-04-29,0.014499414125577204,0.019415641368384584,0.00011563461538461537,-0.01178216869826021,0.01930000675299997,-0.011897803313644824
2011-05-06,-0.15296644319244468,-0.01731673822668167,0.00010563461538461539,-0.010424517335884342,-0.017422372842066287,-0.010530151951268957
2011-05-13,0.02375168504599401,-0.0018148079828668173,0.00010240384615384614,-0.00299850299625648,-0.0019172118290206636,-0.0031009068424103265
2011-05-20,-0.00019978024239897252,-0.003369477250446451,9.834615384615384e-05,0.007479466431292714,-0.0034678234042926047,0.00738112027744656
2011-05-27,0.004883162825072063,-0.0016289032527838643,9.161538461538461e-05,0.022108490754203514,-0.001720518637399249,0.02201687536958813
2011-06-03,-0.0036850796146676856,-0.023518334253610718,8.16923076923077e-05,0.013034217838906903,-0.023600026561303025,0.012952525531214596
2011-06-10,-0.0036987096697549404,-0.022699077374942256,7.655769230769231e-05,0.03116399503482814,-0.022775635067249948,0.03108743734252045
2011-06-17,-0.06677771462702697,0.00040904943775377234,7.209615384615384e-05,0.02886798400085211,0.0003369532839076185,0.028795887847005954
2011-06-24,-0.024275140857313637,-0.002401623233512673,6.326923076923077e-05,0.010781775603288413,-0.002464892464281904,0.010718506372519181
2011-07-01,0.040628908745688364,0.054627632330474185,9.075e-05,-0.02305186819510263,0.054536882330474185,-0.023142618195102632
2011-07-08,0.018368289336076593,0.0030781065269138708,7.517307692307692e-05,-0.01939118931465056,0.003002933449990794,-0.019466362391573636
2011-07-15,0.009264090959798743,-0.020798211280331103,6.786538461538461e-05,0.008356594590941402,-0.020866076664946488,0.008288729206326017
2011-07-22,0.0229918468359962,0.02170567260814149,7.446153846153846e-05,-0.013966707481708251,0.021631211069679954,-0.01404116902016979
2011-07-29,-0.04265104179613477,-0.04000078268506968,6.834615384615385e-05,0.00561011289076685,-0.040069128838915835,0.0055417667369206955
2011-08-05,-0.09186783561335155,-0.07460334353757858,5.534615384615385e-05,0.08186997748921088,-0.07465868969142474,0.08181463133536472
2011-08-12,-0.018614330164529846,-0.017299301560396607,3.6e-05,0.1004515793047438,-0.01733530156039661,0.1004155793047438
2011-08-19,-0.0390293439057352,-0.04802994049223752,3.640384615384615e-05,-0.005844551996283531,-0.04806634433839137,-0.005880955842437377
2011-08-26,0.03528796224692332,0.046323375748650086,3.6076923076923077e-05,0.028887046143437622,0.04628729882557316,0.0288509692203607
2011-09-02,0.012571461107084403,-0.002407722888377428,3.771153846153846e-05,-0.040679635633261046,-0.0024454344268389668,-0.04071734717172258
2011-09-09,0.011043480463096778,-0.01695771243065991,3.246153846153846e-05,0.012964235786714351,-0.016990173969121447,0.012931774248252812
2011-09-16,0.008770487337395494,0.05214155220831884,3.176923076923077e-05,0.007001195458983478,0.05210978297754961,0.006969426228214247
2011-09-23,-0.09923030526877064,-0.0676832373897005,4.161538461538462e-05,0.04657286836078445,-0.06772485277431589,0.046531252976169064
2011-09-30,-0.008173575840641156,-0.004418288819922012,4.673076923076923e-05,0.054008804937052624,-0.004465019589152781,0.05396207416782185
2011-10-07,0.04891040706021599,0.02102505209946859,5.5423076923076925e-05,0.02594852386770219,0.02096962902254551,0.02589310079077911
2011-10-14,0.045021412773987635,0.058099394980667185,5.1038461538461544e-05,-0.05800255015778566,0.05804835651912872,-0.05805358861932412
2011-10-21,0.004587164006905731,0.011101164421324583,5.13076923076923e-05,-0.05581805940280393,0.01104985672901689,-0.05586936709511162
2011-10-28,0.06553916449173958,0.03712966231886927,5.561538461538462e-05,-0.07260772918601832,0.03707404693425389,-0.07266334457063371
2011-11-04,0.009279571681497067,-0.025104536278821143,4.2000000000000004e-05,0.020770447357206567,-0.025146536278821144,0.020728447357206567
2011-11-11,0.04869410244717365,0.008446311570451392,4.423076923076923e-05,0.027431654460670973,0.008402080801220624,0.027387423691440205
2011-11-18,-0.012413671822513628,-0.038891616930803785,5.35e-05,0.02095536517598795,-0.03894511693080378,0.02090186517598795
2011-11-25,-0.009257420566535224,-0.04800611756504214,5.259615384615385e-05,0.04284759138262917,-0.04805871371888829,0.042794995228783016
2011-12-02,0.04238736990005165,0.07128425377518699,4.807692307692308e-05,-0.040546094394350085,0.07123617685211006,-0.04059417131742701
2011-12-09,-0.013562234202350254,0.008729906171028645,4.271153846153846e-05,-0.013889112160666794,0.008687194632567107,-0.013931823699128333
2011-12-16,-0.06053049974003244,-0.028714824167367148,4.2653846153846154e-05,0.0034904049397681547,-0.028757478013520993,0.0034477510936143083
2011-12-23,0.06133339018862305,0.036760826344441,5.430769230769231e-05,-0.018757877070556983,0.036706518652133306,-0.018812184762864677
2011-12-30,-0.008563852651050752,-0.006119863409018045,4.5980769230769235e-05,-0.01070801427247181,-0.006165844178248814,-0.01075399504170258
2012-01-06,0.02941241877259415,0.01593458079120147,4.921153846153847e-05,-0.03654487057807332,0.01588536925273993,-0.03659408211653486
2012-01-13,-0.02890662745130612,0.008788867980408455,4.2557692307692306e-05,-0.007472014838701302,0.008746310288100762,-0.007514572531008994
2012-01-20,-0.00557782491731551,0.020189054182247368,4.621153846153846e-05,-0.027885203489535382,0.020142842643785828,-0.027931415027996922
2012-01-27,0.012431308707326671,0.0007219640775497638,4.053846153846153e-05,-0.0366533176480357,0.0006814256160113022,-0.03669385610957416
2012-02-03,-0.017426986120474552,0.021472099500824626,4.4269230769230764e-05,-0.01477528558215413,0.021427830270055397,-0.014819554812923361
2012-02-10,0.012089343154294774,-0.00168183582957937,5.267307692307692e-05,-0.006788892333686292,-0.001734508906502447,-0.0068415654106093685
2012-02-17,0.04511449529217071,0.013750877760983826,5.584615384615385e-05,-0.005464494472078751,0.013695031607137672,-0.005520340625924905
2012-02-24,0.05784993787384263,0.0033077035038555636,5.8634615384615385e-05,-0.034846731330168135,0.003249068888470948,-0.03490536594555275
2012-03-02,-0.02836610939151729,0.0028442240884283265,5.263461538461538e-05,-0.004264398786457679,0.002791589473043711,-0.004317033401842294
2012-03-09,0.010905640079630352,0.0009049444149766828,6.111538461538463e-05,0.023927953695235704,0.0008438290303612982,0.02386683831062032
2012-03-16,-0.0026920415422413413,0.024000806108761985,6.898076923076923e-05,-0.0013917886728225248,0.023931825339531216,-0.0014607694420532941
2012-03-23,-0.006621614308291335,-0.005040563562332068,6.763461538461539e-05,0.008321823337492207,-0.005108198177716683,0.008254188722107592
2012-03-30,-0.03668999839936582,0.008098191520470088,6.321153846153846e-05,-0.00138217022695164,0.00803497998200855,-0.0014453817654131785
2012-04-06,0.007831802177922675,-0.007404142071997022,6.0307692307692304e-05,0.005517255374754448,-0.007464449764304714,0.005456947682446756
2012-04-13,-0.0049239780877226025,-0.020099363925143443,5.115384615384616e-05,0.015017347066953235,-0.02015051777129729,0.014966193220799388
2012-04-20,0.005405418566907905,0.006017211174754067,5.0807692307692304e-05,-0.013642776403786527,0.005966403482446375,-0.01369358409609422
2012-04-27,0.010057074375271924,0.017851647190389563,4.957692307692307e-05,-0.022223136784710107,0.01780207026731264,-0.02227271370778703
2012-05-04,-0.06333844098820851,-0.024715771563361244,4.884615384615385e-05,-0.02272825107755616,-0.024764617717207397,-0.022777097231402314
2012-05-11,-0.02051564414931839,-0.01154103366746373,4.961538461538462e-05,0.008583743691391366,-0.011590649052079113,0.008534128306775982
2012-05-18,-0.04982707840584766,-0.04393199109740564,5.6230769230769226e-05,0.07542984941163788,-0.04398822186663641,0.07537361864240712
2012-05-25,-0.010292437295187362,0.01729829129954652,5.4865384615384616e-05,0.03504576691295869,0.017243425914931134,0.034990901528343304
2012-06-01,-0.08771200057325323,-0.03064337737154421,4.732692307692308e-05,0.023945693596354012,-0.030690704294621136,0.023898366673277088
2012-06-08,0.013841051411871419,0.036574969807824154,5.113461538461539e-05,-0.015056746179107794,0.03652383519243954,-0.01510788079449241
2012-06-15,-0.0007112375833253637,0.012876325553182077,5.1942307692307693e-05,-0.011443227222342589,0.012824383245489769,-0.011495169530034897
2012-06-22,-0.055715547932967624,-0.005840501168309586,5.8230769230769234e-05,-0.03778951274541775,-0.005898731937540356,-0.03784774351464852
2012-06-29,0.06315843184004599,0.020125402116848434,5.790384615384615e-05,-0.024194728587056957,0.020067498270694588,-0.024252632433210804
2012-07-06,-0.0015313036739854624,-0.005506411050932414,5.188461538461538e-05,-0.019231361927887436,-0.005558295666317029,-0.019283246543272053
2012-07-13,0.030989539543925915,0.0015489813015019394,4.5769230769230766e-05,-0.006958970324303371,0.0015032120707327086,-0.007004739555072602
2012-07-20,0.04830024826186197,0.004324426472599008,3.875e-05,-0.021172279926055637,0.004285676472599008,-0.021211029926055638
2012-07-27,-0.018685969057112395,0.0169615836583894,4.5884615384615387e-05,-0.004288784272217461,0.016915699043004787,-0.004334668887602076
2012-08-03,0.013992405891785964,0.003615468331045868,4.569230769230769e-05,-0.03054782985009763,0.00356977602335356,-0.03059352215778994
2012-08-10,0.018965618587492905,0.010640604388912678,5.0115384615384616e-05,0.01174756534995014,0.010590489004297293,0.011697449965334755
2012-08-17,0.03346488451291307,0.008703928491623714,5.503846153846154e-05,0.004369999671118396,0.008648890030085251,0.004314961209579935
2012-08-24,-0.0017665095257219932,-0.004969454857882916,5.142307692307693e-05,-0.013167710374647479,-0.005020877934805992,-0.013219133451570556
2012-08-31,0.0033226071476732955,-0.0032295757581639606,4.2403846153846155e-05,-0.007391016646389081,-0.0032719796043178067,-0.007433420492542928
2012-09-07,0.0028982527274292735,0.022036398820581837,4.807692307692308e-05,-0.03318554898565407,0.021988321897504916,-0.03323362590873099
2012-09-14,0.02631730831737311,0.01918307673286357,4.807692307692308e-05,-0.053556104468962085,0.019134999809786647,-0.053604181392039006
2012-09-21,-0.06703164282783458,-0.0038415314918820442,4.963461538461538e-05,0.01286191364240774,-0.0038911661072666597,0.012812279027023126
2012-09-28,-0.007564332588926526,-0.013430887011362636,4.430769230769231e-05,0.03915927110847073,-0.013475194703670328,0.03911496341616304
2012-10-05,-0.02104648550043997,0.013964936074406964,4.959615384615385e-05,-0.015480185287899184,0.01391533992056081,-0.015529781441745338
2012-10-12,0.022022253995490182,-0.022385275377719616,5e-05,0.0046692691836836,-0.022435275377719617,0.0046192691836836
2012-10-19,-0.020140785895784497,0.0032147851768407065,5.6634615384615384e-05,-0.023567469403913188,0.003158150561456091,-0.023624104019297803
2012-10-26,-0.04708882588881291,-0.014938083780720035,5.711538461538461e-05,0.025119060095331935,-0.01499519916533542,0.02506194471071655
2012-11-02,-0.010251720726431657,0.0015993549376496219,5.4153846153846156e-05,-0.003105592558153125,0.0015452010914957758,-0.0031597464043069713
2012-11-09,0.013376180827694206,-0.024589202578864544,4.961538461538462e-05,0.02609511078285176,-0.024638817963479928,0.026045495398236376
2012-11-16,0.0042658737660108415,-0.01457833704825795,4.575e-05,0.03717900324175405,-0.01462408704825795,0.03713325324175405
2012-11-23,0.015525426000306375,0.035590225170553325,5.1980769230769224e-05,-0.026628792346601537,0.035538244401322555,-0.026680773115832307
2012-11-30,0.007111040744511854,0.004976420105271551,4.732692307692308e-05,-0.03353972911985115,0.004929093182194627,-0.03358705604292807
2012-12-07,-0.027480208195213685,0.0013336863580475367,4.578846153846154e-05,-0.03470379800831935,0.0012878978965090752,-0.03474958646985781
2012-12-14,0.008633147144702313,-0.0031712985454017684,4.5e-05,-0.012924250980935081,-0.0032162985454017683,-0.012969250980935081
2012-12-21,0.01603126823437151,0.011653840226252932,5.117307692307692e-05,-0.0032573318703066345,0.011602667149329855,-0.0033085049472297116
2012-12-28,0.023850456290340105,-0.01957288757991904,4.7403846153846155e-05,0.001629992210931075,-0.019620291426072887,0.0015825883647772288
2013-01-04,0.024907481521150743,0.04465170606033997,5.0673076923076925e-05,-0.03987239124737729,0.04460103298341689,-0.03992306432430037
2013-01-11,0.009621626503811598,0.0037978347650851063,4.7865384615384615e-05,-0.0257524961024147,0.003749969380469722,-0.025800361487030087
2013-01-18,0.021576377720842643,0.009418500133683061,4.813461538461539e-05,-0.00348432408261079,0.009370365518298446,-0.0035324586979954054
2013-01-25,-0.0016673617868692148,0.011362009722112987,5.226923076923077e-05,-0.019383866821048645,0.011309740491343756,-0.019436136051817876
2013-02-01,0.019520371951395887,0.006770291068012746,5.034615384615384e-05,0.04522509800493579,0.0067199449141665925,0.04517475185108964
2013-02-08,-0.015461037727704685,0.003140776558285374,4.807692307692308e-05,0.023530497410194195,0.003092699635208451,0.023482420487117274
2013-02-15,0.0014531868864144926,0.00122460281556247,5.117307692307692e-05,-0.02183126165723448,0.001173429738639393,-0.021882434734157557
2013-02-22,-0.034613564142722986,-0.0027607672564577967,4.769230769230769e-05,0.005080451232419181,-0.0028084595641501044,0.005032758924726873
2013-03-01,-0.026659540894238276,0.0017140224382217184,4.5038461538461534e-05,-0.027398974188114433,0.0016689839766832568,-0.027444012649652894
2013-03-08,0.019114775637357972,0.021490509018715187,4.807692307692308e-05,-0.022828032556200917,0.021442432095638266,-0.02287610947927784
2013-03-15,0.014926451623625603,0.006118506947125013,4.807692307692308e-05,-0.0017777782459993396,0.00607043002404809,-0.0018258551690762627
2013-03-22,-0.0011731457645796084,-0.0024441968936104175,4.807692307692308e-05,0.01061956882746018,-0.0024922738166873407,0.010571491904383256
2013-03-29,0.036874398685833754,0.007869320986220174,4.655769230769231e-05,-0.0017621149933990665,0.007822763293912481,-0.0018086726857067588
2013-04-05,-0.044372291567190025,-0.01019073854293584,4.388461538461538e-05,0.0017621149933990665,-0.010234623158320456,0.0017182303780144512
2013-04-12,-0.015166578227258753,0.022641659989591112,4.346153846153846e-05,-0.03767261629917007,0.022598198451129575,-0.03771607783763161
2013-04-19,-0.037140136994975315,-0.021374179692643658,4.4192307692307695e-05,0.019910159959329876,-0.021418372000335965,0.01986596765163757
2013-04-26,0.05219919412111462,0.017205260126551103,4.0615384615384615e-05,-0.04209221548530451,0.017164644741935717,-0.04213283086991989
2013-05-03,0.027677923944098737,0.02013419450439624,4.15e-05,-0.057708317620646765,0.02009269450439624,-0.057749817620646765
2013-05-10,0.007087054154837347,0.01187162200638614,4.551923076923077e-05,-0.003968259175620492,0.011826102775616909,-0.004013778406389723
2013-05-17,0.0,0.02046012659097851,4.65e-05,0.044711042637970655,0.02041362659097851,0.04466454263797066
2013-05-24,-0.02247521614903114,-0.010774673360746334,4.753846153846154e-05,0.03180810719622551,-0.010822211822284796,0.03176056873468705
2013-05-31,-0.023426818188554854,-0.011498934753076284,5.6403846153846157e-05,0.050279889722074866,-0.01155533859923013,0.05022348587592102
2013-06-07,0.04569430687526843,0.007721197021727022,5.801923076923077e-05,0.05618498827880458,0.007663177790957792,0.05612696904803535
2013-06-14,0.018524765614354344,-0.01018323168395785,5.1942307692307693e-05,0.024531074749781334,-0.010235173991650158,0.024479132442089026
2013-06-21,-0.04569004944113253,-0.021310713411121007,7.069230769230769e-05,0.06716028325241208,-0.021381405718813314,0.06708959094471977
2013-06-28,0.030173116826179402,0.0086597950756504,6.834615384615385e-05,0.006024114603380815,0.008591448921804247,0.0059557684495346605
2013-07-05,0.06504973054719176,0.01581790577973674,7.592307692307691e-05,0.00299850299625648,0.015741982702813663,0.0029225799193334035
2013-07-12,0.02397046695786198,0.029168029948961838,6.519230769230769e-05,-0.06334163290372485,0.02910283764126953,-0.06340682521141716
2013-07-19,0.021742024093008183,0.0070575690002971925,5.734615384615385e-05,-0.06592172080482417,0.007000222846451039,-0.06597906695867033
2013-07-26,-0.029827680510846832,-0.0002600672643167101,6.013461538461538e-05,0.04007213934349885,-0.0003202018797013255,0.04001200472811423
2013-08-02,0.021168811644094454,0.010595985440458477,5.719230769230769e-05,0.004897968975547062,0.010538793132766169,0.004840776667854755
2013-08-09,-0.01678492965890488,-0.010731956614779214,5.803846153846154e-05,0.006493529310548363,-0.010789995076317676,0.006435490849009901
2013-08-16,0.02005244878697443,-0.02126601913149262,6.511538461538461e-05,0.019231361927887436,-0.021331134516108005,0.01916624654327205
2013-08-23,-0.008141919480431525,0.004621422787748131,7.232692307692307e-05,0.01730963753509185,0.004549095864671207,0.017237310612014927
2013-08-30,0.011491694642148609,-0.018523373752958427,7.667307692307692e-05,-0.007830893580548004,-0.018600046829881506,-0.00790756665747108
2013-09-06,0.01722195716982089,0.013503279863584794,8.740384615384616e-05,0.0031397200046676677,0.013415876017430948,0.0030523161585138217
2013-09-13,-0.018244309598660635,0.019634749398580453,8.292307692307692e-05,-0.01739174271186905,0.019551826321657376,-0.01747466578879213
2013-09-20,-0.02628631257928493,0.01290226556493046,6.353846153846154e-05,-0.0406890953240997,0.012838727103391998,-0.04075263378563816
2013-09-27,-0.018110503659308996,-0.010677241420333772,6.392307692307692e-05,0.022989518224698857,-0.01074116449725685,0.02292559514777578
2013-10-04,0.009385197812841639,-0.0007391529643943073,6.33076923076923e-05,-0.006514681021193791,-0.0008024606567019996,-0.0065779887135014835
2013-10-11,-0.017290377319954864,0.007484491431329232,6.732692307692308e-05,-0.009852296443011666,0.007417164508252309,-0.009919623366088589
2013-10-18,-0.009351842532517196,0.023959147047559526,5.973076923076923e-05,-0.04040953833787664,0.023899416278328756,-0.04046926910710741
2013-10-25,-0.03277333926122328,0.008715137047573762,5.748076923076923e-05,-0.019081238075427498,0.008657656278342992,-0.019138718844658266
2013-11-01,-0.03367251512573155,0.0010620746665574998,5.944230769230769e-05,-0.012334958157951492,0.0010026323588651922,-0.0123944004656438
2013-11-08,0.0035872585419420844,0.005078926623044211,5.957692307692308e-05,0.026248226074936376,0.0050193496999672875,0.026188649151859453
2013-11-15,-0.004856428463760665,0.015450922291471159,5.580769230769231e-05,-0.006932436775644701,0.015395114599163467,-0.006988244467952394
2013-11-22,0.003697252402670159,0.00365257668209118,5.353846153846154e-05,-0.008733679968754515,0.003599038220552718,-0.008787218430292976
2013-11-29,-0.022607062165708847,0.0005816256322965785,5.411538461538461e-05,-0.017699577099401065,0.0005275102476811938,-0.01775369248401645
2013-12-06,0.054362350504968404,-0.0003987925500803513,5.7999999999999994e-05,0.0035650661644961446,-0.0004567925500803513,0.0035070661644961447
2013-12-13,-0.009957481031947601,-0.01662976366891744,6.234615384615385e-05,0.007092228309491855,-0.016692109822763593,0.007029882155645701
2013-12-20,0.024357892135449255,0.02393230949903824,7.223076923076923e-05,0.003527340517968325,0.02386007872980747,0.0034551097487375555
2013-12-27,0.01001811624464466,0.012613154003841665,7.450000000000001e-05,-0.0017621149933990665,0.012538654003841665,-0.0018366149933990664
2014-01-03,-0.0654959170938989,-0.00546183122506072,7.625000000000001e-05,-0.012422519998557258,-0.00553808122506072,-0.012498769998557258
2014-01-10,-0.010807445623258971,0.005988465636231233,7.113461538461539e-05,-0.023487981307213746,0.0059173310208466175,-0.02355911592259836
2014-01-17,0.017490048057625884,-0.001993986105119916,7.138461538461538e-05,-0.016590242260196675,-0.0020653707205045314,-0.01666162687558129
2014-01-24,0.021440971961426136,-0.026681182274203685,6.451923076923077e-05,0.03650040221952655,-0.026745701504972914,0.03643588298875732
2014-01-31,0.00875707445467544,-0.004310254988173057,6.301923076923077e-05,0.010695289116747775,-0.004373274218942288,0.010632269885978544
2014-02-07,0.018899160356645517,0.008062374484750556,5.834615384615385e-05,-0.008904778342959663,0.008004028330904403,-0.008963124496805816
2014-02-14,0.00782037272188596,0.022890991677122052,5.9749999999999995e-05,-0.023530497410194195,0.02283124167712205,-0.023590247410194196
2014-02-21,0.020462336049892116,-0.001295280571205204,6.042307692307692e-05,-0.025975486403260417,-0.0013557036481282808,-0.026035909480183493
2014-02-28,0.0038087843300171897,0.012555296566881147,6.0942307692307695e-05,-0.03442022388647947,0.01249435425918884,-0.03448116619417178
2014-03-07,-0.005865692837194736,0.009947934740940134,7.101923076923077e-05,0.023077947282544864,0.009876915510170904,0.023006928051775632
2014-03-14,-0.03420926947721625,-0.019849166259017004,6.584615384615384e-05,0.020696881771154807,-0.019915012412863156,0.020631035617308655
2014-03-21,0.009090053501382478,0.013696221002772013,8.163461538461539e-05,-0.011236073266925883,0.013614586387387398,-0.011317707882310499
2014-03-28,0.02197672100047754,-0.004779636073461546,8.646153846153846e-05,-0.009460808504228924,-0.004866097611923085,-0.009547270042690462
2014-04-04,-0.005226578635233459,0.00401321082001882,7.898076923076923e-05,-0.011472401162236912,0.00393423005078805,-0.01155138193146768
2014-04-11,0.014527149861982558,-0.026843748542527024,6.826923076923077e-05,-0.021380795024950272,-0.026912017773296253,-0.0214490642557195
2014-04-18,0.007281939066574594,0.026715060145217073,7.6e-05,-0.0019665689720407276,0.026639060145217074,-0.0020425689720407277
2014-04-25,-0.02716252691475507,-0.0007778448725854759,8.26923076923077e-05,0.0,-0.0008605371802777836,-8.26923076923077e-05
2014-05-02,-0.008384956293857826,0.009475200010523821,8.123076923076923e-05,-0.007905179507113447,0.009393969241293052,-0.007986410276344216
2014-05-09,-0.004521030456513309,-0.0014150368621566045,7.365384615384615e-05,-0.003976148379639444,-0.0014886907083104506,-0.00404980222579329
2014-05-16,0.022600394457831463,-0.00033010856612047945,6.901923076923076e-05,0.003976148379639444,-0.00039912779688971024,0.003907129148870213
2014-05-23,0.026903968150110202,0.011999964025797283,6.584615384615384e-05,0.005934735519814716,0.011934117871951129,0.005868889365968561
2014-05-30,-0.015841150345496047,0.01205003989956932,7.173076923076923e-05,-0.015904907839664473,0.011978309130338552,-0.01597663860889524
2014-06-06,-0.0075250782658171644,0.013359317302749751,7.669230769230769e-05,-0.004016069654890098,0.013282624995057444,-0.004092761962582406
2014-06-13,0.0406571781135856,-0.0068355217769457965,8.640384615384615e-05,-0.008080852053938603,-0.006921925623099643,-0.008167255900092448
2014-06-20,0.006197202932314738,0.013701057868172661,8.771153846153846e-05,-0.020492520390117397,0.013613346329711123,-0.020580231928578937
2014-06-27,-0.010255535150492712,-0.0009735386858524819,8.859615384615385e-05,0.014388737452099676,-0.0010621348396986359,0.014300141298253521
2014-07-04,-0.016015594945145928,0.012406402794247207,9.728846153846154e-05,0.006103782938017721,0.012309114332708745,0.00600649447647926
2014-07-11,-0.03680196089426779,-0.009041273222784696,8.613461538461539e-05,0.024049255232669653,-0.00912740783816931,0.023963120617285037
2014-07-18,0.016316802052574353,0.005398171652300832,9.186538461538461e-05,0.05396299489048473,0.005306306267685447,0.05387112950586934
2014-07-25,0.0013722801604600932,6.065875408722832e-05,9.378846153846155e-05,-0.005644417619677045,-3.312970745123323e-05,-0.005738206081215506
2014-08-01,-0.04211253860645314,-0.02725422244587339,9.082692307692307e-05,0.10214781328192912,-0.02734504936895031,0.1020569863588522
2014-08-08,-0.010682106504613209,0.0033396111666554873,8.542307692307692e-05,-0.024139103113356875,0.00325418808973241,-0.02422452619027995
2014-08-15,-0.015820479839316448,0.012077385554910336,7.834615384615385e-05,-0.06117014580574254,0.011999039401064181,-0.06124849195958869
2014-08-22,-0.017675223340444468,0.016909411734912005,9.457692307692308e-05,-0.026317308317373334,0.016814834811835083,-0.026411885240450256
2014-08-29,0.024367009081396773,0.007500467301750469,9.388461538461539e-05,-0.00956945101615081,0.007406582686365853,-0.009663335631535425
2014-09-05,-0.03445509635260269,0.0021640065486892013,9.767307692307693e-05,0.04512043528046972,0.0020663334717661245,0.04502276220354664
2014-09-12,-0.01455914460836194,-0.011103851643652796,0.00010773076923076924,0.04843996280006757,-0.011211582412883565,0.0483322320308368
2014-09-19,0.003059777275185027,0.012442789802078025,0.00010863461538461538,-0.008795131452827398,0.01233415518669341,-0.008903766068212013
2014-09-26,0.020412178012025883,-0.013798503535864093,0.00011053846153846153,0.08465288533033699,-0.013909041997402555,0.08454234686879852
2014-10-03,-0.041472551749903275,-0.007568219380473806,0.00010721153846153846,-0.03468555798789019,-0.007675430918935345,-0.03479276952635173
2014-10-10,-0.0529720630589674,-0.03189197575848102,8.151923076923077e-05,0.04276967638784912,-0.03197349498925025,0.04268815715707989
2014-10-17,-0.03649385047482934,-0.010213936284378278,7.132692307692307e-05,-0.01296614599726742,-0.0102852632074552,-0.013037472920344342
2014-10-24,-0.012878083171639965,0.040417409729413656,7.421153846153847e-05,-0.043340116108114835,0.04034319819095212,-0.04341432764657637
2014-10-31,-0.005818648419092298,0.026853216613948128,9.45e-05,-0.0068376334776041325,0.026758716613948127,-0.0069321334776041325
2014-11-07,-0.02438225598814725,0.006849460231063809,9.586538461538462e-05,0.0068376334776041325,0.006753594846448424,0.006741768092988748
2014-11-14,-0.03600958934697207,0.00388040980657145,9.84423076923077e-05,0.0168922935645055,0.0037819674988791422,0.016793851256813194
2014-11-21,0.009059341155571943,0.01154200154145446,9.634615384615385e-05,0.024815169119724034,0.011445655387608307,0.02471882296587788
2014-11-28,-0.14549656068279582,0.001965597840348998,9.009615384615385e-05,0.0,0.0018755016865028443,-9.009615384615385e-05
2014-12-05,-0.0028763928695667573,0.0037702829889063594,0.00012371153846153847,0.041606000832463685,0.0036465714504448207,0.04148228929400215
2014-12-12,-0.12722712717485773,-0.03582794856571425,0.00010386538461538462,0.09416960368980032,-0.035931813950329634,0.09406573830518493
2014-12-19,-0.016491997780168965,0.033551065174357575,0.0001226923076923077,-0.045230174649578236,0.033428372866665265,-0.045352866957270546
2014-12-26,-0.04291736758054476,0.008712808337954847,0.00014217307692307693,-0.013523872533325543,0.008570635261031771,-0.013666045610248619
2015-01-02,-0.03798632093463228,-0.014743561566499253,0.00012782692307692308,0.003021150334176159,-0.014871388489576176,0.002893323411099236
2015-01-09,-0.0728094885707109,-0.006526938776899804,0.00010788461538461539,-0.0015094342488541912,-0.00663482339228442,-0.0016173188642388066
2015-01-16,0.0028536505300738035,-0.012494534172053484,9.298076923076923e-05,-0.001511716085321968,-0.012587514941284253,-0.0016046968545527372
2015-01-23,-0.0747814519552068,0.015916862691814693,9.353846153846154e-05,-0.013709277925033403,0.015823324230276232,-0.013802816386571864
2015-01-30,0.056500158193579786,-0.028088166364779177,8.63076923076923e-05,-0.009245058144051077,-0.028174474057086868,-0.00933136583635877
2015-02-06,0.084624617178648,0.029865494462297804,0.00012375,-0.04108002574346448,0.029741744462297805,-0.041203775743464476
2015-02-13,0.022041016591159313,0.019998450930963863,0.00012328846153846155,-0.0048504541337495155,0.0198751624694254,-0.004973742595287977
2015-02-20,-0.05476100058309674,0.0063271342849322565,0.00012155769230769231,-0.014694141939220806,0.006205576592624564,-0.014815699631528498
2015-02-27,-0.02088173717471653,-0.002752208247641441,0.00011892307692307692,-0.03344793406754021,-0.002871131324564518,-0.03356685714446329
2015-03-06,0.033787665233738995,-0.01592079147909331,0.0001391153846153846,0.02850151013221458,-0.016059906863708694,0.028362394747599197
2015-03-13,-0.08957573036544675,-0.008660161866667515,0.00012634615384615386,0.030921910338586267,-0.008786508020513669,0.030795564184740113
2015-03-20,-0.010466826304930343,0.02629011200139697,0.00011176923076923078,0.0032000027306708922,0.02617834277062774,0.0030882334999016614
2015-03-27,0.04820715428777733,-0.022586061995715667,0.00011430769230769231,-0.00641027836091923,-0.02270036968802336,-0.006524586053226923
2015-04-03,0.005509655810969516,0.002877922906510122,9.157692307692308e-05,-0.012945164592036873,0.002786345983433199,-0.013036741515113796
2015-04-10,0.08519518523018021,0.016838887496038346,0.00010692307692307694,-0.029754261081792688,0.01673196441911527,-0.029861184158715765
2015-04-17,0.06878105063675788,-0.009982775743597294,9.771153846153846e-05,0.001676446327252279,-0.010080487282058832,0.0015787347887907404
2015-04-24,-0.0029702127191510996,0.017390831424719977,9.694230769230769e-05,-0.013490929741015512,0.01729388911702767,-0.01358787204870782
2015-05-01,0.03439720018357573,-0.004448679597513383,0.00011442307692307692,0.011814483413763233,-0.00456310267443646,0.011700060336840156
2015-05-08,0.02008435711914469,0.003697579484021496,0.00010998076923076922,0.0,0.0035875987147907266,-0.00010998076923076922
2015-05-15,0.0031433560500326863,0.003128224253695855,0.00010313461538461538,0.0033500868852820442,0.0030250896383112397,0.003246952269897429
2015-05-22,-0.01363733092258368,0.0015675054224084661,0.00011811538461538462,0.0,0.0014493900377930814,-0.00011811538461538462
2015-05-29,0.0096651310621505,-0.008820286546299627,0.00011640384615384614,-0.010084119066626096,-0.008936690392453473,-0.010200522912779942
2015-06-05,-0.012347895917331542,-0.006932997948008612,0.00013628846153846154,0.04621284315513163,-0.0070692864095470735,0.046076554693593175
2015-06-12,0.014004897124960891,0.0006114250693238787,0.00013953846153846153,0.011227062593783366,0.0004718866077854172,0.011087524132244904
2015-06-19,-0.007144667760350387,0.007554566030543164,0.00011863461538461538,0.004773278752657539,0.007435931415158549,0.004654644137272924
2015-06-26,-0.005685634045404342,-0.0040365911943682775,0.0001368653846153846,0.015748356968139365,-0.004173456578983662,0.01561149158352398
2015-07-03,-0.046336360172023916,-0.01182799966492798,0.00012057692307692308,0.015504186535965081,-0.011948576588004902,0.015383609612888158
2015-07-10,-0.06738817741344727,-7.704531231311762e-05,0.0001225,0.016781476962003605,-0.00019954531231311762,0.016658976962003604
2015-07-17,-0.03849944007508421,0.023801697456377724,0.00012798076923076923,-0.007593050907597432,0.023673716687146955,-0.007721031676828201
2015-07-24,-0.06182139311953305,-0.022343659101418112,0.00013040384615384617,0.05631117156271559,-0.022474062947571958,0.05618076771656174
2015-07-31,-0.021415893011594633,0.011564636032869835,0.00012703846153846153,-0.01013766828445517,0.011437597571331374,-0.010264706745993632
2015-08-07,-0.06035937686116499,-0.012565304832483193,0.0001378653846153846,0.01301536811207038,-0.012703170217098577,0.012877502727454996
2015-08-14,-0.028583173723123245,0.006701695223129356,0.0001388076923076923,0.019915309700941464,0.006562887530821663,0.019776502008633772
2015-08-21,-0.06368834525454226,-0.05941541936781913,0.00011784615384615384,0.029148489714417414,-0.05953326552166529,0.02903064356057126
2015-08-28,0.11147282334532305,0.009081420879388347,0.00013761538461538463,-0.00411241155309261,0.008943805494772961,-0.004250026937707994
2015-09-04,0.018188295851492065,-0.03460623734402368,0.00013590384615384614,-0.006891826037921156,-0.03474214119017753,-0.007027729884075002
2015-09-11,-0.01951602341985481,0.02051964316980648,0.0001356346153846154,-0.013927801744468837,0.020384008554421865,-0.014063436359853453
2015-09-18,-0.003104903802874759,-0.0015411783366330312,0.00013032692307692308,0.023563113728140905,-0.0016715052597099543,0.02343278680506398
2015-09-25,0.014991462421572788,-0.01372480322800751,0.00013303846153846154,0.05074519900523544,-0.013857841689545972,0.05061216054369698
2015-10-02,-0.003507237264565699,0.010312502857869,0.00011142307692307692,0.06551460711062651,0.010201079780945923,0.06540318403370343
2015-10-09,0.09622803209455366,0.032038037960108845,0.0001225,-0.07994108682084988,0.03191553796010885,-0.08006358682084988
2015-10-16,-0.049468495500431864,0.009002037075352298,0.00011707692307692307,0.005270104424237143,0.008884960152275375,0.00515302750116022
2015-10-23,-0.06761673820369696,0.020466799813394054,0.00012332692307692308,-0.021249139482126367,0.02034347289031713,-0.02137246640520329
2015-10-30,0.043652066802687184,0.002026713831990712,0.00013923076923076923,-0.005383593083472693,0.0018874830627599426,-0.005522823852703462
2015-11-06,-0.02433315799178626,0.009496165709088622,0.0001703653846153846,0.01207258123426902,0.009325800324473237,0.011902215849653635
2015-11-13,-0.07938314955355086,-0.03695498916257112,0.00016051923076923076,0.04942488332752326,-0.037115508393340345,0.04926436409675403
2015-11-20,-0.0023837913552764434,0.03216552730837652,0.0001763846153846154,0.01636285721047992,0.031989142692991905,0.016186472595095303
2015-11-27,-0.004544918719238122,0.0004498382572357684,0.0001766346153846154,0.003738322110606873,0.00027320364185115303,0.0035616874952222577
2015-12-04,-0.007701602448212608,0.0007556554953289663,0.00018053846153846153,0.0,0.0005751170337905047,-0.00018053846153846153
2015-12-11,-0.10538736093507284,-0.03865921971514297,0.00016826923076923076,0.08004270767353683,-0.038827488945912196,0.07987443844276759
2015-12-18,-0.032467727050397244,-0.003394794595128481,0.00018311538461538462,0.020455258661401743,-0.0035779099797438652,0.020272143276786357
2015-12-25,0.05503006435748414,0.027268112527234045,0.0001919807692307692,-0.01131233782872787,0.027076131758003275,-0.011504318597958639
2016-01-01,-0.02821587235467682,-0.008307132179787402,0.00020148076923076925,-0.005704522029641446,-0.008508612949018172,-0.0059060027988722145
2016-01-08,-0.07627013515821712,-0.06149739853599723,0.0001791923076923077,0.01926405181527402,-0.06167659084368954,0.019084859507581712
2016-01-15,-0.12161466769105944,-0.021934625814353126,0.00016346153846153846,0.06306437113911834,-0.022098087352814665,0.06290090960065679
2016-01-22,0.057542238382014776,0.014031593505616335,0.00016713461538461538,-0.002109705423849473,0.01386445889023172,-0.0022768400392340882
2016-01-29,0.0434652826697528,0.017332789905382562,0.00014878846153846154,-0.032191620929613585,0.0171840014438441,-0.03234040939115205
2016-02-05,-0.027134616245923393,-0.03151330453094836,0.0001388653846153846,0.030077455237278006,-0.031652169915563744,0.029938589852662623
2016-02-12,-0.025067071444393907,-0.008155288561706442,0.00013725,0.054568348817721546,-0.008292538561706442,0.05443109881772155
2016-02-19,-0.00502671495145135,0.02802518339577098,0.00014265384615384615,-0.04090549834060386,0.027882529549617136,-0.04104815218675771
2016-02-26,0.03192584797698261,0.015660605175129128,0.00015257692307692308,-0.04156165561517344,0.015508028252052204,-0.041714232538250365
2016-03-04,0.14116690237935003,0.026313308305373262,0.0001656923076923077,-0.07452657486400804,0.026147615997680954,-0.07469226717170036
2016-03-11,0.06014145095938206,0.011038902006202278,0.00018373076923076923,-0.02612975263623074,0.010855171236971509,-0.02631348340546151
2016-03-18,0.025853957570395547,0.013453811557514683,0.00016063461538461538,-0.035521186988933806,0.013293176942130069,-0.035681821604318424
2016-03-25,-0.041693383630341696,-0.0066772654052549285,0.00016709615384615385,0.03431709292412943,-0.0068443615591010825,0.03414999677028328
2016-04-01,-0.07006143147778632,0.0179330727290532,0.00013892307692307693,-0.012121360532344916,0.017794149652130123,-0.012260283609267992
2016-04-08,0.10810206539956324,-0.01222232583366889,0.00013365384615384614,-0.01598067198835018,-0.012355979679822736,-0.016114325834504027
2016-04-15,0.01741277369260752,0.01605041807780161,0.0001410576923076923,-0.04433911824517267,0.015909360385493915,-0.04448017593748036
2016-04-22,0.04729345721597511,0.005200967549273905,0.00015726923076923077,-0.02226680077575116,0.005043698318504674,-0.022424070006520393
2016-04-29,0.048866386586482236,-0.012644266916900015,0.0001503076923076923,-0.024129857059688176,-0.012794574609207708,-0.02428016475199587
2016-05-06,-0.01315231585150567,-0.0039588256746787565,0.00014115384615384616,0.03597989697718362,-0.004099979520832603,0.03583874313102978
2016-05-13,0.0342692392924282,-0.005131902825564083,0.0001434423076923077,-0.015831465216680662,-0.005275345133256391,-0.01597490752437297
2016-05-20,0.03168872849936921,0.0027860947581794804,0.00016851923076923077,-0.0039973404326199,0.0026175755274102496,-0.004165859663389131
2016-05-27,0.01882601129404371,0.022518764901043653,0.00017473076923076923,-0.024325523767441126,0.022344034131812882,-0.024500254536671897
2016-06-03,-0.014497446357669475,3.334770460927672e-05,0.00014838461538461538,0.0,-0.00011503691077533867,-0.00014838461538461538
2016-06-10,0.02237229775453331,-0.0014588103273611708,0.00013971153846153848,-0.0305579332176511,-0.0015985218658227092,-0.03069764475611264
2016-06-17,-0.023607119891267736,-0.011926357201196502,0.00013321153846153846,0.03601497268070908,-0.012059568739658041,0.03588176114224754
2016-06-24,-0.019127402264143445,-0.016458412268360867,0.00012057692307692308,-0.013698844358161821,-0.01657898919143779,-0.013819421281238744
2016-07-01,0.027943451163384037,0.03166172750105556,0.00011332692307692309,-0.012491487894028985,0.031548400577978634,-0.012604814817105908
2016-07-08,-0.06036950024962495,0.012733909383223718,0.00011634615384615385,-0.03989132902730219,0.012617563229377564,-0.040007675181148346
2016-07-15,0.011426231892494254,0.014838422703476795,0.00012834615384615386,-0.043065303430836366,0.01471007654963064,-0.04319364958468252
2016-07-22,-0.05417440815070407,0.006129004583077524,0.00013509615384615386,-0.0030395160178966485,0.00599390842923137,-0.0031746121717428025
2016-07-29,-0.060398351875430745,-0.0006576784189711304,0.00012603846153846153,0.021085118487071286,-0.0007837168805095919,0.020959080025532824
2016-08-05,0.023049612572842992,0.00425574558807007,0.0001388653846153846,-0.007479466431292714,0.004116880203454685,-0.007618331815908099
2016-08-12,0.05950473119979627,0.0005404266754238662,0.00013571153846153846,-0.030490166757787263,0.0004047151369623278,-0.030625878296248802
2016-08-19,0.083408169011296,-8.241909197170827e-05,0.0001434423076923077,-0.020329081638425617,-0.00022586139966401596,-0.020472523946117923
2016-08-26,-0.030389935564053783,-0.006813858948638618,0.00016207692307692307,-0.0015810279973187402,-0.006975935871715541,-0.0017431049203956632
2016-09-02,-0.06953277971566996,0.005031029094102912,0.00015111538461538463,-0.004758137446416955,0.004879913709487527,-0.0049092528310323395
2016-09-09,0.04445176257083361,-0.024222420668081668,0.00015040384615384614,-0.009584737912987418,-0.024372824514235513,-0.009735141759141265
2016-09-16,-0.06307596656878012,0.005319946832907263,0.0001465576923076923,0.03934417756482156,0.005173389140599571,0.03919761987251387
2016-09-23,0.019523889168843844,0.011863935523419578,0.000145,-0.03774032798284699,0.011718935523419578,-0.03788532798284699
2016-09-30,0.08114890247660345,0.0016524504332489087,0.00014651923076923078,-0.011281344464039833,0.0015059312024796778,-0.011427863694809064
2016-10-07,0.0434057185055341,-0.006723748783680428,0.0001596346153846154,-0.008136741393061753,-0.006883383399065043,-0.008296376008446368
2016-10-14,0.007317346997432583,-0.009685802804619392,0.00016053846153846153,0.0016326534238852997,-0.009846341266157854,0.0014721149623468381
2016-10-21,0.0019685045726722805,0.0038276752690196147,0.00015834615384615385,-0.019770001401003823,0.003669329115173461,-0.019928347554849977
2016-10-28,-0.04320109240602488,-0.0069126264993668585,0.00016396153846153847,0.029510338149388637,-0.007076588037828397,0.029346376610927098
2016-11-04,-0.08682472276603637,-0.01957992929011798,0.00015073076923076924,0.055002078772602436,-0.01973066005934875,0.054851348003371665
2016-11-11,-0.011261380272538979,0.03731110515027236,0.00017598076923076923,0.007616183045308533,0.03713512438104159,0.007440202276077764
2016-11-18,0.04884409142158219,0.008029769236479467,0.00020534615384615386,0.022506576409799806,0.007824423082633314,0.022301230255953652
2016-11-25,-0.006492124079011674,0.014311148065895729,0.00021476923076923078,-0.017964554975298697,0.014096378835126499,-0.018179324206067927
2016-12-02,0.11512596508180684,-0.009715646305729742,0.00021071153846153844,-0.015220994010355371,-0.00992635784419128,-0.015431705548816909
2016-12-09,0.01459879942115272,0.030365268448154126,0.00021786538461538463,-0.05193928924205671,0.03014740306353874,-0.05215715462667209
2016-12-16,0.009678413151916754,-0.000646360922095468,0.00024084615384615382,0.009646377051805377,-0.0008872070759416218,0.009405530897959223
2016-12-23,0.001321128813463801,0.002529933722377642,0.00023107692307692307,-0.0145046862028817,0.0022988567993007187,-0.014735763125958623
2016-12-30,0.013116170794157167,-0.011086991874049268,0.00022851923076923076,-0.006514681021193791,-0.011315511104818498,-0.006743200251963022
2017-01-06,0.021181379415847523,0.016896595574962703,0.00023265384615384614,-0.05198152566041503,0.016663941728808855,-0.05221417950656888
2017-01-13,-0.03184864628292727,-0.0010282054328598633,0.0002294423076923077,0.00515022597631587,-0.001257647740552171,0.004920783668623562
2017-01-20,0.0013161607615863602,-0.0014650405726461813,0.0002285576923076923,0.005123836999869624,-0.0016935982649538737,0.004895279307561932
2017-01-27,-0.0009399380332961726,0.010241000585689441,0.00023426923076923077,-0.008554372096658769,0.010006731354920211,-0.008788641327428
2017-02-03,0.012336605056618932,0.001188996048273161,0.00023017307692307695,-0.013841051411871419,0.000958822971350084,-0.014071224488794496
2017-02-10,0.009245627990565719,0.008097982487089261,0.00022875,0.0017406444777841035,0.007869232487089262,0.0015118944777841035
2017-02-17,-0.010174909722713288,0.015024086717009055,0.0002285,0.0,0.014795586717009056,-0.0002285
2017-02-24,0.0038971933894771382,0.0068581385684209906,0.00021976923076923077,-0.022868190903659436,0.00663836933765176,-0.023087960134428667
2017-03-03,-0.012299819617684893,0.006643591585033803,0.00025098076923076924,-0.012533736147256613,0.0063926108158030345,-0.012784716916487382
2017-03-10,-0.08406666894936876,-0.004424153297127198,0.00026026923076923075,0.07629348436901506,-0.0046844225278964285,0.07603321513824583
2017-03-17,0.005694544572892646,0.0023785228595629704,0.0002528076923076923,-0.008382278752804506,0.002125715167255278,-0.008635086445112199
2017-03-24,-0.027551084722062136,-0.014514583849272178,0.00024165384615384614,0.021649471696853384,-0.014756237695426024,0.021407817850699538
2017-03-31,0.05337576077944739,0.00796315848816942,0.00024115384615384615,-0.03862780823127143,0.007722004642015574,-0.03886896207742528
2017-04-07,0.03952471072364183,-0.0030434971969688362,0.0002473461538461539,-0.010327114155849415,-0.0032908433508149902,-0.010574460309695569
2017-04-14,0.018072781059694787,-0.011352478315995285,0.00023178846153846155,0.008613317678114907,-0.011584266777533747,0.008381529216576445
2017-04-21,-0.07715508981310171,0.008440203685957215,0.00022696153846153846,-0.0034364294985813615,0.008213242147495676,-0.0036633910370428998
2017-04-28,-0.005861563018008109,0.015005912385444908,0.00024267307692307693,-0.031471128712220686,0.014763239308521832,-0.031713801789143764
2017-05-05,-0.05693187411404654,0.006309221951489974,0.00025196153846153847,0.010600805986640705,0.006057260413028435,0.010348844448179167
2017-05-12,0.03313587951052943,-0.0035029961565031797,0.00024815384615384614,-0.010600805986640705,-0.003751150002657026,-0.01084895983279455
2017-05-19,0.05059759884568882,-0.003842749714197957,0.00024428846153846153,-0.010714388212406334,-0.004087038175736419,-0.010958676673944795
2017-05-26,-0.01731903545721103,0.014211659603247995,0.00024878846153846153,-0.014466798417753335,0.013962871141709533,-0.014715586879291797
2017-06-02,-0.043922512360011545,0.009578045123139312,0.0002476730769230769,-0.012832440069884488,0.009330372046216234,-0.013080113146807565
2017-06-09,-0.03393049272277038,-0.0029974318456895688,0.0002566730769230769,0.018282044837448996,-0.003254104922612646,0.01802537176052592
2017-06-16,-0.0241663781652095,0.0005673269188450902,0.0002529038461538461,-0.0036297680505785745,0.0003144230726912441,-0.003882671896732421
2017-06-23,-0.04456295398697119,0.002114360988453079,0.0002577692307692308,0.02690745291992447,0.0018565917576838483,0.026649683689155237
2017-06-30,0.06807793705803711,-0.006125435929841494,0.00026571153846153845,-0.005323881252750073,-0.0063911474683030324,-0.005589592791211612
2017-07-07,-0.036496365007737896,0.0007301091981899432,0.00026903846153846156,0.022868190903659436,0.0004610707366514817,0.022599152442120973
2017-07-14,0.05180003688875212,0.013958809499503566,0.0002606923076923077,-0.024649135274654066,0.013698117191811259,-0.024909827582346375
2017-07-21,-0.02118540106914546,0.005381404402999834,0.00025773076923076927,-0.030771658666753687,0.005123673633769065,-0.031029389435984458
2017-07-28,0.08257726544103061,-0.0001779704897266754,0.00025907692307692307,-0.00552996800946115,-0.00043704741280359847,-0.005789044932538073
2017-08-04,-0.0026185934995366367,0.0019115248913426086,0.00025978846153846153,0.0,0.0016517364298041471,-0.00025978846153846153
2017-08-11,-0.01237966089281839,-0.01444064011022661,0.00024884615384615386,0.06268838184940972,-0.014689486264072764,0.06243953569556357
2017-08-18,-0.006350528358849861,-0.006480573835799142,0.0002510384615384615,0.0051948168771038805,-0.006731612297337603,0.004943778415565419
2017-08-25,-0.016368333950958824,0.00718895590855162,0.0002560576923076923,-0.013913267916984884,0.006932898216243927,-0.014169325609292576
2017-09-01,-0.012190146748633168,0.013619203920771206,0.0002580769230769231,-0.024823969728726247,0.013361126997694282,-0.02508204665180317
2017-09-08,0.016151373652538492,-0.006123980758904857,0.0002426923076923077,0.0035842332278150923,-0.006366673066597164,0.003341540920122785
2017-09-15,0.048334280788395745,0.015640245775006,0.00026544230769230773,-0.012601426878003918,0.015374803467313692,-0.012866869185696227
2017-09-22,0.004352133476810405,0.0007956101929940118,0.0002751923076923077,-0.0036297680505785745,0.0005204178853017041,-0.0039049603582708824
2017-09-29,0.019740697725564527,0.006826563178556455,0.0002851346153846154,-0.009132483563272453,0.00654142856317184,-0.00941761817865707
2017-10-06,-0.0398789518079119,0.011825678534789219,0.0002892307692307692,-0.0055197932235979685,0.01153644776555845,-0.005809023992828738
2017-10-13,0.041039493524241966,0.0015051448211460539,0.00028709615384615384,0.007352974305258719,0.0012180486672999,0.007065878151412566
2017-10-20,0.0021241680285957187,0.008595359818559523,0.0003031346153846154,-0.022223136784710107,0.008292225203174908,-0.02252627140009472
2017-10-27,0.038968425870931966,0.002272957451066482,0.0003052884615384615,0.01671348097374059,0.0019676689895280204,0.01640819251220213
2017-11-03,0.03571808260207954,0.0026195092857932423,0.0003104807692307692,0.0018399269220072956,0.002309028516562473,0.0015294461527765263
2017-11-10,0.01985176855273174,-0.002143076249513598,0.00031809615384615383,0.057158413839948574,-0.002461172403359752,0.05684031768610242
2017-11-17,-0.004749767043826125,-0.0013369115464030301,0.00033101923076923076,0.00864309615601977,-0.0016679307771722608,0.00831207692525054
2017-11-24,0.0387390649574435,0.009098218231718747,0.0003354423076923077,-0.015611765472113293,0.008762775924026439,-0.0159472077798056
2017-12-01,-0.010058903328794777,0.015177691522047176,0.00034076923076923075,-0.005258557253466689,0.014836922291277945,-0.0055993264842359195
2017-12-08,-0.015889798914616726,0.003506044711878431,0.00034509615384615384,0.0017559267022648761,0.0031609485580322773,0.0014108305484187224
2017-12-15,-0.0019168778196769765,0.00912662065544012,0.00035303846153846155,0.006993035490970412,0.008773582193901659,0.00663999702943195
2017-12-22,0.019689755267287445,0.0028101489808376456,0.00036357692307692306,0.0017406444777841035,0.0024465720577607226,0.0013770675547071804
2017-12-29,0.03280637377094742,-0.0036326681040437236,0.0003621153846153846,-0.005231049417552702,-0.003994783488659108,-0.005593164802168087
2018-01-05,0.016252512382781248,0.025677275984874015,0.00037690384615384615,-0.03197430463251405,0.02530037213872017,-0.032351208478667896
2018-01-12,0.04489770292839346,0.015586121545958065,0.0003841538461538462,0.014337163146407317,0.015201967699804218,0.01395300930025347
2018-01-19,-0.014427096713665932,0.008598222554766721,0.0003970576923076923,0.005323881252750073,0.008201164862459028,0.004926823560442381
2018-01-26,0.04373041299761127,0.022020290891732408,0.0004069807692307692,-0.007104825623744704,0.021613310122501637,-0.007511806392975473
2018-02-02,-0.01048721519773732,-0.03930940888264001,0.0004117884615384616,0.05378572936130932,-0.03972119734417847,0.05337394089977086
2018-02-09,-0.10391855434092534,-0.05299957392586219,0.0003986923076923077,0.07169192845611638,-0.053398266233554495,0.07129323614842407
2018-02-16,0.0424819146154789,0.042111918256684255,0.00042105769230769226,-0.030329539434734265,0.04169086056437656,-0.030750597127041958
2018-02-23,0.031977145005000374,0.005504145644683156,0.0004303846153846154,0.0016194335523029846,0.005073761029298541,0.0011890489369183691
2018-03-02,-0.036863148210626306,-0.020612841501042034,0.0004311153846153846,0.009661910911736848,-0.021043956885657418,0.009230795527121465
2018-03-09,0.010879379856635119,0.03480567913517163,0.0004342307692307692,-0.01615544022228521,0.03437144836594086,-0.01658967099151598
2018-03-16,0.007882289664479458,-0.012479895046181966,0.00044055769230769235,0.00811034453745374,-0.012920452738489657,0.007669786845146047
2018-03-23,0.05410938636348828,-0.06134571851439308,0.0004334230769230769,0.01761454670098206,-0.06177914159131615,0.01718112362405898
2018-03-30,-0.014371138634739822,0.0201225730535608,0.00043578846153846147,-0.01761454670098206,0.019686784592022336,-0.018050335162520522
2018-04-06,-0.04471777773526675,-0.013879208713452051,0.00043578846153846147,0.009646377051805377,-0.014314997174990513,0.009210588590266916
2018-04-13,0.0808599136177568,0.019704977431699966,0.00045319230769230766,-0.030871663667087157,0.01925178512400766,-0.031324855974779464
2018-04-20,0.01576692207131547,0.005196728451607235,0.0004725576923076923,0.008216973102280978,0.004724170759299543,0.0077444154099732855
2018-04-27,-0.00439561147303813,-8.614151558195005e-05,0.00047765384615384613,0.024253411928503166,-0.0005637953617357962,0.02377575808234932
2018-05-04,0.02351000749635279,-0.0024337527223847744,0.00048017307692307693,0.007955491441114626,-0.002913925799307851,0.007475318364191549
2018-05-11,0.013675426799675705,0.023855084160772755,0.00048748076923076924,-0.00635932190829247,0.023367603391541987,-0.00684680267752324
2018-05-18,0.009714965531480324,-0.005422119671115944,0.00048975,0.012678458259770764,-0.005911869671115943,0.012188708259770763
2018-05-25,-0.05013617261695025,0.0030767556428399345,0.0004761153846153846,0.0062794554848433215,0.00260064025822455,0.005803340100227937
2018-06-01,-0.030969637897998226,0.004871755161023117,0.0004753076923076923,0.0031250025431353023,0.0043964474687154245,0.00264969485082761
2018-06-08,-0.0021296022651462465,0.016109459402186665,0.0004803269230769231,-0.009404458027978624,0.015629132479109742,-0.009884784951055547
2018-06-15,-0.012565289440428451,0.00022667211256521824,0.000489826923076923,-0.019078480105238382,-0.00026315481051170477,-0.019568307028315305
2018-06-22,0.05592403627232123,-0.008954733577301255,0.0004886923076923077,0.00799364768074562,-0.009443425884993563,0.007504955373053311
2018-06-29,0.07808912154916747,-0.013341448516290377,0.0004861923076923077,0.032892550235891216,-0.013827640823982685,0.03240635792819891
2018-07-06,-0.035414076833435004,0.015133024239845305,0.0004877884615384616,0.004611845222562971,0.014645235778306844,0.00412405676102451
2018-07-13,-0.022895290639016075,0.014921704701979621,0.0004957692307692307,-0.020140107549118103,0.014425935471210391,-0.020635876779887333
2018-07-20,-0.024456757632929538,0.0001856102119495162,0.000498673076923077,0.0,-0.0003130628649735608,-0.000498673076923077
2018-07-27,0.00627968474722973,0.006045582538446226,0.0005133461538461538,-0.007855499940308874,0.005532236384600072,-0.008368846094155028
2018-08-03,-0.0029158790159771186,0.00760892635299637,0.0005083076923076923,-0.011102413804305211,0.007100618660688678,-0.011610721496612903
2018-08-10,-0.022891053426632446,-0.0024922328947942773,0.0005008076923076923,-0.001596169532822156,-0.0029930405871019697,-0.0020969772251298482
2018-08-17,-0.026183864378070076,0.005929556153773774,0.0005011346153846154,0.007955491441114626,0.005428421538389159,0.007454356825730011
2018-08-24,0.052427446270889355,0.008580235073348597,0.0005038846153846154,-0.011155494171785518,0.00807635045796398,-0.011659378787170134
2018-08-31,0.015593732092326285,0.009289895262448944,0.0005051730769230769,0.004796172263493048,0.008784722185525867,0.0042909991865699715
2018-09-07,-0.03276594536211874,-0.01033751324572929,0.0005197115384615384,0.009523881511255494,-0.010857224784190829,0.009004169972793956
2018-09-14,0.017899538925536973,0.0115292812331651,0.0005341730769230769,-0.01753032940499688,0.010995108156242024,-0.01806450248191996
2018-09-21,0.028808871585572327,0.008463283101027841,0.0005384423076923077,0.00641027836091923,0.007924840793335533,0.005871836053226923
2018-09-28,0.03430177297985981,-0.005369944368141866,0.0005420769230769231,-0.0032000027306708922,-0.005912021291218789,-0.003742079653747815
2018-10-05,0.013694200851757543,-0.009797390229674185,0.0005548076923076922,0.026879088551242436,-0.010352197921981878,0.026324280858934745
2018-10-12,-0.04236056866688731,-0.04191177210935759,0.0005486153846153846,0.027694077581837062,-0.042460387493972976,0.02714546219722168
2018-10-19,-0.02705561582786764,0.00023487283550682747,0.0005584230769230769,0.0060514556833553,-0.00032355024141624944,0.005493032606432223
2018-10-26,-0.02469622114191683,-0.040212034546049935,0.0005396538461538462,0.03555930203648683,-0.040751688392203785,0.03501964819033298
2018-11-02,-0.06589071965286397,0.02392272768771253,0.0005583461538461538,-0.005839432651559173,0.023364381533866378,-0.006397778805405327
2018-11-09,-0.04724268955975042,0.02105792310458554,0.0005623269230769231,-0.0029325534212778503,0.02049559618150862,-0.0034948803443547736
2018-11-16,-0.06290521907716862,-0.016218491972336935,0.0005384230769230769,0.054299051571534473,-0.01675691504926001,0.0537606284946114
2018-11-23,-0.11703349306270594,-0.03863892231281252,0.0005402692307692308,0.017919156240264744,-0.03917919154358175,0.017378887009495515
2018-11-30,0.010064219136739716,0.04733551524606039,0.0005358653846153846,-0.013755375068485343,0.046799649861445004,-0.014291240453100727
2018-12-07,0.03624842582232857,-0.047138008389651986,0.0005213269230769231,0.013755375068485343,-0.04765933531272891,0.01323404814540842
2018-12-14,-0.025701453054178813,-0.012662049572168321,0.0005255769230769231,-0.0013670542115329365,-0.013187626495245245,-0.0018926311346098596
2018-12-21,-0.12131071943931282,-0.07312234440609267,0.0005074807692307692,0.08644121904043667,-0.07362982517532343,0.0859337382712059
2018-12-28,-0.005719329272592333,0.02820053227204955,0.00048386538461538456,0.001253918659593456,0.027716666887434165,0.0007700532749780714
2019-01-04,0.05639826520655555,0.018415405379445637,0.0004795576923076923,-0.039621796082552674,0.017935847687137945,-0.04010135377486036
2019-01-11,0.07914411967982415,0.025086140591269235,0.0004886153846153846,-0.06323558935715501,0.02459752520665385,-0.06372420474177039
2019-01-18,0.04021306325286034,0.028272406755371904,0.000502673076923077,-0.021053409197832273,0.027769733678448826,-0.02155608227475535
2019-01-25,-0.006497748657519953,-0.0022303573880160243,0.0005012115384615385,0.007067167223092419,-0.002731568926477563,0.00656595568463088
2019-02-01,0.028822555060792343,0.015553374342525572,0.00048113461538461537,-0.03147613210201761,0.015072239727140956,-0.03195726671740222
2019-02-08,-0.040060732899690255,0.0004986693020940791,0.0004740384615384615,0.001452433080314952,2.463084055561761e-05,0.0009783946187764906
2019-02-15,0.05300589749172735,0.02470089912131801,0.00048348076923076925,-0.022011160101351512,0.02421741835208724,-0.022494640870582283
2019-02-22,0.022607815582661672,0.0061311874150558054,0.00047948076923076926,-0.01344307025645275,0.005651706645825036,-0.013922551025683518
2019-03-01,-0.025828430282704318,0.00393827925415291,0.0004908846153846154,-0.015151805020602316,0.0034473946387682947,-0.01564268963598693
2019-03-08,0.011227062593784254,-0.021858675578424247,0.0004732692307692307,0.028594875277055065,-0.02233194480919348,0.028121606046285833
2019-03-15,0.04148100114479991,0.028538199965792543,0.00046880769230769236,-0.03012275945510834,0.02806939227348485,-0.03059156714741603
2019-03-22,0.0037332471663678035,-0.007742974633905497,0.00044550000000000004,-0.0076746347531087,-0.008188474633905497,-0.0081201347531087
2019-03-29,0.01845999726816583,0.01195731810319689,0.0004346153846153846,-0.009287992466470607,0.011522702718581506,-0.009722607851085991
2019-04-05,0.04883767123611715,0.02037387528105139,0.00044986538461538466,-0.028393074501217752,0.019924009896436005,-0.028842939885833137
2019-04-12,0.013682685745217249,0.005058500653204234,0.00045988461538461537,-0.02265469056480618,0.004598616037819619,-0.023114575180190795
2019-04-19,0.0007807011092131333,-0.000818933230454455,0.0004577307692307692,0.00977206473379244,-0.0012766639996852243,0.009314333964561671
2019-04-26,-0.01209090650079947,0.011925046918124238,0.00043886538461538455,-0.0032467560988698185,0.011486181533508853,-0.0036856214834852033
2019-05-03,-0.021719154605073676,0.0019573467897409103,0.0004486538461538462,-0.004889985294191934,0.001508692943587064,-0.00533863914034578
2019-05-10,-0.0022628100814117147,-0.022049823835556204,0.00043578846153846147,0.03373813963185013,-0.022485612297094667,0.03330235117031167
2019-05-17,0.017960713726432154,-0.007619011482394633,0.00042271153846153847,0.009434032233358591,-0.008041723020856172,0.009011320694897053
2019-05-24,-0.07061756721395351,-0.01177376020338361,0.0004161730769230769,-0.004705891037412702,-0.012189933280306686,-0.005122064114335779
2019-05-31,-0.09156485707416318,-0.026533793300446362,0.00036963461538461537,0.03248545514448842,-0.026903427915830978,0.032115820529103806
2019-06-07,0.012260974702058558,0.043125394031404696,0.00035565384615384615,-0.05153365011518285,0.04276974018525085,-0.051889303961336695
2019-06-14,-0.02599978118644275,0.004735856859874765,0.0003539423076923077,-0.017785432433216286,0.0043819145521824575,-0.018139374740908595
2019-06-21,0.08462396745862888,0.02175011734866583,0.0003399615384615385,-0.06399489513886092,0.021410155810204293,-0.06433485667732246
2019-06-28,0.01794698731137334,-0.0029530487057032317,0.0003374807692307692,0.020654779030746084,-0.003290529474934001,0.020317298261515314
2019-07-05,-0.015164860668997804,0.016402460054559143,0.0003575576923076923,-0.005123836999869624,0.01604490236225145,-0.005481394692177317
2019-07-12,0.04598316221455878,0.007781284993930271,0.00035521153846153846,0.0068259650703998975,0.007426073455468732,0.006470753531938359
2019-07-19,-0.07827533728087133,-0.012406717656737065,0.00034967307692307696,0.013513719166722948,-0.012756390733660142,0.013164046089799871
2019-07-26,0.007859990447377285,0.016410279513578097,0.0003561346153846154,-0.02377021933391199,0.01605414489819348,-0.024126353949296606
2019-08-02,-0.009655000801901181,-0.03149351151358015,0.0003291923076923077,0.02544666566116427,-0.03182270382127246,0.02511747335347196
2019-08-09,-0.023449224939915414,-0.0045806564788328785,0.0003166538461538462,0.016611677666896307,-0.004897310324986724,0.016295023820742462
2019-08-16,0.008060127900196168,-0.010321530227543008,0.00028390384615384616,0.011466137087644102,-0.010605434073696855,0.011182233241490255
2019-08-23,-0.011745409388217887,-0.014495205667198086,0.00029484615384615384,-0.043267980248515636,-0.01479005182104424,-0.04356282640236179
2019-08-30,0.017022466489061472,0.027489056739958606,0.0002892307692307692,-0.02758795651882906,0.027199825970727835,-0.02787718728805983
2019-09-06,0.023851215822180194,0.017696819437732714,0.0002961923076923077,-0.010544913176614878,0.017400627130040407,-0.010841105484307187
2019-09-13,-0.029310738027079175,0.009582272080090881,0.0003461346153846154,0.005286355923148189,0.009236137464706265,0.004940221307763574
2019-09-20,0.05830333805047161,-0.005107137408730367,0.0003236538461538462,-0.02131519419904704,-0.005430791254884213,-0.021638848045200883
2019-09-27,-0.03825027696588812,-0.01017164027012285,0.00031375,0.019556178793867174,-0.01048539027012285,0.019242428793867172
2019-10-04,-0.05704268831971149,-0.00330752102399412,0.00026992307692307694,0.03800111817861396,-0.003577444100917197,0.03773119510169088
2019-10-11,0.03662459711609056,0.006166563507171929,0.00030603846153846154,-0.01882005932677,0.005860525045633468,-0.019126097788308462
2019-10-18,-0.016751427142490005,0.005348818336890382,0.00030261538461538463,-0.020943173845243024,0.005046202952274997,-0.021245789229858408
2019-10-25,0.05049475770992773,0.012099169856744751,0.0003110769230769231,-0.035910501305771,0.011788092933667829,-0.036221578228847924
2019-11-01,-0.008151737502724465,0.014569694097929187,0.00029846153846153846,0.03060544907607765,0.014271232559467648,0.030306987537616112
2019-11-08,0.018685542770323416,0.00849681815947001,0.00032196153846153844,0.007067167223092419,0.008174856621008472,0.00674520568463088
2019-11-15,0.009905372500157661,0.008813068626652765,0.00030963461538461543,0.0052677909348590735,0.008503434011268149,0.004958156319474458
2019-11-22,-0.0010380623769528086,-0.0032644574189415465,0.00031301923076923076,0.012184659016367227,-0.0035774766497107774,0.011871639785597996
2019-11-29,-0.04605028250883425,0.009818883705039028,0.00030998076923076926,-0.03342439551727838,0.009508902935808259,-0.03373437628650915
2019-12-06,0.06881159712771279,0.0015683433336750596,0.0003105576923076923,-0.019874186207083477,0.0012577856413673674,-0.02018474389939117
2019-12-13,0.014780248908810023,0.0072497708545746775,0.0003084038461538461,-0.04478360262697345,0.006941367008420831,-0.0450920064731273
2019-12-20,0.007639964083676176,0.016407202460667847,0.00031334615384615385,-0.017324783657306053,0.016093856306821693,-0.017638129811152207
2019-12-27,0.0209568900904209,0.005819332838454372,0.0003040769230769231,-0.001943635208571104,0.0055152559153774485,-0.002247712131648027
2020-01-03,0.02132003491596901,-0.0015969435984732883,0.0002931923076923077,-0.0038986404156573506,-0.001890135906165596,-0.004191832723349658
2020-01-10,-0.06656012439594505,0.00938439550669834,0.0003019615384615385,-0.015748356968139143,0.0090824339682368,-0.016050318506600682
2020-01-17,-0.006974596615396678,0.01949122883380916,0.00029984615384615385,0.015748356968139143,0.019191382679963006,0.01544851081429299
2020-01-24,-0.0778969518215642,-0.010309385220237388,0.00028744230769230767,0.03266380681879166,-0.010596827527929696,0.032376364511099355
2020-01-31,-0.04975021150703629,-0.021454620586498052,0.00025253846153846154,0.042559614418795855,-0.021707159048036512,0.04230707595725739
2020-02-07,-0.019783232604506207,0.031190202179033122,0.00026944230769230767,-0.04634749773573299,0.030920759871340815,-0.0466169400434253
2020-02-14,0.034415761682462964,0.015638665913636274,0.00027459615384615386,-0.03083095833765781,0.01536406975979012,-0.031105554491503963
2020-02-21,0.020057436827435104,-0.012626118364593708,0.0002604423076923077,0.009737175277858334,-0.012886560672286015,0.009476732970166027
2020-02-28,-0.17612126053265387,-0.12206227066427999,0.00017557692307692307,0.18843975330589036,-0.12223784758735691,0.18826417638281343
2020-03-06,-0.07538052137877704,0.006124957772197348,9.734615384615385e-05,0.020652044552669002,0.0060276116183511945,0.02055469839882285
2020-03-13,-0.25676685396352505,-0.09203466655513814,9.428846153846155e-05,0.26260613168356906,-0.0921289550166766,0.2625118432220306
2020-03-20,-0.3498910484559765,-0.16227897915289358,6.026923076923077e-05,0.2788767931528473,-0.16233924838366282,0.27881652392207806
2020-03-27,-0.05075851636580708,0.09769668509447449,4.65e-05,-0.10403984700444946,0.09765018509447448,-0.10408634700444946
2020-04-03,0.27575629098289545,-0.02100225900709063,4.4019230769230764e-05,0.012109128789749235,-0.02104627823785986,0.012065109558980004
2020-04-10,0.016795356308841658,0.11423668284765043,4.334615384615384e-05,-0.16187013416993512,0.11419333669380427,-0.16191348032378128
2020-04-17,-0.1409944851276932,0.029922541435717598,3.8826923076923076e-05,-0.10169846605131161,0.029883714512640675,-0.10173729297438854
2020-04-24,-0.3903974162197743,-0.01324411353679178,4.3173076923076925e-05,0.08983593074149177,-0.013287286613714856,0.08979275766456869
2020-05-01,0.1549936369706577,-0.0021279419405155764,3.653846153846154e-05,-0.04017582306351963,-0.002164480402054038,-0.040212361525058096
2020-05-08,0.27994239034748825,0.0344065977321355,3.0153846153846152e-05,-0.021344187560684347,0.034376443885981656,-0.021374341406838193
2020-05-15,0.12045428319021756,-0.022819666305003317,2.7903846153846155e-05,0.03614100500212336,-0.022847570151157164,0.03611310115596952
2020-05-22,0.11898676736959146,0.03153642851941996,3.223076923076923e-05,-0.08957390972718526,0.031504197750189186,-0.08960614049641603
2020-05-29,0.06519619955654177,0.02962335097080704,3.082692307692308e-05,-0.062131781107006345,0.029592524047730117,-0.06216260803008327
2020-06-05,0.11461594563198663,0.04797785896122875,3.9653846153846156e-05,-0.14705341795649662,0.0479382051150749,-0.14709307180265047
2020-06-12,-0.08628071662284631,-0.048963789809036484,3.711538461538462e-05,0.11079128684296058,-0.04900090519365187,0.1107541714583452
2020-06-19,0.08703420152600749,0.018384469708841777,3.5673076923076926e-05,-0.04997254680792129,0.018348796631918702,-0.05000821988484437
2020-06-26,-0.034221929897898296,-0.029048399033722916,3.1942307692307695e-05,0.04997254680792129,-0.029080341341415225,0.04994060450022898
2020-07-03,0.05460036869816509,0.03941178510906873,2.9346153846153847e-05,-0.02240571697526672,0.03938243895522258,-0.022435063129112875
2020-07-10,0.0027023723607042527,0.01742864837983049,2.9403846153846154e-05,-0.00606062461169099,0.017399244533676646,-0.006090028457844837
2020-07-17,-0.0002453686676524569,0.012384377997744167,2.7903846153846155e-05,-0.06758266351879927,0.012356474151590321,-0.06761056736495312
2020-07-24,0.013164500211127361,-0.002825930865965276,2.8326923076923075e-05,-0.09905702787923398,-0.002854257789042199,-0.09908535480231091
2020-07-31,-0.02501356503463592,0.0171091389653224,2.0269230769230766e-05,-0.03656714541841932,0.01708886973455317,-0.036587414649188556
2020-08-07,0.029845659481413822,0.024209928499521638,2.480769230769231e-05,-0.011236073266925883,0.024185120807213946,-0.011260880959233575
2020-08-14,0.01957103038719943,0.006415721881557701,2.7884615384615383e-05,0.053174762487256055,0.006387837266173086,0.05314687787187144
2020-08-21,0.0007088009747429069,0.007181704158801594,2.753846153846154e-05,0.0035650661644961446,0.007154165697263132,0.003537527702957683
2020-08-28,0.0147699320801844,0.03210913668106308,2.4423076923076924e-05,-0.04923510299768452,0.03208471360414,-0.049259526074607596
2020-09-04,-0.07738933856730412,-0.023375354324999265,2.7461538461538463e-05,0.0294680622569079,-0.023402815863460803,0.029440600718446362
2020-09-11,-0.05477990497369678,-0.025412386821209054,2.4423076923076924e-05,0.009033485097667882,-0.025436809898132132,0.009009062020744805
2020-09-18,0.09301369000553539,-0.006456052356213604,2.675e-05,-0.007220247973487082,-0.006482802356213604,-0.0072469979734870816
2020-09-25,-0.026236640386865684,-0.006349438747600189,2.4788461538461536e-05,0.08670939903172581,-0.0063742272091386505,0.08668461057018735
2020-10-02,-0.08284165212247663,0.015038872853482488,2.4788461538461536e-05,-0.056377011182489944,0.015014084391944026,-0.05640179964402841
2020-10-09,0.09910618019921147,0.03771267514366805,2.9403846153846154e-05,-0.06723694478468656,0.037683271297514205,-0.06726634863084041
2020-10-16,0.005120089205602252,0.0019192816058062334,2.751923076923077e-05,0.001877934824199956,0.0018917623750370027,0.0018504155934307254
2020-10-23,-0.03137221591068551,-0.005301342065264336,2.9884615384615387e-05,0.0,-0.005331226680648952,-2.9884615384615387e-05
2020-10-30,-0.10745388045828941,-0.05804742800223828,2.9326923076923075e-05,0.08105244450653304,-0.0580767549253152,0.08102311758345612
2020-11-06,0.046405705969886135,0.07067872817126286,2.9365384615384616e-05,-0.14296776758751273,0.07064936278664748,-0.1429971329721281
2020-11-13,0.07475555421928393,0.021343833590750094,3.442307692307692e-05,-0.004000005333345991,0.021309410513827017,-0.0040344284102690675
2020-11-20,0.048790164169431716,-0.007731019410780249,3.025e-05,-0.030521189034887097,-0.007761269410780249,-0.030551439034887096
2020-11-27,0.07075150021015464,0.022460987405667154,2.930769230769231e-05,-0.027226812700213987,0.02243167971335946,-0.02725612039252168
2020-12-04,0.019358951499599986,0.016564671349092563,2.898076923076923e-05,-0.07035868094124642,0.016535690579861793,-0.0703876617104772
2020-12-11,0.007083854888405128,-0.00968689748670215,2.2115384615384616e-05,0.011325149357053643,-0.009709012871317535,0.011303033972438259
2020-12-18,0.0518920455815568,0.012464778285458777,2.3269230769230768e-05,-0.011325149357053643,0.012441509054689546,-0.011348418587822874
2020-12-25,-0.020725067235372485,-0.0017133294444011682,2.2865384615384618e-05,-0.002280502698725151,-0.0017361948290165528,-0.0023033680833405355
2021-01-01,0.005994849994968909,0.014213693141270412,2.3288461538461537e-05,-0.0467374778516898,0.01419040467973195,-0.046760766313228265
2021-01-08,0.07425517601661724,0.018101605628013218,2.5557692307692307e-05,-0.004796172263493048,0.018076047935705525,-0.00482172995580074
2021-01-15,0.003056937802793591,-0.014864100939574243,2.557692307692308e-05,0.004796172263493048,-0.014889677862651166,0.004770595340416125
2021-01-22,-0.0028656051704296637,0.019244403137124166,2.325e-05,-0.007202912294058006,0.019221153137124167,-0.007226162294058006
2021-01-29,-0.0013400978362372307,-0.033681024647505,2.1019230769230768e-05,0.03782956987304931,-0.03370204387827423,0.03780855064228007
2021-02-05,0.08269171584511348,0.04541983418685369,1.948076923076923e-05,-0.06717152815706462,0.04540035341762292,-0.06719100892629538
2021-02-12,0.046183258601907085,0.012273763518120262,2.096153846153846e-05,-0.017522350692202426,0.012252801979658723,-0.017543312230663966
2021-02-19,-0.002022927190195034,-0.0071720913336843495,2.0153846153846156e-05,0.007547205635382914,-0.0071922451798381954,0.007527051789229068
2021-02-26,0.037102632667053825,-0.024764606704163583,2.4423076923076924e-05,0.06312775203455323,-0.02478902978108666,0.06310332895763016
2021-03-05,0.06940471078874388,0.00804646649295826,2.6326923076923077e-05,0.020955365175988172,0.008020139569881337,0.020929038252911248
2021-03-12,-0.00425661937932631,0.026050632579627475,2.8269230769230768e-05,0.01145487897476638,0.026022363348858244,0.01142660974399715
2021-03-19,-0.06612417738247345,-0.007698181196593268,2.869230769230769e-05,0.03579800587577919,-0.0077268735042855755,0.03576931356808689
2021-03-26,-0.007679148919692125,0.015579119398161367,2.667307692307692e-05,-0.04495138786226649,0.01555244632123829,-0.04497806093918957
2021-04-02,0.007841896092319445,0.01134054566017717,3.580769230769231e-05,-0.04706751085798566,0.011304737967869478,-0.04710331855029335
2021-04-09,-0.034771714956367106,0.026737244052803533,2.9769230769230767e-05,-0.03182643161167742,0.026707474822034304,-0.03185620084244665
2021-04-16,0.06269393972968729,0.013632195637468314,3.1e-05,-0.007490671729157405,0.013601195637468314,-0.007521671729157405
2021-04-23,-0.016756156820463275,-0.0012670879237219879,3.0288461538461538e-05,0.012453461071286531,-0.0012973763852604495,0.01242317260974807
2021-04-30,0.022909051517755685,0.00023919611085609915,3.0461538461538465e-05,-0.012453461071286531,0.0002087345723945607,-0.01248392260974807
2021-05-07,0.020240454324500945,0.012225349767232885,2.7846153846153848e-05,-0.020253856904497658,0.01219750361338673,-0.02028170305834381
2021-05-14,0.007371040744589941,-0.013977590186264877,2.8269230769230768e-05,0.05231578936416059,-0.014005859417034108,0.052287520133391364
2021-05-21,-0.027611495069090886,-0.004319484825130004,2.948076923076923e-05,0.014458083175229897,-0.004348965594360774,0.014428602405999127
2021-05-28,0.04219255534438293,0.011543231796183662,2.7057692307692306e-05,-0.03654487057807332,0.01151617410387597,-0.03657192827038101
2021-06-04,0.04856037155625348,0.0061133697629198736,2.7846153846153848e-05,-0.0049751346401138985,0.00608552360907372,-0.005002980793960052
2021-06-11,0.013978262115903028,0.004140460515808186,2.825e-05,-0.03295608768329572,0.004112210515808187,-0.03298433768329572
2021-06-18,0.009725920630341278,-0.019252094219634586,4.886538461538461e-05,0.020408871631207193,-0.01930095960424997,0.02036000624659181
2021-06-25,0.03798447558427043,0.027052193334403896,5.117307692307692e-05,-0.0281708769666964,0.02700102025748082,-0.028222050043619478
2021-07-02,0.014878633831457044,0.01659708387954062,4.492307692307692e-05,-0.04244669024725711,0.01655216080261754,-0.04249161332418019
2021-07-09,-0.018124950763303893,0.003946397474809515,4.088461538461539e-05,-0.008163310639160759,0.0039055128594249,-0.008204195254545375
2021-07-16,-0.030957965141442223,-0.009748591297334741,4.2596153846153844e-05,0.03753791931906503,-0.009791187451180895,0.03749532316521887
2021-07-23,0.007101610295831229,0.019369065117473383,3.809615384615384e-05,0.010471299867295558,0.01933096896362723,0.010433203713449404
2021-07-30,0.025751320220458673,-0.0037538152753811005,3.5365384615384617e-05,0.010362787035546495,-0.003789180659996485,0.01032742165093111
2021-08-06,-0.08241197600134154,0.00934359781963856,4.0057692307692313e-05,0.03544674899574751,0.009303540127330869,0.03540669130343982
2021-08-13,0.0016139685111609126,0.007070595865705798,3.982692307692308e-05,0.02214112587721373,0.007030768942628875,0.022101298954136806
2021-08-20,-0.09320127770172704,-0.005910449354393776,4.309615384615384e-05,0.012092045765028647,-0.00595354550823993,0.012048949611182493
2021-08-27,0.1009413674567865,0.015127022325813755,4.136538461538462e-05,-0.05433435096332939,0.01508565694119837,-0.054375716347944775
2021-09-03,0.007969324217602214,0.005762442975361992,3.9634615384615384e-05,-0.04410572184992323,0.005722808359977377,-0.044145356465307845
2021-09-10,0.002594409065499903,-0.017089567467460043,4.090384615384615e-05,0.00529101763441564,-0.01713047131361389,0.005250113788261794
2021-09-17,0.03326798409314691,-0.00575602973461109,4.263461538461539e-05,-0.007947061692531898,-0.005798664349995705,-0.007989696307916513
2021-09-24,0.029631797606371357,0.005060499274872399,5.182692307692308e-05,0.033990200228551926,0.005008672351795476,0.033938373305475
2021-10-01,0.025358358662505687,-0.022341871504501398,5.073076923076923e-05,0.035357218328236684,-0.022392602273732166,0.035306487559005915
2021-10-08,0.03725210870411111,0.007841491968997971,6.111538461538463e-05,0.03174869831458027,0.007780376584382587,0.03168758292996489
2021-10-15,0.03701587775711346,0.01806042967243293,7.594230769230768e-05,0.0,0.017984487364740624,-7.594230769230768e-05
2021-10-22,0.02453443503424335,0.016310875823702276,8.71923076923077e-05,0.014320053774748542,0.016223683516009967,0.014232861467056235
2021-10-29,-0.0022709625489367724,0.013219460116680182,9.557692307692308e-05,0.0023668650102661726,0.013123883193603258,0.0022712880871892495
2021-11-05,-0.0420342882233653,0.01981165335697277,7.707692307692308e-05,-0.045957301085127966,0.019734576433895847,-0.04603437800820489
2021-11-12,-0.005506208380322342,-0.003129939721933539,9.836538461538461e-05,0.045957301085127966,-0.0032283051065489237,0.04585893570051258
2021-11-19,-0.048200552606000535,0.0032214730001971503,9.74423076923077e-05,0.04167269640056803,0.003124030692504843,0.04157525409287573
2021-11-26,-0.10823239666111473,-0.022242318136571626,9.576923076923078e-05,0.09716374845364784,-0.022338087367340855,0.0970679792228786
2021-12-03,-0.030542411284900872,-0.012304916535018862,0.0001129423076923077,-0.03774032798284721,-0.012417858842711169,-0.03785327029053952
2021-12-10,0.07824894343358668,0.03753555355495486,0.00012582692307692308,-0.0459097013040779,0.037409726631877936,-0.04603552822715482
2021-12-17,-0.010689271961839886,-0.019583467184411063,0.00012261538461538462,0.0,-0.019706082569026447,-0.00012261538461538462
2021-12-24,0.04249480274088757,0.022501519099208167,0.00013232692307692308,-0.062303883336154664,0.022369192176131245,-0.062436210259231587
2021-12-31,0.019060979768036113,0.00851040274606163,0.0001408076923076923,0.0023781224049672645,0.008369595053753938,0.002237314712659572
2022-01-07,0.04204980048983398,-0.018881852391947618,0.00016578846153846152,0.08859365580075917,-0.019047640853486078,0.08842786733922071
2022-01-14,0.06011454784465187,-0.0030364439146879363,0.00018592307692307693,-0.004357305368955622,-0.0032223669916110133,-0.004543228445878698
2022-01-21,0.02184841122720904,-0.05849059970196713,0.00019257692307692308,0.05314746953838778,-0.05868317662504405,0.05295489261531086
2022-01-28,0.01954004947144128,0.0076808546321860405,0.00022351923076923078,0.09286035289359473,0.007457335401416809,0.0926368336628255
2022-02-04,0.06131546813061295,0.01537806351190163,0.00025190384615384614,0.020542272300314135,0.015126159665747783,0.02029036845416029
2022-02-11,-0.009688205098462355,-0.018363211183871186,0.00028840384615384616,0.06268838184940972,-0.01865161503002503,0.062399978003255877
2022-02-18,-0.013323987235050794,-0.015915915195373387,0.0002818076923076923,-0.0034782643763249244,-0.01619772288768108,-0.0037600720686326167
2022-02-25,0.015181809746349195,0.00819376383914161,0.00030186538461538464,-0.014035318116383477,0.007891898454526225,-0.014337183500998862
2022-03-04,0.23350566299555808,-0.012803267099787519,0.0002838269230769231,0.019248188304916702,-0.013087094022864442,0.01896436138183978
2022-03-11,-0.08456247306255271,-0.029196348386898663,0.00033615384615384616,0.07026300617649661,-0.02953250223305251,0.06992685233034276
2022-03-18,-0.03066289223960883,0.059737883437328776,0.0003723461538461538,-0.009740336748384815,0.05936553728348262,-0.010112682902230968
2022-03-25,0.09971847734484385,0.017752720792570287,0.00043646153846153845,0.016181582851241716,0.01731625925410875,0.015745121312780178
2022-04-01,-0.13747745985150672,0.0006161348297872848,0.00047238461538461535,-0.026017727727954743,0.0001437502144026695,-0.026490112343339357
2022-04-08,-0.015634836250885797,-0.012747373785582994,0.0004829807692307692,0.05450066586117175,-0.013230354554813762,0.05401768509194098
2022-04-15,0.08480901496342685,-0.021550524526210424,0.0004719038461538461,0.013942905969012598,-0.02202242837236427,0.013471002122858752
2022-04-22,-0.041358736898764015,-0.027888428135419474,0.0005129230769230768,0.03625774802262427,-0.02840135121234255,0.03574482494570119
2022-04-29,0.025344749915856113,-0.03328599203927851,0.0005220384615384615,0.034988991850065654,-0.033808030500816974,0.03446695338852719
2022-05-06,0.034178521626213154,-0.0020810956153454185,0.0005251538461538461,0.043454629246285625,-0.0026062494614992647,0.04292947540013178
2022-05-13,0.0027654884881833652,-0.02441441811014755,0.0004957692307692307,0.042959625853027816,-0.02491018734091678,0.042463856622258586
2022-05-20,0.015074973709936046,-0.030923886143360946,0.0004962884615384615,0.024660561821951532,-0.03142017460489941,0.02416427336041307
2022-05-27,0.042518052679771046,0.06376669753145592,0.0004761153846153846,-0.09826325378706491,0.06329058214684054,-0.09873936917168029
2022-06-03,0.03248982015716617,-0.012024173572740438,0.0005100961538461538,0.019608471388376403,-0.012534269726586592,0.01909837523453025
2022-06-10,-0.006329402116810989,-0.05187069260832722,0.0005890769230769231,0.07737190858579912,-0.05245976953140414,0.07678283166272219
2022-06-17,-0.08966242663105373,-0.05968744734468068,0.00061125,0.08840108270262581,-0.06029869734468068,0.08778983270262582
2022-06-24,-0.0034321261833945016,0.062472693494120435,0.0005890769230769231,-0.010632114331047493,0.061883616571043513,-0.011221191254124416
2022-07-01,0.0074982994228163236,-0.022337549729302353,0.0005447884615384616,0.049807630765602795,-0.022882338190840814,0.04926284230406433
2022-07-08,-0.06575048217095869,0.019172828071992498,0.0005970576923076923,-0.029818723023673943,0.018575770379684806,-0.030415780715981635
2022-07-15,-0.0710140202857108,-0.00933206472585546,0.0006000192307692308,-0.003498545842513412,-0.00993208395662469,-0.004098565073282642
2022-07-22,0.0013736991646116081,0.02517005532430261,0.0005711538461538462,-0.06018663363511356,0.024598901478148763,-0.06075778748126741
2022-07-29,0.04056008060394767,0.04169206568814232,0.0005546923076923077,-0.04180469391920649,0.04113737338045002,-0.0423593862268988
2022-08-05,-0.11302858838155583,0.0036010034707274485,0.000620326923076923,-0.01564569072573585,0.0029806765476505254,-0.01626601764881277
2022-08-12,0.03765622581548467,0.0320394298123734,0.0006235,-0.023937313143926886,0.0314159298123734,-0.024560813143926885
2022-08-19,-0.01121507082013995,-0.01214546528922611,0.0006218846153846154,0.039583003869662736,-0.012767349904610726,0.03896111925427812
2022-08-26,0.02855779900673383,-0.04123613764169498,0.0006531923076923076,0.03558189848093729,-0.04188932994938729,0.034928706173244985
2022-09-02,-0.06883169814467394,-0.033428654350071696,0.0006514038461538462,0.057019688723543904,-0.03408005819622554,0.05636828487739006
2022-09-09,-0.0058881426252224145,0.03581634191474237,0.0006839423076923077,-0.03235752633947486,0.03513239960705006,-0.03304146864716717
2022-09-16,-0.01870087224650785,-0.04887953817221735,0.000743673076923077,0.06255726620310709,-0.04962321124914043,0.06181359312618401
2022-09-23,-0.07367244788450744,-0.047613188249810534,0.0008079038461538462,0.05671336185689002,-0.04842109209596438,0.055905458010736174
2022-09-30,0.009479942069430258,-0.02957001200428344,0.000822826923076923,0.04543834976415173,-0.030392838927360364,0.044615522841074805
2022-10-07,0.13906705523899454,0.014958868776581369,0.000828423076923077,-0.0422003544903764,0.014130445699658292,-0.043028777567299475
2022-10-14,-0.07617317424487169,-0.015670295859507632,0.0008645961538461538,0.04426433871122759,-0.016534892013353786,0.04339974255738144
2022-10-21,0.004714210262726226,0.04626892972508223,0.0008600576923076923,-0.008281620831721792,0.045408872032774536,-0.009141678524029485
2022-10-28,0.03296048584926137,0.03875940651971099,0.0008488846153846154,-0.06773141619408607,0.03791052190432638,-0.06858030080947068
2022-11-04,0.03959257014574291,-0.034027431664481966,0.0008958461538461539,0.022003087884066463,-0.03492327781832812,0.02110724173022031
2022-11-11,-0.03663902943227004,0.057304417835354116,0.0008330961538461538,-0.030941694884877524,0.05647132168150796,-0.03177479103872368
2022-11-18,-0.09575265517757892,-0.006933695523009931,0.0008717115384615384,-0.010152371464017929,-0.007805407061471469,-0.011024083002479467
2022-11-25,-0.04898990949480719,0.01521153130699382,0.0008562692307692309,-0.024097551579060905,0.014355262076224588,-0.024953820809830135
2022-12-02,0.04736582268645417,0.01125746963111851,0.0008214807692307692,-0.027076403945647254,0.010435988861887742,-0.027897884714878023
2022-12-09,-0.11614334542463922,-0.03430729356418638,0.0008354423076923077,0.016568426347232545,-0.03514273587187869,0.015732984039540238
2022-12-16,0.04462881045053724,-0.021067361586764477,0.0008035192307692308,0.004683849312426158,-0.021870880817533706,0.0038803300816569273
2022-12-23,0.06624938554120074,-0.001959159695301693,0.0008309807692307693,0.015072749123650198,-0.0027901404645324624,0.014241768354419428
2022-12-30,0.008759910852999653,-0.0013846380291209215,0.0008511153846153845,0.03059728770953818,-0.002235753413736306,0.029746172324922795
2023-01-06,-0.08066587713347406,0.014372068476085076,0.0008168076923076923,-0.060973454973074936,0.013555260783777383,-0.06179026266538263
2023-01-13,0.07879520252172867,0.02635261697329483,0.0008138653846153846,-0.039932710335370825,0.025538751588679444,-0.04074657571998621
2023-01-20,0.018918647714618153,-0.0066435258211754444,0.0008019615384615385,0.011049836186584727,-0.007445487359636983,0.01024787464812319
2023-01-27,-0.02430072466530131,0.0243572727104997,0.0008075,-0.009816029737656606,0.0235497727104997,-0.010623529737656606
2023-02-03,-0.08223092671937149,0.016064602503806924,0.0008247307692307692,-0.02876996425753342,0.015239871734576155,-0.02959469502676419
2023-02-10,0.08523844778332723,-0.011187751462822249,0.0008686538461538463,0.06152001062420398,-0.012056405308976094,0.060651356778050135
2023-02-17,-0.04308201223660557,-0.0027835088447112355,0.0008878653846153846,0.025914288765469973,-0.00367137422932662,0.025026423380854586
2023-02-24,-0.0030090949636614184,-0.027097754108346805,0.0009256923076923077,0.012709587604949668,-0.028023446416039113,0.01178389529725736
2023-03-03,0.04308358613631125,0.018863587804617055,0.0009339423076923076,-0.018540507915742577,0.017929645496924745,-0.019474450223434886
2023-03-10,-0.037074423703691295,-0.04656074225908213,0.0008819615384615384,0.03222373166719983,-0.04744270379754367,0.03134177012873829
2023-03-17,-0.13729689246010057,0.014155127627615727,0.0007379615384615385,0.01684486769823934,0.013417166089154189,0.016106906159777803
2023-03-24,0.034220241861725675,0.01378129050033472,0.0007243653846153846,-0.005583487425700362,0.013056925115719336,-0.006307852810315747
2023-03-31,0.08851424173215428,0.0342396973139234,0.0007740961538461537,-0.047000054047183326,0.03346560116007725,-0.04777415020102948
2023-04-07,0.06410893237958071,-0.0010445162027910015,0.0007655,0.0035149421074445186,-0.0018100162027910017,0.0027494421074445185
2023-04-14,0.02145873523912467,0.00791496198902486,0.0007882500000000001,-0.017699577099401065,0.00712671198902486,-0.018487827099401066
2023-04-21,-0.05690867873624139,-0.0009962327752699451,0.0008041538461538463,0.017699577099401065,-0.0018003866214237915,0.016895423253247218
2023-04-28,-0.014096580016243365,0.00866198358171566,0.0007704615384615385,-0.00822083314485722,0.00789152204325412,-0.00899129468331876
2023-05-05,-0.0744687080588724,-0.008001747541495519,0.0007526730769230769,0.010557282805876866,-0.008754420618418595,0.00980460972895379
2023-05-12,-0.01769456598725938,-0.0029466156450279612,0.0007667692307692308,0.004656585829950544,-0.003713384875797192,0.003889816599181313
2023-05-19,0.023570352338261102,0.016330211406335948,0.0008203653846153847,0.027493140580198805,0.015509846021720564,0.02667277519558342
2023-05-26,0.013577376763763915,0.003208127141961725,0.0008772884615384615,0.0,0.0023308386804232637,-0.0008772884615384615
2023-06-02,-0.012880172524408096,0.01812529149801989,0.0008647884615384615,-0.035656451219359564,0.01726050303648143,-0.03652123968089802
2023-06-09,-0.019850021784209915,0.003843276615938862,0.0008837692307692308,0.0035067248092102155,0.002959507385169631,0.0026229555784409845
2023-06-16,0.02249497355933805,0.025431843344271954,0.0009065576923076923,-0.004678371106101142,0.02452528565196426,-0.005584928798408835
2023-06-23,-0.03927076306417465,-0.013989851272128817,0.0009117692307692308,0.056963005925306565,-0.014901620502898047,0.056051236694537335
2023-06-30,0.0211738954806151,0.023197622447723276,0.000941423076923077,-0.06048620393262327,0.0222561993708002,-0.06142762700954635
2023-07-07,0.043355588600506145,-0.011623609708388827,0.0009511346153846154,0.025553074424617517,-0.012574744323773443,0.024601939809232903
2023-07-14,0.02079355889274037,0.023915240377016644,0.0009164615384615385,-0.04815962905353155,0.022998778838555105,-0.04907609059199309
2023-07-21,0.02296839600094991,0.0068394030652783044,0.0009302307692307692,0.0012026459657605848,0.005909172296047535,0.00027241519652981556
2023-07-28,0.044536379973299844,0.010065259667596749,0.0009373846153846153,0.005991629668266718,0.009127875052212133,0.005054245052882103
2023-08-04,0.027419098354219962,-0.02300256161877634,0.0009161730769230769,0.016588058083898627,-0.02391873469569942,0.01567188500697555
2023-08-11,-0.003023159688083865,-0.003126791840378118,0.0009412884615384616,-0.004711433921319674,-0.004068080301916579,-0.005652722382858136
2023-08-18,-0.02340362898411552,-0.021359780383718885,0.0009504807692307692,0.02679251699657481,-0.022310261152949654,0.02584203622734404
2023-08-25,-0.01034341578751441,0.008204781527286542,0.0009765192307692307,-0.005763704716749807,0.007228262296517312,-0.006740223947519037
2023-09-01,0.06920162668049468,0.024674288087169316,0.0009381730769230769,-0.029327615094520088,0.02373611501024624,-0.030265788171443164
2023-09-08,0.014620822065514183,-0.012989887621206009,0.0009597307692307691,0.015357655654319569,-0.013949618390436777,0.0143979248850888
2023-09-15,0.03631004546106986,-0.0016098236375583497,0.0009677884615384614,0.0,-0.002577612099096811,-0.0009677884615384614
2023-09-22,0.00011108025559902757,-0.029706712656642154,0.0009826346153846155,0.02317600834792355,-0.030689347272026768,0.022193373732538935
2023-09-29,0.008406199263280456,-0.007437206900178239,0.0009699230769230769,0.017036187152567717,-0.008407129977101316,0.01606626407564464
2023-10-06,-0.11064916355349386,0.004757731549403843,0.0009771730769230769,0.03540192705091583,0.003780558472480766,0.03442475397399275
2023-10-13,0.06050882076251618,0.004464892761541606,0.0009718846153846153,-0.009830772783127717,0.0034930081461569903,-0.010802657398512333
2023-10-20,0.0198366878217362,-0.02423428398476979,0.0009755961538461539,0.035583268885542196,-0.025209880138615942,0.03460767273169604
2023-10-27,-0.029261389615661493,-0.025605814459384035,0.0009619423076923077,-0.009579636856813512,-0.026567756767076345,-0.01054157916450582
2023-11-03,-0.06408659303319819,0.05687664090334721,0.0009304999999999999,-0.057221328684726736,0.05594614090334721,-0.058151828684726736
2023-11-10,-0.03914593095639418,0.012970941795945379,0.0009735192307692307,0.011261380272538979,0.011997422565176148,0.010287861041769748
2023-11-17,-0.01449206118894164,0.02212591633133343,0.0009395192307692309,-0.022651025036896755,0.0211863971005642,-0.023590544267665985
2023-11-24,-0.006597200335917819,0.009989767163103735,0.0009516153846153847,-0.013841051411871863,0.009038151778488351,-0.014792666796487247
2023-12-01,-0.01965172525911285,0.0077103540498981715,0.0008727692307692308,-0.03066277957687502,0.006837584819128941,-0.031535548807644254
2023-12-08,-0.03615265545695401,0.002117622271937236,0.0009078653846153847,-0.007211569715560806,0.0012097568873218516,-0.008119435100176191
2023-12-15,0.0047479491512172345,0.02463132217062558,0.0008543846153846154,-0.060926235451657096,0.023776937555240966,-0.061780620067041714
2023-12-22,0.024495514016659392,0.0074817054399147764,0.0008313653846153846,-0.016807118316381597,0.006650340055299392,-0.017638483700996983
2023-12-29,-0.026308245461939883,0.003191784710976364,0.0008172884615384616,-0.010485023971626095,0.0023744962494379024,-0.011302312433164556
2024-01-05,0.030378255150236733,-0.015335562668134628,0.0008424423076923077,0.0526099502722972,-0.016178004975826936,0.05176750796460489
2024-01-12,-0.014592826294251182,0.018266378715868115,0.0007969423076923076,-0.03692335410459746,0.017469436408175807,-0.03772029641228977
2024-01-19,0.006299664767010604,0.01163398285976136,0.000843173076923077,0.023077947282544642,0.010790809782838284,0.022234774205621564
2024-01-26,0.06295877570304498,0.01051518406377383,0.0008363269230769231,-0.01790329149252745,0.009678857140696908,-0.018739618415604373
2024-02-02,-0.07628955787619418,0.013734811702819982,0.0008391923076923077,0.0012894908298717311,0.012895619395127674,0.0004502985221794234
2024-02-09,0.06026647311577982,0.013620341112366319,0.0008615192307692307,-0.0012894908298717311,0.012758821881597089,-0.002151010060640962
2024-02-16,0.02177500194159876,-0.004194508242068906,0.0008926153846153847,0.015365219064056301,-0.005087123626684291,0.014472603679440917
2024-02-23,-0.025428927447631366,0.01649075398591826,0.0009018461538461539,-0.00893432873376554,0.015588907832072106,-0.009836174887611694
2024-03-01,0.04449155101002322,0.009442778273214714,0.0008714038461538461,0.0025608208616736405,0.008571374427060867,0.0016894170155197946
2024-03-08,-0.03137362798449672,-0.002609942061040371,0.0008602884615384615,-0.012870190520535285,-0.0034702305225788326,-0.013730478982073746
2024-03-15,0.038972543403899884,-0.0012889644956306512,0.0009091538461538461,0.012870190520535285,-0.002198118341784497,0.011961036674381439
2024-03-22,0.000620308933729774,0.02262427594111216,0.0008825192307692308,-0.023286951378791,0.021741756710342928,-0.02416947060956023
2024-03-29,0.03101591718366503,0.003846110916178702,0.0008884615384615385,0.0026143805740712622,0.0029576493777171637,0.0017259190356097237
2024-04-05,0.03462270555308855,-0.009563412082043143,0.0009135576923076922,0.023226850609816108,-0.010476969774350836,0.022313292917508415
2024-04-12,-0.011917421101648173,-0.0156726598878123,0.0009416538461538462,0.0276747221562208,-0.016614313733966147,0.026733068310066953
2024-04-19,-0.03419340886230415,-0.03095789231622348,0.0009588076923076924,0.025720952517062745,-0.03191670000853117,0.024762144824755052
2024-04-26,0.019630906799485537,0.02637035589205361,0.0009602692307692308,-0.01707358547588056,0.02541008666128438,-0.01803385470664979
2024-05-03,-0.07091139864701201,0.00544207057949464,0.0009261538461538461,-0.03504739176540239,0.004515916733340794,-0.03597354561155624
2024-05-10,-0.0034626517444564797,0.01833591296466963,0.0009356730769230769,0.00887767403201778,0.017400239887746555,0.007942000955094702
2024-05-17,0.022107367121033228,0.015312931329113155,0.0009277884615384614,-0.00887767403201778,0.014385142867574694,-0.00980546249355624
2024-05-24,-0.02365018048954326,0.000273378841614047,0.000951173076923077,0.012658396871923827,-0.00067779423530903,0.01170722379500075
2024-05-31,-0.009437081219281218,-0.005142594702045145,0.0009370576923076923,0.006269613013595077,-0.0060796523943528365,0.005332555321287385
2024-06-07,-0.023258390247767657,0.01307939018213844,0.0009397692307692308,-0.008788506033079013,0.01213962095136921,-0.009728275263848243
2024-06-14,0.036932493919250575,0.01569996408525043,0.0009046923076923076,-0.002525253867194266,0.01479527177755812,-0.0034299461748865737
2024-06-21,0.03376060644548318,0.006060835974112777,0.0009100384615384615,-0.0012650223065864274,0.005150797512574316,-0.0021750607681248887
2024-06-28,0.009983443984182827,-0.0007578878359311148,0.0009141346153846154,0.0012650223065864274,-0.00167202245131573,0.00035088769120181207
2024-07-05,0.008791265411170812,0.019353740331114366,0.0008852884615384617,-0.006341175338447247,0.018468451869575905,-0.0072264637999857086
2024-07-12,-0.015188925027733724,0.008613480972494258,0.0008560384615384615,-0.02446999106195058,0.007757442510955797,-0.02532602952348904
2024-07-19,-0.029815561935633283,-0.019847149109649465,0.0008674807692307693,0.0,-0.020714629878880234,-0.0008674807692307693
2024-07-26,-0.018999287801382714,-0.008372829169474016,0.000842923076923077,-0.005228770082799095,-0.009215752246397094,-0.006071693159722172
2024-08-02,-0.04832370999009683,-0.020830577558605512,0.0007461153846153846,0.009132483563272675,-0.021576692943220895,0.00838636817865729
2024-08-09,0.028031071522747197,-0.0004489875406559207,0.0007794423076923076,-0.005208345107138079,-0.0012284298483482283,-0.005987787414830387
2024-08-16,-0.0009262322858676342,0.038559024569192246,0.0007787884615384615,-0.025116984607774118,0.037780236107653783,-0.02589577306931258
2024-08-23,-0.009443443192044043,0.01436453432868312,0.0007529423076923077,-0.021651725383038833,0.013611592020990814,-0.022404667690731142
2024-08-30,-0.017253427044820135,0.0024443844091770472,0.000753173076923077,-0.0013689256073416978,0.0016912113322539702,-0.002122098684264775
2024-09-06,-0.0935713796813884,-0.04341532076599641,0.0007011923076923076,-0.008253141756720428,-0.04411651307368872,-0.008954334064412735
2024-09-13,0.011430392393751987,0.03944526653795144,0.0006889230769230769,-0.008321823337492207,0.03875634346102836,-0.009010746414415283
2024-09-20,0.04685541728150522,0.013511178237225252,0.0006905769230769231,-0.028250466285851594,0.01282060131414833,-0.028941043208928516
2024-09-27,-0.040528610331558745,0.0062269009459114955,0.0006844615384615385,0.0,0.005542439407449957,-0.0006844615384615385
2024-10-04,0.0870358217871674,0.0022455802856988782,0.0007541730769230769,0.017045867272988513,0.0014914072087758015,0.016291694196065437
2024-10-11,0.006299022368713381,0.011060020574936047,0.0007606538461538461,0.019526422350355288,0.0102993667287822,0.018765768504201443
2024-10-18,-0.08588248263984699,0.008500269509108094,0.0007592884615384615,-0.011111225425070703,0.007740981047569632,-0.011870513886609165
2024-10-25,0.044002257493670704,-0.009689276071714659,0.0007893461538461537,0.01936436718179113,-0.010478622225560813,0.018575021027944977
2024-11-01,-0.032423028393225195,-0.013750853755487569,0.0008087307692307693,0.0013689256073416978,-0.014559584524718339,0.0005601948381109285
2024-11-08,0.008882579892640408,0.04550977477492246,0.0008180576923076923,-0.026335548337802717,0.04469171708261477,-0.027153606030110407
2024-11-15,-0.04656756110025295,-0.02105560941730822,0.0008275576923076923,0.023595820596682415,-0.021883167109615912,0.022768262904374722
2024-11-22,0.06255658230283778,0.01667611846107775,0.0008409615384615385,-0.006882339622941824,0.015835156922616212,-0.007723301161403363
2024-11-29,-0.04654675324535429,0.010505257539600521,0.00079825,-0.01390843004613207,0.00970700753960052,-0.01470668004613207
2024-12-06,-0.015113637810048708,0.009550789645523139,0.0007892115384615385,-0.012685159527315637,0.0087615781070616,-0.013474371065777176
2024-12-13,0.05574737931769924,-0.006453994610218672,0.0008163076923076922,0.019663554908778025,-0.007270302302526364,0.018847247216470332
2024-12-20,-0.019390399367829936,-0.020070879412132925,0.0008288846153846153,0.04221184880930928,-0.02089976402751754,0.04138296419392467
2024-12-27,0.016279097183268476,0.006720079332231066,0.0008319615384615385,0.0,0.0058881177937695275,-0.0008319615384615385
2025-01-03,0.04649426201972773,-0.004762749165131197,0.000822826923076923,-0.01477528558215413,-0.00558557608820812,-0.015598112505231052
2025-01-10,0.023914037870555127,-0.01961571912593385,0.0008421538461538461,0.01743840300163768,-0.020457872972087697,0.016596249155483835
2025-01-17,0.021419128892889105,0.028693494831752986,0.0008235769230769232,-0.031062591941181328,0.027869917908676062,-0.03188616886425825
2025-01-24,-0.03591309979593049,0.01728938164450078,0.0008202884615384616,-0.008264509849893464,0.016469093182962316,-0.009084798311431925
2025-01-31,-0.028944204111116534,-0.010000272768042606,0.0008071346153846154,-0.004158010148663793,-0.010807407383427222,-0.004965144764048409
2025-02-07,-0.024989085597986183,-0.0024099752103072802,0.0008248461538461539,0.006920442844573715,-0.003234821364153434,0.006095596690727562
2025-02-14,-0.0004241781611851181,0.014602479127267642,0.0008190192307692307,-0.008310297133627964,0.013783459896498412,-0.009129316364397195
2025-02-21,-0.004393742452152516,-0.016738848710952325,0.0008073076923076923,0.005547864437718042,-0.01754615640326002,0.00474055674541035
2025-02-28,-0.00913248356327312,-0.009798175421527944,0.0007670961538461539,-0.011126679464757094,-0.010565271575374098,-0.011893775618603249
2025-03-07,-0.04410648232036518,-0.03144049426155959,0.0007691730769230769,0.020761991448429162,-0.03220966733848267,0.019992818371506085
2025-03-14,0.0023941355143666243,-0.02301063738034692,0.0007725000000000001,0.03895724325319305,-0.02378313738034692,0.03818474325319305
2025-03-21,0.020268465131514368,0.005062585437929812,0.00075925,-0.009265453445790328,0.0043033354379298115,-0.010024703445790328
2025-03-28,0.01569343454604688,-0.015401469034943105,0.0007522884615384616,0.026248226074936376,-0.016153757496481565,0.025495937613397916
2025-04-04,-0.11233725075845857,-0.0952119932806692,0.0007023076923076923,0.07244115076586777,-0.0959143009729769,0.07173884307356007
2025-04-11,-0.017739906997976895,0.05544541664981395,0.0007615192307692308,0.033178398697318645,0.05468389741904472,0.03241687946654941
2025-04-18,0.04980614643806103,-0.015153313703434534,0.000730423076923077,-0.04652001563489305,-0.01588373678035761,-0.04725043871181613
2025-04-25,-0.01558718482478394,0.04488392507855998,0.0007207692307692308,-0.048790164169431716,0.04416315584779075,-0.04951093340020095
2025-05-02,-0.07802158427166983,0.02880358383045767,0.0007353653846153847,-0.0051413995004190305,0.028068218445842286,-0.005876764885034415
2025-05-09,0.038534253541632424,-0.004716848533124818,0.0007482692307692307,-0.0025806465934912204,-0.005465117763894049,-0.003328915824260451
2025-05-16,0.022685591374925096,0.05139064102052515,0.0007691346153846153,-0.036846273385966466,0.050621506405140536,-0.03761540800135108
2025-05-23,-0.007125536221616713,-0.026454625760472084,0.0007675384615384615,0.03036536930188305,-0.027222164222010545,0.029597830840344588
2025-05-30,-0.012099558991768511,0.018587740258498187,0.0007495192307692308,-0.03036536930188305,0.017838221027728956,-0.03111488853265228
2025-06-06,0.04565975548406964,0.014887720880977895,0.00077625,-0.004029555486001701,0.014111470880977896,-0.004805805486001701
2025-06-13,0.11367100788483686,-0.0039057168390268515,0.0007591346153846153,-0.0013468015503788067,-0.004664851454411467,-0.002105936165763422
2025-06-20,0.03514452506505972,-0.001528697698500281,0.0007514807692307693,-0.01630470902494352,-0.00228017846773105,-0.017056189794174288
2025-06-27,-0.11954515064978288,0.03381123016203347,0.0007207692307692308,-0.027779564107075716,0.033090460931264234,-0.028500333337844946
2025-07-04,0.022337179846151578,0.017070188885936588,0.0007461346153846154,-0.02135312447056892,0.016324054270551974,-0.022099259085953532
2025-07-11,0.0005968367828623755,-0.00312622372626592,0.0007471153846153846,0.026971116774792137,-0.0038733391108813045,0.026224001390176752
2025-07-18,-0.014877425205494177,0.005899731524293017,0.0007440576923076923,-0.004210532536343514,0.005155673831985325,-0.0049545902286512065
2025-07-25,-0.013566247234489737,0.014481433449924808,0.0007544615384615385,-0.011315537992576008,0.013726971911463269,-0.012069999531037547
2025-08-01,0.03276011882334551,-0.023860191924285346,0.0007080192307692308,0.011315537992576008,-0.024568211155054576,0.010607518761806777
2025-08-08,-0.06647117616565712,0.02398697143532047,0.0007235384615384616,-0.017021687569430455,0.023263432973782007,-0.017745226030968918
2025-08-15,-0.016322974031930393,0.009400929877436681,0.00072125,-0.0057388966690181675,0.008679679877436682,-0.006460146669018167
2025-08-22,0.026744669494344286,0.0026492829842101884,0.0007108269230769231,-0.011577553342442926,0.0019384560611332654,-0.012288380265519849
2025-08-29,0.0054828992999658155,-0.0010288408965895002,0.0006955192307692308,-0.017621601349819382,-0.001724360127358731,-0.018317120580588615
2025-09-05,-0.04065276445157373,0.003282400395347551,0.0006748461538461538,-0.013423020332140823,0.002607554241501397,-0.014097866485986977
2025-09-12,0.015499180140294833,0.015734543519343447,0.0006837692307692307,-0.0030075210639552985,0.015050774288574216,-0.0036912902947245294
2025-09-19,-0.00032046146725139835,0.012087416436765253,0.000686826923076923,-0.009077218151116506,0.011400589513688329,-0.00976404507419343
2025-09-26,0.05183801779368569,-0.003104887804447287,0.000700576923076923,0.01956420564636452,-0.0038054647275242103,0.018863628723287597
2025-10-03,-0.07649857961563722,0.010792432904528582,0.0006876730769230769,-0.004480963435036234,0.010104759827605505,-0.005168636511959311
2025-10-10,-0.04021989811190707,-0.024613287764829295,0.0006733653846153847,0.04536256869716482,-0.025286653149444678,0.044689203312549435
2025-10-17,-0.023005425200703478,0.01687322311433448,0.0006648653846153846,-0.029029614675114335,0.016208357729719094,-0.02969448005972972
2025-10-24,0.07335778457165265,0.018978400572081,0.0006692115384615386,-0.014837067430467643,0.01830918903361946,-0.015506278968929182
2025-10-31,-0.00849123325236345,0.0071171649373305,0.0006872307692307692,0.013363227812167144,0.006429934168099731,0.012675997042936375
2025-11-07,-0.02255485331018381,-0.01642014930697755,0.0006849230769230769,0.017544309650909584,-0.017105072383900626,0.016859386573986508
2025-11-14,0.005519793223598413,0.0007888339557116097,0.0006934230769230769,0.0,9.541087878853281e-05,-0.0006934230769230769
2025-11-21,-0.03203392287703988,-0.01966307887363783,0.0006745192307692307,0.0,-0.02033759810440706,-0.0006745192307692307
2025-11-28,0.008404131447242058,0.03659321998573439,0.0006710192307692308,-0.04900757910669462,0.03592220075496516,-0.04967859833746385
2025-12-05,0.020790066812065966,0.0031065319684255854,0.0006846730769230769,0.0015209128407067674,0.002421858891502509,0.0008362397637836905
2025-12-12,-0.04341820216754133,-0.006276936408104561,0.0006773461538461539,0.018072781059694565,-0.006954282561950715,0.01739543490584841
2025-12-19,-0.012658396871923827,0.0010379223163514695,0.0006698846153846154,-0.010502722199149384,0.0003680377009668541,-0.011172606814534
2025-12-26,0.003884871564378223,0.013867840545101373,0.0006690384615384616,-0.009090971701251949,0.01319880208356291,-0.009760010162790411
2026-01-02,0.010170173579266084,-0.010366770363200217,0.0006679423076923077,0.0,-0.011034712670892524,-0.0006679423076923077
2026-01-09,0.027870374349577176,0.01559698157752365,0.00067925,-0.015337723983710028,0.01491773157752365,-0.016016973983710027
2026-01-16,0.006763637553127921,-0.003778150930131119,0.0006896153846153845,0.015337723983710028,-0.004467766314746504,0.014648108599094644
2026-01-23,0.028737132372366858,-0.0035220401862954276,0.0006911538461538461,0.0075815374523977574,-0.004213194032449274,0.006890383606243911
2026-01-30,0.0655920841700679,0.003380820044034394,0.0006773846153846154,-0.00606062461169099,0.0027034354286497786,-0.006738009227075605
2026-02-06,-0.02878008389894049,-0.0009703468273141169,0.0006726153846153846,0.0,-0.0016429622119295015,-0.0006726153846153846
2026-02-13,-0.009674169494276796,-0.013964015182097,0.0006553076923076923,0.00606062461169099,-0.014619322874404693,0.005405316919383298
2026-02-20,0.05774257253529935,0.010671090254888327,0.0006688653846153846,-0.0091047669929194,0.010002224870272943,-0.009773632377534784
2026-02-27,0.008089931761971592,-0.004442875547347569,0.0006490192307692307,0.02260834802759293,-0.0050918947781168,0.021959328796823697
2026-03-06,0.2668762563645064,-0.020392955716870276,0.0006847115384615386,0.03514270859311042,-0.021077667255331813,0.03445799705464888
2026-03-13,-0.028275348341634476,0.006122152653571078,0.000698423076923077,-0.005772021797122218,0.005423729576648001,-0.006470444874045295
