Dates,ret_wti,er_sp500,d_spread_hy,rv_wti,rv_sp500,rv_hy
1998-08-14,-0.036001008053110656,-0.025835785789079697,0.002900000000000018,0.004282098085403885,0.0006111076471397271,2.5628000000000308e-06
1998-08-21,-0.019993261301464327,0.01624921933258509,0.0037099999999999954,0.0027644774074816556,0.0007714108802627014,6.118300000000046e-06
1998-08-28,0.00967629433053199,-0.05227355886443483,0.007419999999999991,0.0017726980061205605,0.0018760918121701194,2.1651799999999995e-05
1998-09-04,0.07764667709031055,-0.05417785140265778,0.005530000000000008,0.006006096741224465,0.006555178480186265,3.325490000000018e-05
1998-09-11,-0.0020583197661543586,0.03457419940559707,0.0022199999999999954,0.0018172916987883908,0.004282528518881081,4.427799999999981e-06
1998-09-18,0.07027410164299996,0.0099853081237867,0.0010099999999999998,0.00230067299965763,0.0011922990004262558,5.08700000000012e-07
1998-09-25,0.008288220860102292,0.02304118672501797,0.0013199999999999967,0.0004548077790525797,0.001751068205139452,1.2081999999999853e-06
1998-10-02,-0.007008630154477045,-0.04198195803708328,0.0017199999999999971,0.0028174616329475566,0.0021748567127120202,3.3547999999999526e-06
1998-10-09,-0.059266848355974525,-0.019136283297804108,0.004710000000000001,0.0025440023776914524,0.001212249498051651,6.7452999999999784e-06
1998-10-16,-0.028209644921110104,0.06987568324250137,0.005190000000000011,0.0004726672963702008,0.002047681988131448,2.2565299999999948e-05
1998-10-23,-0.01973284606032563,0.012595133406165757,-0.003440000000000012,0.005041853604419994,0.00018169973467320965,3.536200000000015e-06
1998-10-30,0.025993736077048142,0.025023428926197498,0.0003900000000000059,0.0005086400696530661,0.0004620958266838371,1.2092999999999907e-06
1998-11-06,-0.023860781126906663,0.03693097772833016,-0.005290000000000008,0.00019495602982044942,0.0004079900229693931,1.0508700000000057e-05
1998-11-13,-0.02081165892468593,-0.014358311832010756,-0.00010999999999999232,0.0021577947599066873,0.00019542148287737568,2.399100000000029e-06
1998-11-20,-0.06749187485411433,0.0321599610637456,-0.0030299999999999993,0.0033119480201641476,0.0002495330418491941,3.476900000000023e-06
1998-11-27,-0.08328042338151675,0.023545045497052657,-0.0035799999999999964,0.0023981758020962217,0.0004910104367487711,4.248399999999976e-06
1998-12-04,-0.029955170835788043,-0.01401801114632088,0.0009700000000000042,0.004053766195130471,0.0015582620751478742,2.6004999999999516e-06
1998-12-11,-0.017528932605762097,-0.009630535848964707,0.0003199999999999914,0.002015852684471484,0.0003665393129673875,5.735999999999923e-07
1998-12-18,-0.004430667416484843,0.01746718263763036,0.000420000000000007,0.01825680320144913,0.0011160343060157268,3.7059999999999756e-06
1998-12-25,-0.0026678539611924576,0.030764222351588353,-0.001850000000000005,0.0009743954155218126,0.0005789334810231711,1.1550999999999834e-06
1999-01-01,0.07047589118631216,0.0015351462110986271,0.002209999999999992,0.0015564715061537559,0.00024403866910604842,2.4662999999999987e-06
1999-01-08,0.08354757027044178,0.03572092264489836,-6.999999999999673e-05,0.005644859026015329,0.0006843649713539078,1.8077000000000272e-06
1999-01-15,-0.071176278467895,-0.02615672541646521,-0.001589999999999998,0.004340673565533364,0.0014442968021931917,0.0016659754999999992
1999-01-22,0.03937832998708537,-0.015516220312172764,-1.000000000000334e-05,0.003396029565295498,0.0004250280702430927,1.3202999999999946e-06
1999-01-29,0.004716989878138867,0.042604008209052434,-0.0013899999999999935,0.0024904043378337687,0.0007612323106613421,5.696999999999974e-07
1999-02-05,-0.0647999932269156,-0.03287389682745721,-0.0020699999999999985,0.0018946985783885022,0.0005693008868794876,1.3035000000000232e-06
1999-02-12,0.0008364701449661284,-0.008451767458770312,-0.0008300000000000107,0.00016919390872325186,0.0015303967055008015,7.88300000000008e-07
1999-02-19,-0.005029348405001973,0.006410756117216497,2.000000000000668e-05,0.004409589686348345,0.00041796743337251235,3.348000000000115e-07
1999-02-26,0.03061885860533626,-0.0017065286502129626,0.00030000000000001136,0.0025354362149558113,0.0009602937889114167,1.703600000000024e-06
1999-03-05,0.08884343857076718,0.02856777119624496,0.0009499999999999797,0.002614453722763296,0.0008383904569162868,1.6328999999999912e-06
1999-03-12,0.07745805903900395,0.013920458416994496,0.0008700000000000152,0.004553610287815902,0.00014310470626560166,1.1990999999999999e-06
1999-03-19,0.05830797138693496,0.002656995642272674,-0.001120000000000001,0.0019994141982137025,0.0005179914504137228,1.0799999999999992e-06
1999-03-26,0.05139094586948958,-0.013730272588137289,0.0004899999999999949,0.002374977485943069,0.0010828695777495008,1.3788999999999814e-06
1999-04-02,0.02865176180404701,0.007525446673873209,3.000000000001002e-05,0.0008007608040813688,0.0006538161760865363,7.58699999999996e-07
1999-04-09,-0.004819286435948995,0.04042329488695248,-0.0007400000000000074,0.004252593413488884,0.0006658673257645381,5.878000000000064e-07
1999-04-16,0.04602582239528215,-0.022968710508664853,-0.001970000000000001,0.0017028317142439736,0.00038138561675610965,8.067000000000007e-07
1999-04-23,0.03401688527825435,0.027324270748729326,-0.0009500000000000064,0.0013502268501738943,0.0014775991908651982,6.721000000000174e-07
1999-04-30,0.03934933878854768,-0.017071645644579622,-0.000519999999999996,0.0016329778448842297,0.0001550440672805247,1.1852000000000522e-06
1999-05-07,-0.03157584045516739,0.006333283445244515,-8.000000000000007e-05,0.0011404474276468855,0.0008469361386658231,1.0671999999999607e-06
1999-05-14,-0.005546325920556149,-0.006385423967016451,-9.999999999994458e-06,0.0016484205013569564,0.0006701957764782189,2.094499999999962e-06
1999-05-21,-0.032215275263376544,-0.006641240893337599,0.0014199999999999946,0.0026613954005167005,0.00014647184682422117,2.2659999999999754e-06
1999-05-28,-0.03328774496591706,-0.022659276746303483,8.000000000000007e-05,0.0010679836110834102,0.0014401190571848256,9.111999999999975e-07
1999-06-04,0.02810489432010852,0.018641555027072765,-0.000779999999999994,0.002450896169937288,0.0005087708146215416,8.084000000000056e-07
1999-06-11,0.06752913716297941,-0.027121406981253864,-0.0005600000000000005,0.0026255793493640657,0.00039061894783520043,2.178000000000016e-07
1999-06-18,-0.019068951547935687,0.03625893930413343,0.0013400000000000035,0.001431716543837472,0.000580067502674595,1.5142000000000072e-06
1999-06-25,0.011484949866897031,-0.021814587197458213,-0.0008800000000000008,0.0019060617298032293,0.0002912930846337038,6.594000000000156e-07
1999-07-02,0.06830385403480438,0.05503618074086072,0.002240000000000002,0.002500828251893906,0.0007057904371540411,5.287000000000067e-06
1999-07-09,0.018616889882755245,0.007559178135964909,-0.0001800000000000157,0.0001581165400271339,7.70765739799461e-05,3.668000000000167e-07
1999-07-16,0.032371634857492865,0.009934801537384904,-0.000359999999999987,0.000693778347501939,0.00014402109768905358,8.151999999999883e-07
1999-07-23,-0.004353090308121818,-0.04563306731918249,-0.0011200000000000099,0.003394873555124363,0.0007335777408681171,2.039400000000004e-06
1999-07-30,-0.00485909605231811,-0.02209724573221436,0.0008100000000000041,0.0010155458940568705,0.0005827912079879347,9.51500000000018e-07
1999-08-06,0.02120561388298635,-0.022721256295995487,0.0007100000000000062,0.0004468727393012832,0.00033076462845971547,3.3936999999999786e-06
1999-08-13,0.03744003033262762,0.019748049342063,0.0015299999999999958,0.0005413828322608738,0.0009306945024488636,7.573000000000135e-07
1999-08-20,0.0050401023073243035,0.005625422651310752,0.00022000000000000242,0.0006615348449294148,0.00032148283167384513,1.5120000000000435e-07
1999-08-27,-0.028275348341634633,0.00759823143255341,-0.0004900000000000038,0.0026350181409797078,0.0008006377823108572,1.3002999999999848e-06
1999-09-03,0.03374482414616998,0.005549782921438573,0.0011300000000000043,0.0022988855173656075,0.0012950078569020826,1.363900000000009e-06
1999-09-10,0.06723374938095529,-0.005204182309210166,0.0007299999999999951,0.0014018044534997078,6.260381523566678e-05,5.733000000000119e-07
1999-09-17,0.02724964244737554,-0.013165694512227339,0.0006299999999999972,0.0006729472574250286,0.0004191202432613865,3.58300000000005e-07
1999-09-24,0.02370360262974885,-0.0455152087584612,0.0012900000000000045,0.001216417352870628,0.0009979451134272798,1.428699999999989e-06
1999-10-01,-0.008925008533630105,0.0031621515892437,-0.0001899999999999924,0.00043863843068795046,0.00026635192817952316,2.153499999999952e-06
1999-10-08,-0.15959880008604305,0.03953033003911602,-0.0008499999999999996,0.00743975720906501,0.0008516389693848565,5.45099999999985e-07
1999-10-15,0.0869317052372073,-0.06974083561754107,0.0003199999999999825,0.00448220783000255,0.0015410557900915486,1.1498000000000015e-06
1999-10-22,0.027233150458358852,0.04142444253797391,-0.00012999999999998123,0.0016961174376627047,0.0007626153705066025,5.310999999999982e-07
1999-10-29,-0.07525673735759521,0.044891219035851006,0.0017499999999999894,0.003306637770443415,0.0016834744669111416,1.6322999999999994e-06
1999-11-05,0.05064940897690391,0.0042421994807967075,-0.0008100000000000041,0.0016876080658287222,0.0001557188213307292,5.227000000000023e-07
1999-11-12,0.07937007698967115,0.017566528244513657,-0.0002799999999999869,0.0018427404564129522,0.00027748877397003454,1.5294000000000003e-06
1999-11-19,0.053833464694807744,0.017275155714093923,-0.0010700000000000022,0.0025115141399935964,0.00048319426094236103,6.402999999999938e-07
1999-11-26,0.02754371443132393,-0.004940578831876548,-0.0006700000000000105,0.002036926383955496,0.00021152337765139494,1.5070000000000365e-07
1999-12-03,-0.06814257648966165,0.010557263859398756,-0.00011999999999999567,0.006241399167646755,0.0006182690016443993,1.444999999999981e-06
1999-12-10,-0.01565982613721953,-0.012546212061751624,-0.00039999999999999145,0.0023197312352061755,0.000211852796076481,2.706000000000031e-07
1999-12-17,0.07069114531714306,0.0016300410537087593,-0.00253000000000001,0.0012775712393771276,0.0001440993567876276,3.019900000000002e-06
1999-12-24,-0.024815169119723906,0.024718764851369878,-0.0005499999999999971,0.001125658801182876,0.0003591171031428536,2.8889999999999545e-07
1999-12-31,-0.010491644712420948,0.006258263951032299,-4.000000000001336e-05,0.001940057871235302,2.773562253558028e-05,9.262000000000173e-07
2000-01-07,-0.07458885699107264,-0.020301717208471837,0.0006600000000000073,0.0029904351642701544,0.00233990287208865,3.098800000000007e-06
2000-01-14,0.13300515991227896,0.01505766161935876,-0.00011999999999998679,0.004510167585400496,0.0005750315085810934,1.0798000000000034e-06
2000-01-21,0.038313323537344686,-0.01761243705774053,0.0003199999999999825,0.0006630263604472902,0.00010647954592790707,5.265999999999865e-07
2000-01-28,-0.03536998072074789,-0.05924573397685742,-0.0007899999999999885,0.0010465702064799774,0.0016303315947951572,5.17699999999979e-07
2000-02-04,0.057117593348055974,0.04485457850550614,-0.0009100000000000108,0.0023139576385685376,0.0008573175452591025,9.335000000000083e-07
2000-02-11,-0.014680445404215687,-0.027777840061214608,3.00000000000189e-05,0.003444876992334262,0.0010538580313237834,3.82300000000023e-07
2000-02-18,0.0017590154051796245,-0.031302099944086045,0.00026999999999999247,0.00165742029448548,0.001137383603916457,7.322999999999946e-07
2000-02-25,0.06464835693316752,-0.01073182921225688,0.0015300000000000047,0.0010690215685668345,0.00031158849837027854,1.658500000000018e-06
2000-03-03,0.0375084382636759,0.05404976787059142,-0.0007000000000000117,0.002046940887231874,0.0007790921858976177,1.4921999999999914e-06
2000-03-10,-0.05445518043362315,-0.011313400742664743,-0.0003200000000000003,0.013533412127546225,0.001565169740133333,5.589999999999969e-07
2000-03-17,-0.025799122670241502,0.04730169365825396,0.0016200000000000082,0.0007888358286363695,0.003144528607264946,9.322000000000076e-07
2000-03-24,-0.0371321117564576,0.04083897671878141,-0.0007900000000000063,0.003858564833448861,0.0009978084687283205,1.3682999999999933e-06
2000-03-31,-0.04079225430106757,-0.020334193610208443,0.006050000000000004,0.0014345843500006466,0.00035910286209324687,1.378210000000004e-05
2000-04-07,-0.09467840915321311,0.01056390744719438,0.0004300000000000015,0.002512835958195892,0.0002910488988286935,2.290300000000003e-06
2000-04-14,-0.005737720659149052,-0.11255308613084271,0.0017100000000000025,0.006064145540348272,0.004517595199789674,2.8539000000000312e-06
2000-04-21,0.06176031283726852,0.05466869517556367,-0.0010700000000000022,0.0016853123258255749,0.0019795955426636425,6.034999999999953e-07
2000-04-28,-0.005424267464719263,0.011109929326929687,-0.0007399999999999985,0.0026453578002904,0.0012881118838503156,2.9353999999999893e-06
2000-05-05,0.044823302608546486,-0.015038407578357605,-0.001980000000000004,0.0016262871026745673,0.0010984072765452657,1.6022000000000126e-06
2000-05-12,0.08778497565429884,-0.00950556255127527,-0.00022999999999999686,0.00282573332592142,0.0009416004996802459,5.304999999999869e-07
2000-05-19,0.015530359407785242,-0.011223843245330272,0.0013700000000000045,0.0010256467863454515,0.0012290825415211478,2.0647000000000126e-06
2000-05-26,0.0050125418235441935,-0.02205963154694669,0.0029799999999999913,0.0036532094870072125,0.0008901266303718818,2.463599999999982e-06
2000-06-02,0.01159913584335194,0.06828941120448323,0.0015200000000000014,0.003682009180699506,0.0017734881193723078,7.996000000000016e-07
2000-06-09,-0.036575121913529046,-0.015101887944412602,-0.0016200000000000082,0.002530660741554916,0.0002269064272588426,7.409999999999968e-07
2000-06-16,0.025642430613337652,0.003920210456040902,0.0011200000000000188,0.003143595385169957,0.0004409263822914671,6.278000000000231e-07
2000-06-23,0.07165421703646557,-0.017073710272789137,-0.0003900000000000148,0.0024935033291065122,0.0006567028084365113,4.410999999999853e-07
2000-06-30,0.0077220460939103185,0.007837123636123648,-0.0005299999999999904,0.00127387542784694,0.0002552334042249643,0.00023195469999999981
2000-07-07,-0.10775654624105221,0.015360696375360128,0.0009600000000000009,0.00912378873573162,0.0006411984927326155,1.0346000000000138e-06
2000-07-14,0.041945420814240034,0.01956802982311006,-0.0014900000000000091,0.0012574823018312235,0.00017549708417878134,1.8711000000000154e-06
2000-07-21,-0.06342182643749607,-0.021142101637554693,0.00021000000000000795,0.0035293826939836763,0.00037757331538168206,2.1071000000000073e-06
2000-07-28,-0.01339463100084943,-0.042798746398410276,0.0010399999999999832,0.0004848618611372688,0.0008247940027115467,6.813999999999971e-07
2000-08-04,0.06125065217848469,0.028682062487143174,0.0013500000000000068,0.0033443655557411594,0.00022729716205140274,1.194699999999995e-06
2000-08-11,0.02048304185189732,0.004871275512604516,-0.000990000000000002,0.004410781674582744,0.00031134697332598166,3.8389999999999835e-07
2000-08-18,0.03154429547675733,0.012214190170469616,0.0005200000000000049,0.000458125356021275,0.0003369542534931132,1.3719999999999803e-07
2000-08-25,0.014782467643393289,0.008634342146602619,0.0008500000000000085,0.001701547986382667,5.890932662702799e-05,6.305000000000035e-07
2000-09-01,0.04128395461262232,0.008292049858588219,0.0002899999999999814,0.0010916170905175436,0.00016064886350580974,1.4834999999999882e-06
2000-09-08,-0.018443455522965724,-0.018597005872822724,-0.0006599999999999895,0.004072037444693608,0.00025508584364716645,3.5179999999999715e-07
2000-09-15,0.05780242708142597,-0.020550442811618826,7.000000000000562e-05,0.005492255457242221,0.000152065043592435,1.2590000000000168e-07
2000-09-22,-0.060552619800347283,-0.012897390440825149,0.001539999999999999,0.003686376088211059,0.0003637065830556647,2.2723999999999556e-06
2000-09-29,-0.057950721296673405,-0.009613654865853177,0.002439999999999989,0.0027818915349717603,0.0008233359003118658,2.378199999999984e-06
2000-10-06,0.0022672074488961926,-0.020491309733510866,0.00030000000000001136,0.00319727567546181,0.0004466882791650354,1.4040000000001012e-07
2000-10-13,0.09909700677459078,-0.026149569320006102,0.003119999999999994,0.009587817420829328,0.0021521435242736467,3.728599999999964e-06
2000-10-20,-0.03518550197009943,0.015306097614886575,0.0033800000000000097,0.0041038190177461725,0.0015623175919524215,4.544799999999992e-06
2000-10-27,-0.006393689005527419,-0.013638251242023537,-0.00030999999999999696,0.002236328980796158,0.000704010612102117,6.83499999999965e-07
2000-11-03,-0.037023982955766734,0.03243720168144203,0.00227999999999998,0.004098179574453824,0.0007203727909894765,2.95219999999996e-06
2000-11-10,0.046750503405656015,-0.04461764848675092,0.0018200000000000128,0.0008376237772952802,0.0009201718147452901,1.0874000000000002e-06
2000-11-17,0.05788074481651739,0.0001435770584075854,0.0009699999999999864,0.0017605669965442012,0.0008509093726324948,5.59099999999994e-07
2000-11-24,0.01050698293033316,-0.02028336663352081,0.002380000000000013,7.844465642404335e-05,0.0009182726681494751,3.012199999999957e-06
2000-12-01,-0.10035111257115999,-0.02105577489925958,0.00761000000000001,0.004804836501396493,0.0005515217333099798,1.4796299999999955e-05
2000-12-08,-0.1309470664524164,0.03967235090551188,0.004019999999999992,0.006042321224050846,0.002261910219305508,1.0118199999999925e-05
2000-12-15,-0.008221672764492628,-0.04409631600594515,-0.003390000000000004,0.004094141871146414,0.0008362942121567254,3.3157000000000304e-06
2000-12-22,-0.06219620786990581,-0.005697107414369266,0.0021499999999999987,0.007942839224271912,0.0018905144449854535,2.571699999999979e-06
2000-12-29,0.02340612703505706,0.009917775628995424,0.00039999999999999145,0.00220871116401179,0.0002835056439899861,9.981999999999884e-07
2001-01-05,0.013343415173684356,-0.01762826161934765,0.002970000000000006,0.0023309628700819325,0.004017765996789532,5.3244999999999894e-06
2001-01-12,0.057240230162350574,0.01432339425457701,-0.008119999999999994,0.00402359676221326,0.00025586130342438953,1.739859999999993e-05
2001-01-19,0.048525210865901454,0.017294566471888165,-0.0012400000000000056,0.004319173791129625,0.00025145151240906573,1.6349999999999693e-06
2001-01-26,-0.014009568691062424,0.00828371116652263,-0.004059999999999988,0.0008488597183899009,0.00020435650061914138,4.36299999999997e-06
2001-02-02,0.04659635559202692,-0.004944361277958243,-0.00426000000000001,0.00436667609247716,0.0004669442615601762,1.3456600000000058e-05
2001-02-09,-0.014532792509262224,-0.02694932176749833,-0.0019899999999999983,0.003977260561471901,0.0003057605204283742,2.7687000000000003e-06
2001-02-16,-0.05826890812397576,-0.01102114395376328,-0.002030000000000012,0.001773303826030582,0.0006482869720954186,3.4415000000000025e-06
2001-02-23,0.0013783599701213596,-0.044585594857636135,0.0029900000000000126,0.00029870157961374156,0.000690390294208486,3.1455000000000057e-06
2001-03-02,-0.042200354490376416,-0.010277541788170794,0.0004699999999999882,0.0014144905020605045,0.0006010031029337312,1.6530999999999785e-06
2001-03-09,0.015681005562153075,-0.0014754062379142097,-0.0009600000000000009,0.0020129198774765616,0.000807994573865843,7.330000000000347e-07
2001-03-16,-0.04928533625184495,-0.07038347762626784,0.004390000000000009,0.00228143121249388,0.003277632778601946,6.687499999999962e-06
2001-03-23,0.014017197414386943,-0.01016300037006425,0.0024900000000000057,0.0020170163982644895,0.0016316180257720425,6.763700000000003e-06
2001-03-30,-0.0376980634491243,0.01702147278602536,-0.0005900000000000105,0.0029797073998984215,0.0015119269855532562,6.268210000000011e-05
2001-04-06,0.040624181118512986,-0.028661584387066542,0.0033099999999999952,0.002682703700076198,0.0036258830657741317,7.187499999999971e-06
2001-04-13,0.04324418647391773,0.04681309463192902,-0.001269999999999989,0.0016161372913111385,0.001007876495221865,1.5633000000000133e-06
2001-04-20,-0.03596613396906471,0.04822095693802433,0.00039999999999999145,0.001329060787062794,0.001800088335374272,3.9473999999999844e-06
2001-04-27,0.02471029934034321,0.007249818591547174,0.00017000000000001237,0.002751542594882829,0.0008715599508251079,2.8061000000000696e-06
2001-05-04,0.003178529958427865,0.009966345489160295,0.001539999999999999,0.00248394055795208,0.0006211314505200833,1.8239999999999888e-06
2001-05-11,0.02507095100139183,-0.017500117831091185,-0.00689,0.0005023041180150433,8.750955753358436e-05,3.1692100000000076e-05
2001-05-18,0.042416321255067634,0.03564863812312908,-0.000649999999999995,0.0015453239912392998,0.0008087047594640908,1.7890999999999839e-06
2001-05-25,-0.06678230218848963,-0.011770934096137785,0.0005099999999999838,0.001910040742439389,0.0006600478428336132,8.387000000000029e-07
2001-06-01,-0.015983291774811163,-0.014377146902839555,-0.0010499999999999954,0.0003955017236888248,0.00036329004307045204,1.146699999999977e-06
2001-06-08,0.02475373915293818,0.0025985216117205153,-0.0005999999999999873,0.0009261906722472743,0.00042376136315124425,2.0903999999999724e-06
2001-06-15,-0.00034934498171877915,-0.04158792747045744,0.003869999999999996,0.0008879900178703176,0.000534241395598277,3.6180999999999874e-06
2001-06-22,-0.06458510969077215,0.008259905356586208,0.004489999999999998,0.0030903130497179033,0.00032874834467651684,6.360700000000016e-06
2001-06-29,-0.02185467539989991,-0.0015750242177077385,-0.0027500000000000037,0.003769552548316156,0.00021102701249116744,2.3434999999999967e-06
2001-07-06,0.053405348145237806,-0.02881058760383114,0.0010200000000000031,0.0019615330146252226,0.0008222269007629073,1.933600000000054e-06
2001-07-13,-0.05760462898679459,0.02007172382635031,-9.999999999994458e-06,0.0007794983249462023,0.0008455817167154192,2.2231000000000165e-06
2001-07-20,-0.007680529307778044,-0.004739844846596407,0.0009499999999999886,0.0030447282226718606,0.0002972977275711521,4.304899999999986e-06
2001-07-27,0.04079115364375494,-0.004905643505554416,0.000730000000000004,0.0006314282980011098,0.0009098100805507539,6.055000000000252e-07
2001-08-03,0.021962815449093277,0.006300082320350997,-0.003219999999999992,0.0017748046022818512,9.030506173012174e-05,2.925e-06
2001-08-10,-0.010921113278556821,-0.020830240810780665,0.0012800000000000012,0.0007068189605114116,0.0004803056304649813,2.011799999999969e-06
2001-08-17,-0.06463613449115543,-0.024671488249425444,-6.000000000002004e-05,0.0016359524832395547,0.0003617471898774728,2.630999999999938e-06
2001-08-24,0.049143386396359456,0.01884224518721543,-0.00125,0.00127479643802135,0.0006477055796104922,1.3260999999999906e-06
2001-08-31,0.011090686694158138,-0.04500081939657358,0.0013900000000000112,0.00137144064755239,0.000688571560612552,1.7999000000000147e-06
2001-09-07,0.03575033182406953,-0.04375618207156491,0.0015400000000000168,0.0008893508807341528,0.0008681520230650725,5.369800000000026e-06
2001-09-14,0.05352563590598773,0.005655484022398081,0.006589999999999989,0.0038902924204234396,3.852235363134281e-05,2.9862299999999943e-05
2001-09-21,-0.135550915357352,-0.12385511228621157,0.013290000000000007,0.004090143477556051,0.0042096482353943246,0.0001828271000000001
2001-09-28,-0.10292477315495271,0.07437438739608103,0.0022599999999999907,0.029269180439969157,0.002166658010343124,3.1462000000000056e-06
2001-10-05,-0.026818216223407625,0.028300116811107744,0.00029999999999999363,0.0021636156470096393,0.0005529845342206704,1.1326000000000063e-06
2001-10-12,0.00043830813763297955,0.018203737539418514,-0.0008199999999999896,0.0024321388268332125,0.0008691029051131091,9.397999999999734e-07
2001-10-19,-0.024845998586530776,-0.01731422099587292,-0.0011100000000000066,0.0020534432679902587,0.00048702484384589704,6.996499999999974e-06
2001-10-26,-0.01038618503314703,0.02808181628681076,0.0004899999999999949,0.001026973266079554,0.000455288652555795,1.036300000000012e-06
2001-11-02,-0.07687025996408114,-0.016364824563129553,-0.00021000000000000795,0.002664308017865467,0.001403871639174011,2.131100000000019e-06
2001-11-09,0.09620104846012649,0.029533310406854342,-0.0008999999999999986,0.005390060288820086,0.0004280060514550681,6.458800000000046e-06
2001-11-16,-0.20101705008326282,0.015658686656329336,-0.00766,0.02425813042967765,0.0003556193146290517,2.483339999999998e-05
2001-11-23,0.03161259759984135,0.009608431473061008,-0.001379999999999999,0.0015787065261245955,0.000330988487215373,1.2960000000000266e-06
2001-11-30,0.025001302205417186,-0.010058207159783051,0.001990000000000016,0.0049633616803433644,0.0005305461534463755,4.3991000000000355e-06
2001-12-07,0.0005142710321620995,0.015800779491142752,-0.004500000000000011,0.005641982668159925,0.0007945691259518912,1.1723999999999976e-05
2001-12-14,0.0020544434550140308,-0.03148457739412754,0.0012800000000000012,0.004410662384787918,0.0005204804424998172,4.51600000000003e-06
2001-12-21,0.006647940617747614,0.018623016732389704,-0.0022599999999999907,0.0011360416928514257,0.0002793894634562235,5.352599999999943e-06
2001-12-28,0.03947552268453644,0.013383251189416618,-0.0009800000000000076,0.0073910534043834485,7.351842883732986e-05,6.821199999999993e-06
2002-01-04,0.05759383538930886,0.009241090221111038,-0.0006799999999999961,0.008589265852597613,0.00028024979485665634,2.742000000000018e-06
2002-01-11,-0.06201318950078109,-0.023742655939254693,0.002879999999999985,0.0029850336706343907,0.00017055705093790548,3.5935999999999587e-06
2002-01-18,-0.08522342729108334,-0.016419389294432093,-0.0027899999999999813,0.004098925686567935,0.0005533246170139521,3.4531000000000064e-06
2002-01-25,0.06884995309311091,0.0044302243241325845,-0.0021700000000000053,0.0013373513123012988,0.0001299500354194552,3.271899999999989e-06
2002-02-01,0.019321879282270117,-0.010415230996133076,-0.0010600000000000164,0.003711204248652705,0.001249775650747313,1.4634000000000316e-06
2002-02-08,0.011707450794235286,-0.023981799871613613,0.0018400000000000282,0.0010378663256701962,0.00090675170925552,8.856000000000393e-07
2002-02-15,0.052892403104249426,0.006668925887592515,-0.0002900000000000169,0.004636983797572585,0.0004426142214865371,1.283899999999985e-06
2002-02-22,-0.031303653876965674,-0.013638427721199041,0.001590000000000007,0.0026048009955597015,0.000854684113784572,7.646999999999958e-07
2002-03-01,0.06121073104489637,0.037148410435575215,-0.0010899999999999998,0.004142347815645898,0.0008270049253692147,2.6918999999999682e-06
2002-03-08,0.07480925680839133,0.02765259919514564,-0.00495000000000001,0.0018222147327262915,0.0006793158977395522,8.365899999999979e-06
2002-03-15,0.028987536873252406,0.0008990090618465624,-0.002019999999999982,0.000649976074337069,0.00024373053328861536,3.890800000000026e-06
2002-03-22,0.01992097749455435,-0.0157979316143987,-0.001440000000000019,0.0015488731776078816,0.0002893142179586594,1.6477999999999908e-06
2002-03-29,0.03717036501500908,-0.001854724224178601,-0.0024600000000000043,0.0011014626723045672,0.0002863324512276707,1.675900000000002e-05
2002-04-05,0.003793631256839557,-0.022394270676426173,0.0024900000000000234,0.0027657452765025687,0.00018597463406622996,2.1803000000000577e-06
2002-04-12,-0.10868970813834672,-0.011140438674618511,0.0008899999999999864,0.006643298862499433,0.0007946668788866269,1.500500000000003e-06
2002-04-19,0.10982499681279138,0.012027316141977933,-0.0018099999999999915,0.003941909198297019,0.0006008505466845197,1.529899999999996e-06
2002-04-26,0.025024648527088647,-0.04500247390235604,-0.0006000000000000049,0.0005261732453955912,0.0005286584298607772,9.666000000000313e-07
2002-05-03,-0.0182398505436085,-0.0032936094274216236,-1.5999999999998237e-05,0.001364001346079662,0.0004045542989722023,1.7687100000000148e-06
2002-05-10,0.02265649371870273,-0.01793547534992349,0.0025589999999999866,0.002518333957910705,0.002247689588484074,3.2783266999999835e-05
2002-05-17,-0.002942260305723862,0.04710463808042433,-0.000561999999999987,0.0028396322738359183,0.0009081042504642605,5.570201999999998e-06
2002-05-24,-0.0479065767472446,-0.021411011798634125,-0.00036199999999999124,0.0010809349706732265,0.0005838946884548881,8.970060000000014e-07
2002-05-31,-0.022270895075667135,-0.016123664859177208,0.00019299999999999428,0.0034629943078696196,0.00012849568058409197,1.4451689999999838e-06
2002-06-07,-0.011524069518267578,-0.03842707789810835,0.0013840000000000074,0.00029862090906311866,0.00110898752701336,1.1623600000000212e-06
2002-06-14,0.043791203157310894,-0.02045904302331781,0.004993999999999996,0.002353016574833505,0.0004500723816677754,5.9798499999999915e-06
2002-06-21,-0.012317322777579458,-0.018719125114431474,-4.700000000001481e-05,0.0010016621090025901,0.0015568679797895617,1.8262610000000057e-06
2002-06-28,0.03948880567659506,0.00013666524655020235,0.006393000000000005,0.0009392259573013343,0.0006081428074144448,1.2046781000000053e-05
2002-07-05,-0.002236303578280461,-0.0013396099156110493,0.0007380000000000031,6.955457997867042e-06,0.0022668856303109273,1.4318659999999931e-06
2002-07-12,0.02323541743270093,-0.07132607313212252,0.0047559999999999825,0.001847590813093305,0.0020682274789332357,5.389829999999952e-06
2002-07-19,0.014836530516706959,-0.08374932252663432,0.004208000000000016,0.0011762099604977756,0.002667833472614011,9.739591999999965e-06
2002-07-26,-0.04782080656215748,0.005547860529454237,0.003522999999999996,0.002496552720683554,0.005288991026171539,1.1320046999999971e-05
2002-08-02,0.01124028319941954,0.012893935997309876,0.005179000000000009,0.001675276998359237,0.004333250088927588,9.493599000000004e-06
2002-08-09,-0.017666311738285635,0.04970183350500824,0.0009750000000000015,0.001930887032545166,0.00352847952677638,5.470670999999993e-06
2002-08-16,0.07802790255938537,0.0214779424528478,0.0011459999999999936,0.0019790712585631416,0.0021851618523139873,4.844465999999968e-06
2002-08-23,0.004200216185442885,0.012518182039024996,-0.0013030000000000008,0.0006092364873467811,0.0016250094405489994,7.15865099999993e-06
2002-08-30,0.012150817782512749,-0.02711483888345965,-0.003907999999999987,0.001452453613962691,0.000589291919334043,1.1160845999999928e-05
2002-09-06,0.0208305295195819,-0.024869514488235333,0.0016529999999999846,0.003110914683017378,0.002638150044376516,4.339098999999997e-06
2002-09-13,0.013427526348799382,-0.005001194306106495,-0.0015919999999999845,0.001992584237814078,0.0007951136931620285,1.622574000000002e-06
2002-09-20,-0.0050142174253576186,-0.05157878206213497,0.0010469999999999757,0.0005503831291675843,0.0013586704063060266,2.325135000000043e-06
2002-09-27,0.023187524454926237,-0.021891275669175998,0.005131000000000014,0.0009226108517676299,0.002501933492411362,1.3753040999999977e-05
2002-10-04,-0.030587490950833615,-0.03325903022949832,0.0015889999999999915,0.0008950025441422744,0.0029595584351244826,3.998236999999956e-06
2002-10-11,-0.006435246594271334,0.04212886229388339,0.004585000000000008,0.00034406973592556746,0.004067793357347379,7.657631000000082e-06
2002-10-18,0.005759799084633379,0.056689429926853635,-0.0008020000000000139,0.0004906707663834292,0.003309201505344266,1.636477999999982e-06
2002-10-25,-0.0900873560375242,0.014501153190639392,7.00000000000145e-05,0.003733171521596743,0.0009792618754397916,3.1467339999999483e-06
2002-11-01,0.0029531213783497083,0.003341470343316708,-0.0009270000000000067,0.0005750530346544215,0.0005658443664490033,6.150243000000023e-06
2002-11-08,-0.07697578507084238,-0.007283188228859336,-0.002649999999999988,0.0020470012387734287,0.0008210692732526685,2.1126219999999823e-06
2002-11-15,-0.016456321599479178,0.016364845594876765,-0.004421,0.001244244535318,0.001127982787379253,1.728940699999994e-05
2002-11-22,0.07970021525950893,0.022122213394569906,-0.005276000000000014,0.0028600682876175135,0.0009577995660427677,7.26563200000003e-06
2002-11-29,0.004846235020745633,0.005775366727642827,-0.0048799999999999955,0.0010648757576896557,0.0012250520697109153,3.1879578000000005e-05
2002-12-06,0.0,-0.026412601579209334,-0.00016000000000000015,0.001439406681822588,0.00042126995943553573,5.88018000000006e-07
2002-12-13,0.05639369029156655,-0.025609859719482462,0.00037700000000000954,0.0014261459339650361,0.000892155262855246,3.510570000000102e-07
2002-12-20,0.06299955194298361,0.006692045412293391,-0.0011330000000000062,0.003307939207235276,0.00100917414327096,2.9448150000000673e-06
2002-12-27,0.07683879921922278,-0.023286316043652885,0.0012729999999999996,0.002542858165542224,0.0003044470979333898,1.139836999999983e-06
2003-01-03,0.010942358420944227,0.03687650333396367,-0.002293000000000003,0.003665762652977046,0.0010878786595632825,4.102425000000004e-06
2003-01-10,-0.06623282143396415,0.020336239087253367,-0.0038810000000000146,0.005360047070891945,0.0011074006283188676,6.378410999999935e-06
2003-01-17,0.06259865631974455,-0.02851996391883458,-0.0024789999999999955,0.0010195696022536737,0.00046180771779247027,3.5592070000000027e-06
2003-01-24,0.00966191091173689,-0.04612742294685948,0.0007370000000000054,0.0014825679792788934,0.001344198554444305,6.022990000000027e-07
2003-01-31,0.006887285796210985,-0.006963952119077869,0.0002310000000000123,0.0020320475577688393,0.0011836255382841583,7.305909999999962e-07
2003-02-07,0.021842662959015317,-0.031178633452439257,0.0010229999999999961,0.001954233607173629,0.0004047671456417415,1.0059849999999945e-06
2003-02-14,0.031894673061208384,0.005936881058936406,0.002198000000000011,0.0011396913618932306,0.0007383520205774605,1.8446980000000396e-06
2003-02-21,0.006202444468246377,0.015474973136974995,-0.0003490000000000215,0.0012896988732246865,0.000687402727199368,4.382530000000062e-07
2003-02-28,0.028264558169631637,-0.008601084233081096,-0.002560999999999982,0.0031788859547554893,0.00072845192818115,2.770782999999967e-06
2003-03-07,-0.006854036427792145,-0.014950854514214707,-0.0004720000000000013,0.004831529397623036,0.0005430111162597011,9.547980000000336e-07
2003-03-14,-0.08583662648898237,0.004975551418312088,-0.0032730000000000103,0.0042377135996709905,0.0019242209689405165,4.553049000000015e-06
2003-03-21,-0.2148596127517316,0.07200590658939719,-0.002079000000000004,0.011292958952589862,0.0018251818974753505,4.7554769999999475e-06
2003-03-28,0.11401857840094097,-0.03700776676423836,0.001230000000000011,0.008636563607007331,0.0014990199543510557,1.0410740000000034e-06
2003-04-04,-0.05241076901145043,0.017321760149097195,-0.0039520000000000085,0.0046450442930556415,0.0011639162150203484,5.364314000000014e-06
2003-04-11,-0.05420311061773075,-0.012390996053846384,-0.0014039999999999964,0.008792823000195753,0.000259512366165478,1.7793579999999926e-06
2003-04-18,0.05140394853811613,0.028376646751539635,-0.0027109999999999877,0.0015981078170739709,0.0008016032253016769,4.46959500000001e-06
2003-04-25,-0.08325974317404018,0.005534030838386084,-0.0017510000000000225,0.003589801382553256,0.0007971805798931724,9.056950000000216e-07
2003-05-02,-0.0227238739916011,0.033898783911900154,-0.004415999999999993,0.0017371229887166047,0.0005474851933865303,7.339305999999977e-06
2003-05-09,0.06266200505692737,0.003297212256517465,0.0008179999999999943,0.0026757944359610034,0.00041483710743734503,1.0874099999999854e-06
2003-05-16,0.050652767303382855,0.01134799990561937,0.0003190000000000026,0.0022813577587518347,0.0002420430044439166,1.7917869999999384e-06
2003-05-23,0.01416013989709789,-0.0120615176413892,2.500000000001279e-05,0.0008970577628707394,0.0007391180682489709,1.8147950000000085e-06
2003-05-30,0.013624188939543638,0.03177074830912907,0.0005289999999999928,0.001320064863769129,0.0006056533813867022,1.3842389999999886e-06
2003-06-06,0.023404612280208868,0.024535033399647993,-0.000901999999999994,0.0024034746972274933,0.0002808805390577378,1.0649799999999776e-06
2003-06-13,-0.03121582537085025,0.0006524705691051564,-0.0025810000000000065,0.0019193325972395646,0.0004907616061835781,6.1521389999999805e-06
2003-06-20,0.005101184331776213,0.00691299032931363,-0.001499000000000006,0.001871832664177221,0.0007300558093955376,2.3561490000000107e-06
2003-06-27,-0.007148966617341369,-0.02000710869434438,-0.001274999999999995,0.002977340540838302,0.00048469150767725656,6.653210999999997e-06
2003-07-04,0.0385371861273524,0.009413789361676967,0.000459000000000005,0.0011534804309686053,0.00026697841425565703,5.115230000000097e-07
2003-07-11,0.02049852154834097,0.012297171439718008,-0.00019000000000001015,0.001239831414675366,0.0006713782770983202,4.157699999999945e-07
2003-07-18,-0.0006443299191989641,-0.005126294496342039,-0.003846999999999996,0.0007253261815216893,0.0003779089279620136,6.04875299999999e-06
2003-07-25,-0.028106425289319066,0.005093077553797924,0.0004520000000000035,0.0023935985791882224,0.0006549336772835929,3.26134199999998e-06
2003-08-01,0.06852872666543727,-0.01906974737674939,0.0034699999999999952,0.0034262494315509457,0.0001756159528202619,5.070365999999993e-06
2003-08-08,-0.007455766131343413,-0.002941088867066783,0.002286999999999999,0.001551892125533565,0.000393064802691375,4.571222999999935e-06
2003-08-15,-0.03425644190540676,0.012946026515140333,0.0007979999999999965,0.0011530467273945279,0.00019157009868854658,5.2563995999999745e-05
2003-08-22,0.027058789176525416,0.002041603279074142,-0.005190999999999981,0.0008827112162147967,0.0002077322332266405,7.99608700000001e-06
2003-08-29,-0.00851605840628194,0.014563841728828936,-0.002943000000000007,0.0008684651735098878,7.269762451773104e-05,3.6772870000000404e-06
2003-09-05,-0.08975074922417554,0.012856066003402682,0.0007039999999999846,0.005351852939909622,0.0002511534871881323,4.607203999999996e-06
2003-09-12,-0.01606740817856444,-0.003016895937428566,-0.0001989999999999892,0.0008028238691789716,0.00034690751931497777,1.2009330000000005e-06
2003-09-19,-0.04796304154095053,0.016878339984095173,-0.002352999999999996,0.000851031883270735,0.0004099510381515975,2.0289630000000186e-06
2003-09-26,0.039476427663631804,-0.039110360439797376,0.0012939999999999952,0.0016567404540875027,0.0006578781162845979,1.1193700000000003e-06
2003-10-03,0.0765400771223344,0.03225409380011225,-0.0016969999999999973,0.0014623824536342226,0.0007866130291064062,4.244540999999951e-06
2003-10-10,0.05098074554925069,0.00762482981915308,-0.0013810000000000055,0.002605282658098243,9.243034809775544e-05,8.759330000000283e-07
2003-10-17,-0.04116069936827514,0.0008563742997754577,-0.003436999999999992,0.0010138691835475733,0.0001871119807627383,6.9854969999999335e-06
2003-10-24,-0.01774611145339613,-0.010398240601992107,0.0017059999999999942,0.00044824412917741815,0.00028907347255284667,1.8071159999999655e-06
2003-10-31,-0.0354347853822235,0.020616617431178666,-0.001932999999999998,0.001434161487873615,0.00024759823064233826,3.0820870000000067e-06
2003-11-07,0.04861020654078793,0.001990651951245367,-0.0016900000000000049,0.002685978666420651,0.00014979008138264985,1.1357140000000046e-06
2003-11-14,0.03914519681025026,-0.003066259200465448,0.0008180000000000032,0.0005097939787055217,0.0002222252896962532,1.2582780000000285e-06
2003-11-21,-0.005363634881043572,-0.01480050119750545,-0.00019999999999999573,0.0027449207202470565,0.00026240199584865646,1.7772240000000224e-06
2003-11-28,-0.03870202453825304,0.02150441072584757,-0.0031900000000000084,0.004172075102868457,0.0002807722395870168,3.828119999999985e-06
2003-12-05,0.007534843183117342,0.0027546506732793537,0.0001690000000000147,0.0013391895221205692,0.00022071672253553399,1.7530510000000346e-06
2003-12-12,0.07268491607612576,0.011490896939990978,0.00035299999999999443,0.0034462604866327944,0.00026590494987368483,2.9061710000000204e-06
2003-12-19,0.002122177543465811,0.013093310931360801,-0.0023270000000000035,0.000922703638120654,0.0002155668947155343,4.4170189999999955e-06
2003-12-26,-0.004857325882859989,0.006261762339048576,-0.0009689999999999976,0.0020515752225487073,2.9367021365660745e-05,6.530809999999963e-07
2004-01-02,-0.010400827929512068,0.011057677447942124,-0.0009799999999999987,0.0004102749917010746,0.00016573120491637794,1.6140799999999998e-06
2004-01-09,0.0453872038332045,0.011679853081297813,-0.0017689999999999984,0.0010809141429832798,0.0002632258815257828,4.738285000000004e-06
2004-01-16,-0.000881963896653024,0.015569971732507307,-0.0008390000000000075,0.0036866735399162173,0.0001683526897980708,1.1757349999999942e-06
2004-01-23,0.027271780089749065,0.0011886672561579594,-0.000898999999999992,0.0008096317829132567,7.548623454117995e-05,6.071989999999985e-07
2004-01-30,-0.055610738408215184,-0.009519643447531157,0.001808999999999994,0.0011533824525338798,0.0004613490541358687,4.242749000000007e-06
2004-02-06,-0.04044385119943222,0.009893563646792749,0.003633000000000006,0.005749475030905907,0.00024328390666995088,3.150515000000004e-06
2004-02-13,0.0717196691912082,0.0023441330075182204,-0.001551000000000009,0.0015089704539968832,0.0001984176551525611,2.245981000000007e-06
2004-02-20,0.004681108606502695,-0.0018120375303686887,-1.0999999999992127e-05,0.000749120782585278,0.00013812131680802618,4.315590000000098e-07
2004-02-27,0.0539750426280018,0.00040961478210658684,0.0010079999999999957,0.0013838763587609255,2.7511161747568184e-05,2.1892040000000104e-06
2004-03-05,0.007713536867781808,0.01006575230786562,-0.0002950000000000053,0.0015285881381006347,0.00014408610202025368,1.0152149999999922e-06
2004-03-12,-0.024164486431393725,-0.03217277100688511,0.00011200000000000543,0.0011375679751633033,0.0007098767595193787,1.4181540000000125e-06
2004-03-19,0.05603323791252033,-0.009966071551406983,0.0010930000000000017,0.0016938881110481767,0.0005046633698453224,1.6171230000000006e-06
2004-03-26,-0.05154515183756588,-0.0018548474602300413,-0.00019700000000000273,0.0022380247591466257,0.00044214881962040893,1.1692249999999894e-06
2004-04-02,-0.03822484759114353,0.029648984127418992,-0.002163000000000004,0.002568661697680734,0.0002834074237171612,2.6875269999999913e-06
2004-04-09,0.06200915458694077,-0.0025404178657864704,-0.0005189999999999983,0.0024418326108885443,0.00010839177017881174,3.6432699999999206e-07
2004-04-16,0.010872626813247063,-0.004524267502500235,-6.699999999999484e-05,0.0009412647011954985,0.0002461374550573114,1.2019610000000117e-06
2004-04-23,-0.014431836593845688,0.004836229420751655,-0.0024740000000000074,0.0013224355105270614,0.0004711994529704785,2.8967960000000354e-06
2004-04-30,0.02492003277689975,-0.030065885236752535,0.0003750000000000053,0.0004420737713043801,0.0003111156888882601,9.813370000000072e-07
2004-05-07,0.06046724311574318,-0.008309411009619816,0.0013670000000000028,0.0011853653476817795,0.0003267734491784064,2.15501100000001e-06
2004-05-14,0.03925945482382696,-0.003220791987795329,0.005776999999999992,0.0019752334266455833,0.00017436284101648208,8.983890999999986e-06
2004-05-21,-0.03373457889185708,-0.0024436529614657657,-0.0015089999999999915,0.0021805757212960443,0.00018227375186152513,4.7268549999999295e-06
2004-05-28,-0.0012529759814923064,0.024010233844360417,-0.0016129999999999977,0.0033467107609628345,0.00029338363187407165,1.4004989999999834e-06
2004-06-04,-0.03547647779798281,0.0011058890144748418,-0.0016510000000000157,0.007581772849307355,9.45017043321362e-05,1.6563430000000324e-06
2004-06-11,0.004148307737776189,0.011829280341559804,-0.001272000000000002,0.0018822361644205783,0.00036488036630340166,1.4192720000000392e-06
2004-06-18,0.00901487109621558,-0.001811772129265307,-0.0002779999999999827,0.0015364506740241969,0.0001437013446545301,4.29158999999999e-06
2004-06-25,-0.03788826791950277,-0.0010456805485094286,-0.00041400000000000323,0.0017005460181569964,0.00014110048715270526,3.9113599999999724e-07
2004-07-02,0.022123630802562716,-0.008494642667197507,0.0016139999999999954,0.005055367230790089,0.00014374952997422012,3.891646000000001e-06
2004-07-09,0.04457633435548583,-0.01171552385722478,-0.000998000000000001,0.0025403588820224823,0.00015016858729136162,4.780199999999943e-07
2004-07-16,0.02848915659879495,-0.010785730850467768,-0.0010109999999999974,0.0018661160240477292,5.481498725194082e-05,8.499370000000013e-07
2004-07-23,0.009878408241866886,-0.01440617353532856,-0.0011579999999999924,0.001053572383223096,0.00033245396489527774,1.8056859999999885e-06
2004-07-30,0.04889290917354653,0.01367240141978708,0.0009199999999999963,0.00136144653476077,0.00012388592696975818,1.3081040000000236e-06
2004-08-06,-0.0064132148347131575,-0.035323726851318245,0.0017379999999999995,0.0015205373478853605,0.0005742687205776806,3.335620000000023e-06
2004-08-13,0.056072755281462834,0.00030798537322657897,-0.00040100000000000693,0.0013082655075859757,0.0003168975876173509,1.177317000000001e-06
2004-08-20,0.014878980690821598,0.030554007886985247,-0.0008049999999999891,0.00134630713403109,0.00039697482318867003,9.929349999999773e-07
2004-08-27,-0.07879491343331027,0.008063066487017191,-0.0011580000000000013,0.002164409192830318,7.551989360881128e-05,3.4135400000000167e-07
2004-09-03,0.018584910273967088,0.004780118186788322,-0.0014869999999999983,0.002369223687676144,0.00022656575440921866,2.010920999999986e-06
2004-09-10,-0.026490089781080334,0.008720451594011197,-0.0001290000000000102,0.0037129451940601734,9.530834304492019e-05,3.2299699999999745e-07
2004-09-17,0.062216148645802015,0.0036353560266771186,-0.0008229999999999915,0.0024935041314880927,8.583100673053209e-05,9.432029999999816e-07
2004-09-24,0.0696799206379898,-0.016968167228431908,-0.0014340000000000065,0.0015191191795179621,0.00029301945408354756,1.1092759999999823e-06
2004-10-01,0.025051815164527567,0.01858092273195067,0.00025400000000000314,0.00042638047273144705,0.00031556190226623244,3.918819999999952e-07
2004-10-08,0.05473906677108771,-0.008803090360605658,-0.0006010000000000027,0.0013272009080470772,0.00021280980347451378,6.510569999999957e-07
2004-10-15,0.01926913983159622,-0.012984383664352474,0.000754999999999999,0.00116985599079245,0.00016992716571508217,4.806549999999942e-07
2004-10-22,0.021990990653788126,-0.011800154254872176,-0.00019999999999999573,0.0017201239367767142,0.0002243680762330706,8.286720000000048e-07
2004-10-29,-0.0638016770916944,0.030483723478904393,-0.002022000000000004,0.0039562441056884366,0.0003916049362607881,1.1463500000000062e-06
2004-11-05,-0.04222367192899016,0.030799247455116363,-0.004128999999999996,0.0036827512413200496,0.0003957104974248045,4.119354999999987e-06
2004-11-12,-0.04556080134962799,0.014776116952011264,0.0001750000000000007,0.0027246922408513796,0.00016680733980913059,6.087299999999777e-08
2004-11-19,0.030739699676527326,-0.012308725428283316,-0.0018300000000000026,0.0037715038443213835,0.0002090125147474121,1.4945739999999972e-06
2004-11-26,0.011186936558881016,0.009880859117947938,-0.0013229999999999987,0.0001674126654762721,5.189101611278041e-05,7.997709999999987e-07
2004-12-03,-0.14539061776666606,0.006617622610876073,0.0015339999999999998,0.008814465926500346,0.00024975325654284113,1.4470740000000002e-06
2004-12-10,-0.033054965182595535,-0.0032287002885134555,-0.0013660000000000005,0.003100128655387143,0.00017846080888018782,5.728700000000022e-07
2004-12-17,0.11864232679411212,0.0046452239712195115,-0.000871000000000004,0.00505165345978654,0.0001597742077588689,3.831510000000011e-07
2004-12-24,-0.052684359002314746,0.01265911617322482,-2.7999999999996916e-05,0.001435914275351685,9.30726668088297e-05,5.17780000000018e-08
2004-12-31,-0.016661346280569967,0.000888644706110505,-0.000629000000000004,0.006533465239061234,7.125072481393897e-05,4.865350000000103e-07
2005-01-07,0.049392755329576266,-0.02207267722408687,-0.00043999999999999595,0.005111888631337589,0.00023180034842973986,2.450161999999993e-06
2005-01-14,0.061178556376147296,-0.00202893779279983,0.0009469999999999956,0.0014894415111403666,0.00017570245268922627,8.253090000000075e-07
2005-01-21,0.0,-0.014760263932406283,0.0016250000000000008,0.000948564078539372,0.00028609414149592053,9.588889999999972e-07
2005-01-28,-0.028212089437595855,0.0023579093052496355,-0.0017319999999999957,0.0018201046817158972,5.93762281841237e-05,8.228439999999976e-07
2005-02-04,-0.014947961435873252,0.026046984344345454,-0.0015569999999999996,0.001082049296732933,0.00025648789840235285,1.0247169999999949e-06
2005-02-11,0.02800352695375457,0.0012459704285429742,-0.0006280000000000019,0.0013162197753436775,0.00014088558656313906,1.0857060000000021e-06
2005-02-18,0.024998719424045877,-0.0037433957791518967,-0.0013139999999999975,0.0009952690431319399,7.519301104244056e-05,1.2335979999999995e-06
2005-02-25,0.04936325513659397,0.007428982305416857,-0.0014690000000000048,0.0023502114656199645,0.0003924194750514581,7.620870000000065e-07
2005-03-04,0.05276822090861839,0.008159441392971999,0.00015899999999999804,0.0009802641426602567,0.00016532043593387471,5.433329999999987e-07
2005-03-11,0.015356791738734584,-0.018921632215976914,-0.0004999999999999983,0.0008529635488020626,0.00019607669627134594,5.545259999999889e-07
2005-03-18,0.03774032798284711,-0.009439401946273317,0.002523000000000004,0.000738854082658298,0.000157804204895389,2.274848999999996e-06
2005-03-25,-0.04283309999413647,-0.01618297733111704,0.0020299999999999984,0.002643765893362706,0.0001309749336315728,4.107625999999992e-06
2005-04-01,0.0433570717116523,0.0005633126524415619,0.0031560000000000034,0.0020079857173824467,0.00029415859910403844,2.6572579999999984e-06
2005-04-08,-0.046827711783218505,0.006315043197158652,-0.001561000000000008,0.00144803422156815,0.00013820983883977653,1.4891190000000065e-06
2005-04-15,-0.04855231505612821,-0.03387819210190385,0.005709999999999997,0.0019474444774856396,0.0005559265037234583,8.282193999999983e-06
2005-04-22,0.06200217247859323,0.007588121652745861,-0.0015679999999999872,0.002283771293796156,0.0006495190258710888,2.72763200000002e-06
2005-04-29,-0.10799180540250226,0.0033952437330814584,0.0022749999999999914,0.004308382151461384,0.0004422157139156266,3.0772310000000137e-06
2005-05-06,0.057638766852787744,0.011741597161564199,0.00043900000000000715,0.00365663034478557,0.0001830951957811758,2.41641099999998e-06
2005-05-13,-0.04643864977325136,-0.015568396629496072,0.003230000000000004,0.002228041318900536,0.0002967398680015882,5.431268000000002e-06
2005-05-20,-0.0329555750900327,0.02936718344507031,-0.001551000000000009,0.0011226701446751723,0.000272027942476583,5.295223000000024e-06
2005-05-27,0.06370312604352237,0.007256502514800943,-0.004011999999999993,0.0011600729221264774,6.806759856645226e-05,4.035429999999987e-06
2005-06-03,0.05952355639613117,-0.00298909132838305,-0.0008840000000000003,0.003427871583557447,0.00016837751783130831,5.520981999999981e-06
2005-06-10,-0.006380479215918701,0.0010361681501680725,-0.00023500000000000297,0.0019767715984458146,3.9124287770372846e-05,1.2150750000000038e-06
2005-06-17,0.07908563511631479,0.014898957503248555,-0.000799000000000003,0.002984469955934671,5.417517240293739e-05,8.682970000000054e-07
2005-06-24,0.011090686694158356,-0.021771699682099063,0.0012560000000000039,0.0011630561959723427,0.0001820328733812275,6.279719999999939e-07
2005-07-01,-0.01838318064195355,0.0016864409938692846,-0.002350000000000003,0.0036577243220345707,0.00014291631620889862,2.7347520000000017e-06
2005-07-08,0.03166358830984797,0.013754740046774159,-0.0003559999999999963,0.0019636132400109056,0.00028829866097950744,1.0835839999999912e-06
2005-07-15,-0.025216331501377632,0.012423176983636567,-0.0022340000000000025,0.0020700377443664455,5.301471621803193e-05,1.5216659999999978e-06
2005-07-22,-0.008150834733254168,0.003929199236556057,-0.00034499999999999977,0.0012274730700056902,0.00017135161282469006,5.863290000000126e-07
2005-07-29,0.03221214589337129,-0.00036684831508087466,-0.001811000000000007,0.00035292226495981286,0.00012858806959067256,1.6223110000000053e-06
2005-08-05,0.04376960246654268,-0.00709565637820613,0.000459000000000005,0.0015784015234871108,0.0001651809000293911,2.706950000000062e-07
2005-08-12,0.06263049151317014,0.0024562013470834166,0.0008550000000000057,0.001815623749454048,0.00014142118814541662,6.895310000000071e-07
2005-08-19,-0.023731963874661942,-0.009490682111758093,-0.00014300000000000423,0.0029315219876240983,0.00015016631739903777,1.0180990000000057e-06
2005-08-26,0.005154650588664422,-0.012832439904246899,-0.0006809999999999938,0.0010120806689021397,9.946817689310471e-05,4.876789999999968e-07
2005-09-02,0.021541595877512264,0.009942461539854645,0.003934999999999995,0.0026944669130790026,0.0001514929747223185,4.754526999999999e-06
2005-09-09,-0.04031647385403871,0.018334146008047576,-0.001038999999999999,0.0008605292636314606,0.00024041424447430388,7.692030000000109e-07
2005-09-16,-0.02433058259955063,-0.0036439348791654814,-0.0009770000000000056,0.0020469320456644883,0.00013711406985412745,8.033750000000074e-07
2005-09-23,0.013330394213193058,-0.01921399228014773,0.001481000000000008,0.005800755110676707,0.00019105047450000733,4.0777329999999985e-06
2005-09-30,0.03143707475331744,0.01026254765150028,-0.0011920000000000108,0.0012516928909590815,7.987777677789001e-05,4.77934000000009e-07
2005-10-07,-0.07229801690848231,-0.027951604483288692,0.0008190000000000008,0.0018687566286854573,0.0003588157155604716,5.675629999999906e-07
2005-10-14,0.005986588545306204,-0.008649882404438342,0.0017130000000000044,0.0009931978725928293,0.00016137962049793972,2.4213590000000328e-06
2005-10-21,-0.022183261630188657,-0.006708064038196228,-0.0016089999999999982,0.001938927689747513,0.0005625521396522834,1.6637430000000237e-06
2005-10-28,0.009684113433627028,0.014986084655291883,7.000000000001449e-06,0.0021103253249445493,0.0006814221976850175,1.3753689999999854e-06
2005-11-04,0.0045632412952058676,0.017111062669880293,-0.0012420000000000098,0.0017245705238237716,0.00018026290658450686,5.497180000000035e-07
2005-11-11,-0.05035235937094921,0.01101936458622399,0.0009010000000000051,0.0008389372322619149,9.957683429710675e-05,9.136330000000033e-07
2005-11-18,-0.02195610716108564,0.010079314163318037,0.0012159999999999992,0.0009571053531367068,0.0001257449521760746,1.8401040000000276e-06
2005-11-25,0.0258813617956572,0.015049404763034624,0.0006840000000000046,0.00046040524749238514,6.972052661128575e-05,4.107200000000095e-07
2005-12-02,0.010336447193636744,-0.00335180925501701,-0.0013970000000000126,0.001579877337952984,0.0002598586703068117,1.399227000000038e-06
2005-12-09,0.017711407008961528,-0.005369938441787169,5.6000000000002716e-05,0.0017292477708798868,4.1803183590075264e-05,1.2301700000000226e-06
2005-12-16,-0.02227338163532151,0.0054562424886959796,0.00019800000000000929,0.002312488182898937,5.899878781761242e-05,2.5677399999999867e-07
2005-12-23,-0.010555086077025634,0.0002200599978180324,-0.00010699999999999932,0.0003867111519613205,5.856424419644959e-05,3.5476849999999764e-06
2005-12-30,0.0436999304098559,-0.01703268750640811,-0.00038600000000000635,0.0010235139355304038,0.0001267347018469932,2.021020000000029e-07
2006-01-06,0.06239623791623793,0.028497813771024873,-0.0013979999999999926,0.0016318170748545542,0.0003665570089747954,1.3000760000000062e-06
2006-01-13,-0.006020859562310496,0.0008458582804458059,0.0008740000000000058,0.00013907693731618677,6.659089812373346e-05,1.6902720000000148e-06
2006-01-20,0.05863696650335751,-0.02133832504495491,0.00023899999999999367,0.0019557425155623245,0.0004016964561869837,7.07072999999987e-07
2006-01-27,-0.010569681489687668,0.016612901197064083,-0.0020250000000000055,0.0011389863185649876,0.00012394851976897886,1.193579000000025e-06
2006-02-03,-0.03590861271916082,-0.01633519871592922,-0.001155999999999997,0.0014576360002502853,0.00013233750214500717,9.255019999999844e-07
2006-02-10,-0.03915340625521675,0.0014395174893372727,-0.0005099999999999927,0.0012301371357750462,0.00014969389239969278,5.712340000000029e-07
2006-02-17,-0.025293333871781207,0.014958036613326476,-0.0005420000000000069,0.0019666719187810683,0.00017862424669287273,2.7771400000000224e-07
2006-02-24,0.026088436084297874,0.0007929265364697828,-0.00024700000000000167,0.0028630129075873628,8.268791780642432e-05,1.8980500000000635e-07
2006-03-03,0.012008360446995754,-0.0026194451257329034,0.0005470000000000042,0.0015937245743522558,0.00019503451838180104,3.123750000000017e-07
2006-03-10,-0.029163089749767418,-0.005309219570419402,0.00047900000000000275,0.0009551343974802788,0.0001340427249953316,7.05321000000014e-07
2006-03-17,0.03745280641674903,0.018941213907507293,0.000113999999999983,0.002288820970446532,0.00013436936869759742,7.269100000000112e-07
2006-03-24,0.000934142991796922,-0.004200327357382659,-0.0013679999999999825,0.0025727927466054246,8.283981384251313e-05,1.3463439999999952e-06
2006-03-31,0.03621757288673324,-0.0071776850949271005,-0.00037199999999999457,0.0010660948382202975,0.0001199370874256826,6.363840000000026e-07
2006-04-07,0.02972052860526125,-0.000423691382996432,-0.0006710000000000083,0.0012045655209480944,0.0001745259305641012,5.529510000000254e-07
2006-04-14,0.03126599150405066,-0.005888194434817378,-0.00013500000000000512,0.0005881948527838725,6.30784129500306e-05,3.005970000000001e-07
2006-04-21,0.05961076850561992,0.016102155890680415,9.400000000000298e-05,0.0011232477997772704,0.000309480719442713,1.0528699999999864e-06
2006-04-28,-0.04475415327401926,-0.00144537017326859,0.0003900000000000059,0.0011670738631451758,4.894014515934057e-05,9.221300000000215e-07
2006-05-05,0.00027820281164286036,0.010546144527354731,-0.0007639999999999958,0.0036293794307157494,0.0001876201378602525,1.2164319999999915e-06
2006-05-12,0.019011455638873832,-0.0273445944573268,-0.0007620000000000004,0.001154079045533888,0.00029752290387115976,3.4455400000001546e-07
2006-05-19,-0.05598712472658482,-0.019881014103718682,0.00142199999999999,0.0019544530262800295,0.0003605561750992744,1.4886819999999987e-06
2006-05-26,0.029577017343686052,0.00935922185074552,0.0005729999999999968,0.0018863073590519195,0.0001972416341988147,8.468349999999943e-07
2006-06-02,0.013361367878213237,0.005332504276122819,0.00053399999999999,0.001149665096402954,0.00047488369154752026,1.0714679999999612e-06
2006-06-09,-0.0002765486743288845,-0.029239579192565413,-4.0999999999993265e-05,0.0009956426803234787,0.0003833331311689884,3.701029999999903e-07
2006-06-16,-0.029614121155095055,-0.0015984137167417546,-2.9000000000003466e-05,0.0010044211857547889,0.0007519490401698097,6.518390000000144e-07
2006-06-23,0.00949890179039931,-0.006652680968675239,0.0005400000000000027,0.0003490375225436095,0.00020665063459742196,4.011440000000112e-07
2006-06-30,0.04227148674684413,0.01945017940738167,1.2000000000007561e-05,0.0005510066641718476,0.0005964417775325319,9.040280000000047e-07
2006-07-07,0.017431388003121367,-0.0047163907693775825,-0.0003649999999999931,0.0010475481865686355,0.00016638150508550625,4.952850000000013e-07
2006-07-14,0.04522012458222839,-0.024388088605093117,0.0011679999999999868,0.0010510283320493798,0.00033406165620139327,1.072088000000019e-06
2006-07-21,-0.055911125782539324,0.0023277765365615054,-0.00021999999999999353,0.0010978452249962877,0.0004665243095493173,7.203059999999704e-07
2006-07-28,-0.016117366565509546,0.029424650073331882,0.00036399999999999546,0.0007556330945044809,0.0004744792936043392,5.619839999999941e-07
2006-08-04,0.02054126278105225,-0.00030876657847051013,6.199999999999762e-05,0.000544507497491118,6.0634687237934504e-05,6.949759999999681e-07
2006-08-11,0.016318770094331258,-0.010868089456914167,-0.0004610000000000003,0.0031166581408860047,7.552430021743933e-05,3.1509899999999665e-07
2006-08-18,-0.05254770839079019,0.02674862625089887,0.0002450000000000152,0.0011312739468761896,0.0002609087629873784,7.289929999999797e-07
2006-08-25,0.0056704390925980735,-0.006484741185400288,0.0002889999999999926,0.0006958422931708357,4.094833342357781e-05,5.37869999999982e-08
2006-09-01,-0.046868139872781704,0.011302660942185383,3.700000000000259e-05,0.0011368399680392763,6.064045090482784e-05,1.63126999999994e-07
2006-09-08,-0.02650810553231287,-0.010189067176201771,-0.0007890000000000086,0.0005888116732326158,0.00013915900151591082,2.525510000000126e-07
2006-09-15,-0.05115270343668982,0.015066135404662758,-0.0007979999999999965,0.0009851126170781059,0.00013161796096205182,2.1880199999999804e-07
2006-09-22,-0.055726064542615764,-0.004761549492767249,0.0017880000000000075,0.002366696967492162,6.809362598779239e-05,2.2561859999999938e-06
2006-09-29,0.03823566358283696,0.014997884416454334,-0.0007510000000000083,0.0012749985094497203,0.00014289137146272272,5.06853000000004e-07
2006-10-06,-0.028048260327464675,0.009315389572133185,-0.0012040000000000006,0.003644972016617678,0.00017217733152974496,1.280029999999994e-06
2006-10-13,-0.01432476952133383,0.010880297341451017,-0.0011770000000000014,0.0007403725918326454,0.00010575135381625734,5.401830000000014e-07
2006-10-20,-0.01621702346258782,0.0012429931068376724,-0.00020299999999999762,0.0019530165420695534,2.3701285381012975e-05,7.773500000000109e-08
2006-10-27,0.02365200195010593,0.005453764081594034,0.0008880000000000088,0.001647480806158003,0.0001467128645836691,5.772800000000033e-07
2006-11-03,0.0021376313327725886,-0.010438780108085952,-0.0015350000000000019,0.0023249404462586656,5.970098775836393e-05,2.159559000000006e-06
2006-11-10,0.010782656340465283,0.011184214691707927,-4.8000000000012476e-05,0.0019569906162543193,0.0001685959656569123,3.060399999999816e-08
2006-11-17,-0.04265852988148302,0.013677609524334031,-0.0009209999999999941,0.0017139010048247613,5.8660862057617446e-05,1.7000030000000012e-06
2006-11-24,0.004568149387185421,-0.0010874344169036745,0.0008610000000000007,0.0007814490966810295,2.183191901524769e-05,4.0445100000000553e-07
2006-12-01,0.06833994624620768,-0.0038997222712907143,0.001200000000000001,0.0011519668192997003,0.0002919987748160187,1.3053420000000291e-06
2006-12-08,-0.005374657263087562,0.008459405582515036,-0.0023939999999999986,0.00015690202458852845,0.00011504276256947255,1.7509239999999874e-06
2006-12-15,0.01572606713341732,0.011254067723631508,-7.999999999999119e-06,0.0006633288881122189,8.371691226454542e-05,8.06312000000008e-07
2006-12-22,-0.02656282657018396,-0.012408962797781418,-0.0004050000000000065,0.0008467064757270778,5.901298590915311e-05,4.400670000000012e-07
2006-12-29,-0.022032318389237932,0.004398701310905574,-0.0010049999999999937,0.0006897415758733753,9.032093494562112e-05,5.709270000000012e-07
2007-01-05,-0.06182312843644245,-0.006988307994807406,0.0004860000000000042,0.005406791379820988,4.019387558915827e-05,7.218279999999878e-07
2007-01-12,-0.06329633542782885,0.013863140203245253,-0.0015640000000000055,0.0030544254577668352,7.234463967843515e-05,5.829680000000037e-07
2007-01-19,-0.008762990726293158,-0.0011051354034502393,-0.0009490000000000088,0.003345679681839711,1.867906928286848e-05,5.147790000000003e-07
2007-01-26,0.03712979346868327,-0.006788185551665985,-0.0006559999999999988,0.003269880319269903,0.00024196185183960207,6.949060000000024e-07
2007-02-02,0.06293583007996098,0.017313015989803917,0.00033200000000000785,0.005010775124412469,0.00010888778720120807,7.55926000000011e-07
2007-02-09,0.026913450568845997,-0.008099784746387995,-0.0007620000000000004,0.001620071862705789,5.520158376232654e-05,1.7451800000000127e-07
2007-02-16,-0.012781317659086557,0.011154598129562748,-0.00013100000000000557,0.0025380615175166496,0.00012778142958535588,1.6061499999999506e-07
2007-02-23,0.021157814038135506,-0.003916075515607686,0.000127000000000006,0.0009317798768889357,2.3523183318891214e-05,8.18692999999998e-07
2007-03-02,0.008144693989226652,-0.045988439762560535,0.004344999999999999,9.204923712922465e-05,0.0014201743422538084,9.029993000000021e-06
2007-03-09,0.00210679925589275,0.010343046520308692,-0.001998999999999995,0.0011006852306782839,0.0003827162783429932,3.846356999999985e-06
2007-03-16,-0.03609786242267157,-0.012281020761398372,0.001874999999999991,0.0005067455873637505,0.0005033087442737032,3.7108649999999975e-06
2007-03-23,0.044320399680661315,0.03394582386119301,-0.0006519999999999993,0.0013649794059847566,0.00044543445044693315,1.099975999999988e-06
2007-03-30,0.05604275568680405,-0.011555439577427374,0.0007840000000000025,0.0013338471956765201,0.00011869581749570084,3.7746999999999445e-07
2007-04-06,0.007562044505232051,0.01507807650013413,-0.0012980000000000036,3.060730148163736e-05,0.0001025661555023308,1.57116400000002e-06
2007-04-13,-0.0006028636203690759,0.005360726747472306,-0.00036899999999999265,0.0015954644361134698,0.00010106698661510858,6.481549999999918e-07
2007-04-20,-0.034041925538298635,0.02055685988309048,7.699999999999819e-05,0.0008767620230247174,0.00020545231866448145,3.25398999999998e-07
2007-04-27,0.0359999049272822,0.005632954471460698,-0.0002550000000000008,0.0021219733398241142,0.00010783960933286704,3.6599900000000095e-07
2007-05-04,-0.07059554797647861,0.006803429959291604,-0.0004760000000000009,0.0011260699624636053,0.00013367877351390167,6.075799999999911e-07
2007-05-11,0.03475161279138263,-0.0007513468317893225,-0.0006479999999999997,0.000928849299470891,0.00030787547840629927,6.344779999999758e-07
2007-05-18,0.028595338059083094,0.010234657141718057,-0.0011249999999999982,0.0011586853386539784,0.00012295731537324895,4.4031899999999363e-07
2007-05-25,-0.011892196867828123,-0.005553681947556955,-0.0001750000000000007,0.0014649335867573726,0.0001288821017932796,1.3369300000000117e-07
2007-06-01,-0.00184218658177032,0.012550697148489666,-0.0006519999999999993,0.001390782704917757,7.967300198756798e-05,4.587020000000008e-07
2007-06-08,0.005669210005072021,-0.019795936265205896,0.002229000000000001,0.002503170890134926,0.00055346233453757,2.183075000000008e-06
2007-06-15,0.04613102409055391,0.015637438542752596,0.00025399999999999425,0.0009275514091035142,0.0004087687171073469,2.8705400000000225e-07
2007-06-22,0.008715918047015662,-0.02094130044646229,0.002308000000000003,0.0004022325029661439,0.00039864085022088644,1.807206000000011e-06
2007-06-29,0.022029212958017186,-0.00040863804541173656,0.002391999999999994,0.0010580363689051252,0.00010404722967862711,2.7677080000000076e-06
2007-07-06,0.03434948001463764,0.01690095911586065,-0.000552999999999999,0.00034938021406246864,0.00013696927779803314,5.125589999999876e-07
2007-07-13,0.013308181202494843,0.013365855219343106,0.002074000000000007,0.00042472185365747265,0.0006033981180083885,3.7403260000000304e-06
2007-07-20,0.022146049155309405,-0.01283847187998307,0.002937999999999992,0.0003752943259786569,0.00017905512650520885,4.605509999999997e-06
2007-07-27,0.016098770562824886,-0.051090910193920744,0.010094000000000002,0.002322313571620941,0.0012628470427805648,2.9530430000000003e-05
2007-08-03,-0.02019740788641323,-0.018754346118179454,-0.0010379999999999966,0.0011413222869732205,0.0010628646308225918,4.0232980000000335e-06
2007-08-10,-0.057672901351589596,0.013401775897504176,-0.000995000000000008,0.0023981505744219657,0.0017085019830785865,1.4336569000000055e-05
2007-08-17,0.007968169649176881,-0.006115857277322557,0.005216000000000003,0.0015975046270895938,0.0011316779023879814,8.445382000000006e-06
2007-08-24,-0.010216308856544907,0.022031615451912772,-0.002557999999999989,0.000943406823236935,0.0002695433398562043,8.265713999999974e-06
2007-08-31,0.040658807763905146,-0.004437927375737819,0.0018839999999999968,0.0008526740408857817,0.0012493456332192828,4.135884000000064e-06
2007-09-07,0.021115310757490097,-0.01471413087213885,0.0017219999999999924,0.0003142640430526427,0.0005510679901028442,5.790769999999918e-06
2007-09-14,0.03214120921179699,0.02012523478793975,-0.001628999999999996,0.0006431253151426856,0.00025530031844446944,2.361444999999986e-06
2007-09-21,0.044212322303075834,0.026800979043050257,-0.003100000000000005,0.0005757985616093717,0.0009586669921849124,3.483619999999962e-06
2007-09-28,0.0004899559137700884,-0.00011085701366787663,9.200000000001651e-05,0.0016939786520634038,8.125179503653201e-05,5.34430200000006e-06
2007-10-05,-0.012817528202409884,0.019214942569828523,-0.0019080000000000208,0.0007632436259819988,0.0002900736095285035,1.474464000000021e-06
2007-10-12,0.025956403344245513,0.0018865934785788868,-0.0025149999999999916,0.0016110570525033324,0.00012758157797142916,1.6487409999999922e-06
2007-10-19,0.04963007976702666,-0.04068086692896959,0.006760000000000001,0.0017227504540132652,0.0007913657444255356,1.1612234000000007e-05
2007-10-26,0.05493243809735537,0.022102312587309856,0.00027499999999999855,0.002311768858734673,0.0002854332249071929,7.562849999999969e-07
2007-11-02,0.03160921003222044,-0.017541496639808335,0.0019819999999999903,0.0046442047287576105,0.0009156323489893889,9.023581999999938e-06
2007-11-09,0.0051549217302885655,-0.038424536199442756,0.005187000000000017,0.0012759717232097571,0.0012641493316382815,9.42271300000006e-06
2007-11-16,-0.015438606314936305,0.0028186535761410966,0.003850999999999987,0.002918209541644648,0.001177636481115636,9.062698999999932e-06
2007-11-23,0.04521132428468642,-0.013035788979454599,0.005727000000000002,0.0014509754007211747,0.000868619100590523,2.2723318999999968e-05
2007-11-30,-0.10142990609741097,0.02710705110895535,-0.0010709999999999908,0.0035511863348139916,0.001625586163043656,7.01859900000006e-06
2007-12-07,-0.006332713688616149,0.015158743670697382,-0.001252999999999993,0.0015100014820908583,0.0005313505263661526,3.988726999999963e-06
2007-12-14,0.03784536227664048,-0.025336166313560792,-0.0018760000000000066,0.0033240371457972655,0.0009406002879892457,7.538854000000018e-06
2007-12-21,0.019042012125410995,0.010570469323294297,0.002361999999999993,0.0009081095684157926,0.000567326376320301,4.036873999999981e-06
2007-12-28,0.02842090822190557,-0.0046266769296926585,0.0013750000000000108,0.0005383250635038828,0.00027241865040254055,2.401339000000005e-06
2008-01-04,0.019700497898143637,-0.0468039239108419,0.005099,0.0015712905092983127,0.0008766878147606424,7.485645000000049e-06
2008-01-11,-0.06052249241839883,-0.008035118455986185,0.004328999999999983,0.0017946864752304908,0.0007866174022020023,4.798738999999972e-06
2008-01-18,-0.024605810802200076,-0.056095870463041694,0.003950000000000013,0.0011885777914097209,0.0016941213763992675,4.973812000000028e-06
2008-01-25,0.008747218481471726,0.0036620613965715333,0.00014299999999999534,0.0016591697301644025,0.0009305832648191119,3.3533573000000054e-05
2008-02-01,-0.019480774124580578,0.04716017306255103,0.0004329999999999945,0.0011097625452595836,0.0007879122936510936,6.735529000000008e-06
2008-02-08,0.03109861632864952,-0.04741662517860495,0.0043670000000000184,0.0023785103116847435,0.0013060897986608483,8.91347100000003e-06
2008-02-15,0.03931710334083484,0.013588637785475895,0.0018049999999999854,0.0010078526786311663,0.0004527721767647458,1.3995509999999712e-06
2008-02-22,0.034596264035114906,0.0019131888619736642,-0.0007559999999999967,0.002153046102117024,0.00029915520025833493,2.3309159999999907e-06
2008-02-29,0.03020414004227964,-0.01706386317491938,0.004810999999999997,0.00134804453020075,0.0010714755389324327,1.768957100000002e-05
2008-03-07,0.023676634816149907,-0.028692799210570545,0.0020999999999999908,0.003191040953008034,0.0006063452399688594,2.71182200000002e-06
2008-03-14,0.041880122652473636,-0.004336263037891809,0.003971000000000018,0.0007370582259134756,0.0021208932403167066,1.1129925000000012e-05
2008-03-21,-0.06555675746862347,0.0313042512545449,-0.00137100000000002,0.006645239290590376,0.002970556534835106,1.8097488999999804e-05
2008-03-28,0.036444793029635957,-0.011123097434359106,-0.0029049999999999974,0.002734948048301826,0.0005105881635213754,1.1499414999999995e-05
2008-04-04,0.00575880751313496,0.040749773703272735,-0.004681999999999995,0.0035703197555247445,0.0012819973175630152,1.4275804000000021e-05
2008-04-11,0.03223396603747736,-0.02813310915474674,0.0009280000000000043,0.000997644802361209,0.0005382436487539306,8.162529999999975e-06
2008-04-18,0.05712803024708648,0.041827127856512436,-0.006377000000000006,0.0008453418236807358,0.0008595444361602233,9.733987000000013e-06
2008-04-25,0.020113171628878584,0.004922674396029862,-0.004253999999999997,0.0009760393957765612,0.0001722576570332163,5.3386140000000195e-06
2008-05-02,-0.018736708920155297,0.010952655567011957,-0.002643999999999984,0.0022439494962231315,0.00033041998774524094,5.544287999999935e-06
2008-05-09,0.07993689316626877,-0.01871686892284329,0.003200999999999983,0.0015643918584409713,0.00047185834684077834,3.0946650000000177e-06
2008-05-16,0.0003174099375958141,0.0258828652123901,-0.002994999999999992,0.0008254672273789453,0.00024868160921550237,3.2030470000000363e-06
2008-05-23,0.04764096470223445,-0.035753916088797195,0.0006339999999999879,0.001793317963955792,0.0005332058616732086,3.152968000000024e-06
2008-05-30,-0.03730108016584227,0.01710585839231741,-0.0010589999999999833,0.0021415368495636944,9.280059069552666e-05,1.919753000000015e-06
2008-06-06,0.08537412589531992,-0.02921528434219028,0.001086999999999998,0.009452267980788433,0.0015026025992361032,1.068097099999989e-05
2008-06-13,-0.023563113728140836,-0.0010606241537216357,-0.003982000000000001,0.0029604819001013143,0.0005306563190383966,1.3523777999999972e-05
2008-06-20,-0.0008123177347318201,-0.032000530586055384,0.003188999999999993,0.001987145733304488,0.0005057682212973484,3.895966999999967e-06
2008-06-27,0.03520340287512691,-0.03097344177495653,0.00796899999999999,0.0018274865113667477,0.0009441083073216871,1.7346066999999918e-05
2008-07-04,0.03559044635020725,-0.01267002614335237,0.003622000000000014,0.0005257443382874808,0.0003549632649339172,3.984502000000014e-06
2008-07-11,0.0025433937065217458,-0.01920973590176259,0.0017740000000000045,0.004113245264636382,0.0010614467794034235,3.3341619999999598e-06
2008-07-18,-0.1178259447192132,0.01644477246628929,-0.0010849999999999937,0.0044217835011129475,0.0009578525230486574,1.3686116999999987e-05
2008-07-25,-0.04915324853645876,-0.0028399737865893527,-0.0009590000000000209,0.0023896500730653442,0.000761023806822926,4.686099000000106e-06
2008-08-01,0.014817471938768237,0.0015463806160315764,0.00488900000000001,0.002444921677090624,0.0013651452419938157,9.022473000000095e-06
2008-08-08,-0.08070906339886619,0.02769170089130925,4.400000000000404e-05,0.002741682716919822,0.0017784249720569159,1.8997779999999573e-06
2008-08-15,-0.012732360021749748,0.0009917662773502663,7.60000000000005e-05,0.001004889488425461,0.00025025177003401675,8.282260000000016e-07
2008-08-22,0.005688546386107472,-0.005094016706072352,0.001487999999999996,0.0057565470183425956,0.0004903844532895285,2.88521599999998e-06
2008-08-29,0.007563609194430596,-0.007732790313068623,-0.00036999999999999035,0.0008594370324452377,0.0008775716820830498,1.8255179999999867e-06
2008-09-05,-0.07899671642941761,-0.03253865973062444,0.0013519999999999932,0.002926114257576828,0.0009633856233543887,2.923725999999935e-06
2008-09-12,-0.052334727216721375,0.007106500638221163,0.0011909999999999954,0.0012964340665341482,0.0018487742456870437,3.057179000000019e-06
2008-09-19,0.014706147389695487,0.0022797843740452782,0.008047000000000004,0.012433343028504375,0.008321601472192445,0.00021368775099999944
2008-09-26,0.03950141490951036,-0.034497557005640826,0.012017000000000007,0.005190192069062294,0.0021610626921817655,3.588615900000003e-05
2008-10-03,-0.12978289730303166,-0.0987992084918523,0.01703999999999999,0.015308969027264665,0.01314828610147094,9.622612599999975e-05
2008-10-10,-0.18543675764041612,-0.20115176201787807,0.031480000000000015,0.01828421154270645,0.011582865120773986,0.0002539112760000004
2008-10-17,-0.07811056682682538,0.04462655119253129,0.005493999999999986,0.010839716541510527,0.02277346397288045,0.0001516496340000001
2008-10-24,-0.11724595545393572,-0.07051091795141107,0.005226000000000006,0.01136824670636346,0.008502841173225537,3.520883800000033e-05
2008-10-31,0.05548558563410534,0.09946418807993823,-0.002558000000000007,0.006942688008037126,0.01254518509276664,1.8967038000000075e-05
2008-11-07,-0.09167426715285336,-0.040012429202121454,0.0029519999999999768,0.022729470314740523,0.008004807298705336,1.1442829999999865e-05
2008-11-14,-0.07151284184105185,-0.06421307831465814,0.009352000000000018,0.007753931618012665,0.009791411905133373,2.8504647999999874e-05
2008-11-21,-0.1429005431893277,-0.08782973080134193,0.025790000000000007,0.010007025462529318,0.01335079071054241,0.00015487393399999996
2008-11-28,0.08629344793359078,0.11337041113180191,-0.0008210000000000051,0.017567309232149133,0.005273182645025461,1.1323030000000021e-06
2008-12-05,-0.23734459020963938,-0.022939622446190043,0.007182999999999992,0.016076122519127052,0.013103550889308604,1.7403757000000054e-05
2008-12-12,0.13469540160241766,0.0040231227155201835,0.006435999999999993,0.01931011862686056,0.00299230132860498,2.777419799999989e-05
2008-12-19,-0.14806176310568125,0.009079671897969578,-0.009289999999999986,0.008449057023929398,0.0032305235657111033,2.6769809999999996e-05
2008-12-26,-0.11627920946293999,-0.01729995266813736,-0.011751000000000004,0.017837183454047313,0.00049831824823666,4.326091499999988e-05
2009-01-02,0.20608020773396443,0.06525418794075837,-0.015265000000000022,0.023423374511433698,0.0017625782706112865,8.339678699999997e-05
2009-01-09,-0.005843540056404622,-0.04564715168921909,-0.013472999999999971,0.030074045346615758,0.001486077811272247,9.57830309999998e-05
2009-01-16,-0.07901219910776461,-0.046375781702986986,0.0007570000000000121,0.004450638014068986,0.001740680081169251,5.659924999999889e-06
2009-01-23,0.08765716325682597,-0.021760846205897022,0.0007150000000000034,0.00971864889524084,0.0050189365028435184,1.957047000000012e-06
2009-01-30,-0.10878554565177548,-0.007504839114068492,-0.004568000000000012,0.009830351126111405,0.002904040911353749,1.723353199999976e-05
2009-02-06,0.1018755635037497,0.050241870199427614,-0.0033880000000000264,0.018050868455450928,0.0012715254743700026,3.056802000000067e-06
2009-02-13,-0.09494188360336168,-0.04945689878507083,0.000911000000000044,0.003170004580428781,0.0027059639186865375,9.2869499999995e-07
2009-02-20,-0.047325904341017154,-0.07133656581886845,0.005737999999999985,0.013270993552699539,0.002453302417848296,9.195939999999916e-06
2009-02-27,0.11168571043924218,-0.04664906480061799,0.008201,0.010897233221519479,0.003729698759626626,3.082790099999997e-05
2009-03-06,0.06403571378599099,-0.07312398226534764,0.011931000000000011,0.022501016150826864,0.004762225348213732,3.5042355000000114e-05
2009-03-13,-0.014564901272758717,0.10153374338984021,-0.006288000000000018,0.012784852725177397,0.005569781596128326,3.378270799999982e-05
2009-03-20,0.10180327121785097,0.015557293865827741,-0.004110000000000014,0.006511804569396097,0.002008653922715274,1.8342442000000306e-05
2009-03-27,0.005935871904758178,0.05967386562397682,-0.010397999999999996,0.003802443719694577,0.006143880190663473,2.761904399999998e-05
2009-04-03,0.0024787885702020006,0.031850781685286496,-0.004300999999999995,0.01462631924425028,0.0025916925993759595,2.1717109000000126e-05
2009-04-10,0.04067724970891333,0.016368494085036222,-0.0020080000000000098,0.00346930289393561,0.0021849623035542784,3.496060000000052e-06
2009-04-17,-0.04143929966006095,0.014923525649292942,-0.01446799999999998,0.0013834664820682227,0.0008350677054321964,5.205601799999981e-05
2009-04-24,-0.017689367235651548,-0.004066912054045708,-0.0015270000000000116,0.00789706941872572,0.002789177438141273,8.630599000000079e-06
2009-05-01,0.031506185884629945,0.012774900273201545,-0.008198000000000007,0.0028210036970144894,0.0005968610995367223,3.123766199999998e-05
2009-05-08,0.11594341644036495,0.05706821218620135,-0.010324999999999989,0.005502742761854642,0.002163835280259739,2.5061338999999926e-05
2009-05-15,-0.04695054495341364,-0.051330591337281975,0.004985999999999997,0.001998225945738358,0.0014549304334002088,8.158974000000046e-06
2009-05-22,0.0787463211688513,0.0044858643575814185,-0.004724000000000003,0.0034173921883636376,0.0012135294051867744,1.0279754000000068e-05
2009-05-29,0.07254312637737487,0.03541758332769569,-0.0033149999999999833,0.0014042891935421562,0.0014568192461403221,3.648172999999954e-06
2009-06-05,0.04482543138006425,0.02228864587824235,-0.013377000000000017,0.004087190939393173,0.0009817721407310305,5.2205719000000175e-05
2009-06-12,0.047862759290761295,0.00624587790814092,-0.0029149999999999923,0.001443664931602701,6.448429949132684e-05,3.999684999999906e-06
2009-06-19,-0.03824799052508235,-0.026985913481727047,0.0042199999999999885,0.0011792249976093146,0.000824291991146865,6.396345999999957e-06
2009-06-26,-0.012358254711429813,-0.0027457388197073642,-0.00017399999999998528,0.0027998625021557664,0.0014658379051832211,5.046765999999945e-06
2009-07-03,-0.03576803389957442,-0.024956960899331432,-0.002320999999999991,0.003118742957901677,0.001048619704062199,1.1214689000000043e-05
2009-07-10,-0.09174991336208481,-0.019649309522159153,0.003514999999999979,0.003005974636812206,0.0004333421661521555,1.3310292999999778e-05
2009-07-17,0.05900005177669875,0.06716149757791384,-0.0024699999999999987,0.0019303040328016614,0.001561442836812773,3.6031399999999866e-06
2009-07-24,0.05233796376734598,0.04032205857355078,-0.006468000000000007,0.0010322502038454847,0.0006818649382269452,1.310071000000002e-05
2009-07-31,0.02036434010287782,0.00814534747650088,-0.003876999999999988,0.008238155878682167,0.00017697978817088865,3.3217989000000165e-05
2009-08-07,0.04683412298366094,0.022774943367790342,-0.005964000000000009,0.0023322784421326067,0.0004594088608440134,8.919918000000088e-06
2009-08-14,-0.04467662484363988,-0.006545441412720248,0.004092000000000002,0.0020829949495759542,0.00042529279731823755,4.734009999999997e-06
2009-08-21,0.0598129334601823,0.021503189535022865,0.002386000000000017,0.0029586565920544953,0.001210872198193285,4.401873999999992e-06
2009-08-28,-0.015686061241713366,0.002529636798110434,-0.0009590000000000031,0.0013498663314445078,1.7590885825645626e-05,6.375410000000019e-07
2009-09-04,-0.0670896599797936,-0.012430935632431403,0.002076999999999991,0.002287252250603845,0.0008195207558770427,5.370254999999921e-06
2009-09-11,0.02468544107277082,0.02540158985589937,-0.003851999999999993,0.003956377218911743,0.0002469715640782004,4.665942e-06
2009-09-18,0.03896140066096615,0.024035595342240965,-0.007184999999999988,0.0012920016368621044,0.0002974268787016058,1.538768300000006e-05
2009-09-25,-0.09349089488773937,-0.022834461292049052,-0.0016240000000000165,0.005623563096203425,0.0002856526012223145,1.6470699999999599e-06
2009-10-02,0.05782297468644328,-0.018692245946221677,0.0028940000000000055,0.0035459322695898443,0.0010291774192350857,7.857058000000027e-06
2009-10-09,0.032351625881051345,0.04396817582997367,-0.0023489999999999965,0.0014788784510846793,0.0004975834313292001,2.041750999999996e-06
2009-10-16,0.08956865799070307,0.01481384204112979,-0.0016159999999999996,0.0019127786837557913,0.00041281499273676536,1.344261999999979e-06
2009-10-23,0.018556199441273163,-0.0076486738254402204,-0.0021860000000000035,0.0011154187241680194,0.00046813028512832956,1.6216980000000347e-06
2009-10-30,-0.04445176257083381,-0.041201407532392285,0.0015080000000000026,0.00363063682941965,0.0018454422338163947,2.049698000000014e-06
2009-11-06,0.014056585820899947,0.03128249568961516,-0.0007099999999999973,0.0014269218525763102,0.00041751257239557764,6.551220000000115e-07
2009-11-13,-0.01366705130970932,0.02220598459980869,-0.0013620000000000054,0.0015628232799887016,0.0006480815130930629,4.936980000000038e-07
2009-11-20,0.005695808278936604,-0.0020613974806231086,0.0007310000000000016,0.0017762327075284598,0.00040045857892615134,3.86131000000003e-07
2009-11-27,-0.018499745938509338,-2.981140707433644e-05,0.00014099999999999112,0.001653857008249198,0.0005055700267032497,6.515050000000108e-07
2009-12-04,0.015655897072553063,0.013028526799876568,-0.0034060000000000023,0.0010844460056688042,0.0002597436381312246,6.3538899999999996e-06
2009-12-11,-0.07107548244447798,0.00023521989605321811,-0.0013849999999999874,0.0014278062542425593,0.00017314521363133122,1.4338949999999945e-06
2009-12-18,0.0337532895850996,-0.0037194610273044815,-0.001324000000000005,0.0006989824808058472,0.0002552557480103224,1.5361259999999946e-06
2009-12-25,0.04762492404296447,0.02135922492724709,-0.0023339999999999962,0.0013951308419712682,0.00015458823636431516,1.446033999999981e-06
2010-01-01,0.016644816015176405,-0.010372024253124754,-0.002416,0.00011383022331831168,0.00010535149939974007,1.8080819999999939e-06
2010-01-08,0.04845408619617958,0.02625540953863852,-0.003003000000000009,0.0014881008558168239,0.0002873162016674063,4.105248999999955e-06
2010-01-15,-0.061007348108023704,-0.008013229665312123,0.0012380000000000013,0.0010793639403408066,0.0002849274048828813,1.1225020000000012e-06
2010-01-22,-0.05010530701366088,-0.0399000977609379,0.002846000000000011,0.0014340844831040144,0.001134958402322302,3.166637999999996e-06
2010-01-29,-0.02238443865699082,-0.01667824240247846,0.0011570000000000035,0.000447679982393223,0.00030154673994648644,3.7321809999999726e-06
2010-02-05,-0.018974324528862923,-0.007324188132214807,0.002784999999999993,0.004931461136619374,0.001406124788332043,6.266508999999979e-06
2010-02-12,0.0408219945202552,0.008544479116477226,0.0029680000000000106,0.001265758430276534,0.00035225326905051756,2.14002200000002e-06
2010-02-19,0.07197722817891368,0.030640924036510305,-0.004392000000000014,0.0020211188895842332,0.0003840196336384574,7.63460600000001e-06
2010-02-26,-0.005008775810929473,-0.004384413291804554,0.0005390000000000051,0.001439691919321302,0.00024945438073627636,1.224806999999985e-06
2010-03-05,0.027975583537699487,0.030332224714057436,-0.003792000000000009,0.0010320650694345343,0.0003151627511631282,3.374756000000021e-06
2010-03-12,-0.004649463900090198,0.00968375508152442,-0.002665999999999986,0.0002186077824113894,3.962091132963882e-05,1.7884979999999992e-06
2010-03-19,-0.007014981693084477,0.008390355512823898,-0.0015140000000000153,0.0015301858193185582,0.00012005886262107266,1.647180000000013e-06
2010-03-26,-0.012052081024141306,0.005551245799649114,-0.0011059999999999892,0.00037498429822983235,0.00011068201719794009,1.5928760000000148e-06
2010-04-02,0.05909403930770391,0.009605738656901551,-0.0009420000000000073,0.0011755581096163069,9.742606659312726e-05,1.1405800000000148e-06
2010-04-09,0.008915015056515025,0.01351274382841614,-0.0008249999999999958,0.0008546551738999889,0.00015565586071466007,1.129168999999991e-06
2010-04-16,-0.011274341383914808,-0.002060168922240241,-0.0015499999999999937,0.0009653202955058659,0.00039156726835543965,1.1190300000000013e-06
2010-04-23,0.005300677939148508,0.0206723153186667,-0.000843000000000007,0.0006984932341893173,0.00014140096485529835,1.5324629999999799e-06
2010-04-30,0.01202793738060437,-0.025635615647837093,0.001352999999999991,0.0013203505758200694,0.0010670242887885115,1.9108309999999867e-06
2010-05-07,-0.0928639577637745,-0.06616180768455049,0.009223000000000016,0.0033076720646625186,0.002116415452041188,2.5181239000000063e-05
2010-05-14,-0.04002093134462468,0.021919710005910916,-0.0012400000000000056,0.002992992293618559,0.002558526639819209,1.163276600000004e-05
2010-05-21,-0.0741385664478884,-0.043322255265937026,0.006183999999999994,0.0016106983276165097,0.002035014372880794,1.3658015999999933e-05
2010-05-28,0.05459309818212518,0.0014328146954219049,-0.0005220000000000091,0.0037910077620005927,0.0014025401417659354,9.534778000000019e-06
2010-06-04,-0.03382230553947167,-0.02291378314885283,0.0009970000000000035,0.0027389526086364743,0.002193340556389584,2.75748499999994e-06
2010-06-11,0.05217390220359048,0.02464279694157337,0.0018020000000000102,0.001925126941947431,0.0012050370889816555,1.163282000000039e-06
2010-06-18,0.03802541451837138,0.023322063082440704,-0.004235000000000006,0.0007909681406021994,0.0005462317657335966,3.983419000000006e-06
2010-06-25,0.007637511667214543,-0.03726190758731527,0.00040800000000000835,0.0014124313642100055,0.0005817337153494989,2.5085480000000528e-06
2010-07-02,-0.0890654529740882,-0.05175716601795475,0.001335999999999995,0.0024012971132310666,0.0011326442194221353,1.7934580000000237e-06
2010-07-09,0.06037996950691996,0.052621328256222996,-0.0025,0.0012666395197976066,0.00111954836293421,1.814561999999996e-06
2010-07-16,-0.0032677631849427798,-0.01232067236727481,-0.001996000000000002,0.0011378124285443202,0.0010900631463475132,2.201330000000036e-06
2010-07-23,0.03347377406113335,0.03475097961537148,-0.002095999999999991,0.001551518834327717,0.0008936011433893698,1.3150620000000003e-06
2010-07-30,-0.00037991515685232625,-0.0010667933243057284,-0.0009190000000000076,0.0007688018868171946,0.00019077413506093474,1.8861630000000198e-06
2010-08-06,0.02785417070910056,0.01793100079881659,-0.0005949999999999989,0.0013494302972675357,0.000549458157725013,4.866910000000033e-07
2010-08-13,-0.06896647546746983,-0.03862717916229013,0.0024709999999999966,0.0020405749318356515,0.0009280722265587628,2.923391000000013e-06
2010-08-20,-0.026072738341429494,-0.0071231868065800025,-0.0005859999999999932,0.00042807324828278794,0.0004542739674292966,5.76168000000004e-07
2010-08-27,0.018122517587525155,-0.006752497056866946,-9.999999999994458e-06,0.001387913926005911,0.0005710230131202758,5.993339999999764e-07
2010-09-03,-0.007611707979662392,0.03671397227142175,-0.0010190000000000054,0.002476373623057879,0.0013197317903154585,1.2409030000000054e-06
2010-09-10,0.03645860135164805,0.004443633858424625,-0.0023730000000000027,0.00080664037855584,0.00022107963328109038,2.181959000000001e-06
2010-09-17,-0.03217823098547542,0.014263603369591786,-0.0013659999999999961,0.0006072459324532462,0.00013634656119477858,4.992120000000085e-07
2010-09-24,0.020739135757886846,0.02021273564385606,0.0003359999999999985,0.0008929403397508519,0.0007677103096628791,6.572379999999986e-07
2010-10-01,0.0644241205556377,-0.0021974424369881466,-0.0013420000000000077,0.0016081015372806388,9.138743980245933e-05,4.2860200000000076e-07
2010-10-08,0.021464475307390655,0.016296832874824228,-0.0017859999999999942,0.0008880050411013243,0.0005317935520848822,1.049496000000002e-06
2010-10-15,-0.01718338504307948,0.009361547727147597,-0.000658000000000003,0.0006236363779170248,8.231035430833976e-05,1.0261219999999917e-06
2010-10-22,-0.002933628799945521,0.0057733832637630045,-0.00011699999999999378,0.004121044178531983,0.00042667189426320645,3.7784499999999246e-07
2010-10-29,-0.003187839874737825,8.757598277478464e-05,-0.0014510000000000022,0.0002499461140398879,1.3314988977884104e-05,1.565333000000013e-06
2010-11-05,0.07166644032952713,0.03529054370424262,-0.0028139999999999966,0.0013994241206742345,0.0004541112045818407,3.020674000000003e-06
2010-11-12,-0.024766918048713227,-0.022068320415752858,0.0008349999999999902,0.0012855921492751013,0.00024811739123700727,3.866882999999998e-06
2010-11-19,-0.040167962683662406,0.0003364671212717059,0.003089000000000004,0.0016462087241749482,0.0005071764479500254,9.359731000000013e-06
2010-11-26,0.021480251486089882,-0.00874522626422391,0.0020679999999999943,0.0010458642769838068,0.0004850888307412584,2.509486000000013e-06
2010-12-03,0.06728814004720558,0.029165045294067868,-0.0003039999999999932,0.00238482630993422,0.0006653594960902703,5.247114000000041e-06
2010-12-10,-0.014390355128776242,0.012607461582809591,-0.002080000000000002,9.861079489186639e-05,6.61199787905072e-05,2.5949859999999858e-06
2010-12-17,0.0032785061303243998,0.0027093515733755446,0.0007110000000000038,0.00021360826003957438,6.592567771905449e-05,1.3315310000000124e-06
2010-12-24,0.032316398316251584,0.01016079309505727,-0.001222000000000003,0.0002818332727178141,5.671316812763686e-05,8.02829999999993e-07
2010-12-31,-0.0014216197921615287,0.0005778958901717551,-0.0005600000000000005,0.0005655073922836543,4.30149601919554e-06,2.553653999999947e-06
2011-01-07,-0.02392140643500675,0.010846299384967943,-0.002596999999999996,0.0014631534236086536,0.00016119006217984197,4.135019000000011e-06
2011-01-14,0.036859885379001193,0.01684406461148936,-0.0008540000000000081,0.0006843339715555478,0.00015319747677118407,7.643320000000074e-07
2011-01-21,-0.03809355345449132,-0.007793908546671723,-0.0005019999999999936,0.0006654182526308743,0.00011275381694067377,2.5250199999999526e-07
2011-01-28,0.00257775429934415,-0.0055807971432412316,-0.0006979999999999986,0.0029125765730310983,0.0003811959884215517,9.622020000000054e-07
2011-02-04,-0.0034759243383928095,0.0265512779634884,-0.0030590000000000027,0.0015233524371947521,0.00035361964087737857,2.50606299999999e-06
2011-02-11,0.0011225865570461454,0.013688178183412928,-0.0011979999999999968,0.0004281819478915515,9.464585535901021e-05,2.9796119999999925e-06
2011-02-18,0.006486267428566149,0.010230088735091677,-0.0003270000000000017,0.00042599572495288156,6.821392537768005e-05,1.824530000000032e-07
2011-02-25,0.08715999300327881,-0.017509405539487048,0.0016520000000000046,0.004683135007436716,0.0005787407815752613,1.7082279999999798e-06
2011-03-04,0.06467898940793544,0.0008308422134448847,-0.000290000000000008,0.0020850877812275946,0.0006313606696251211,1.4091920000000112e-06
2011-03-11,-0.020022915875107815,-0.012974674284297872,0.001997,0.0010348868945177904,0.0005639279227130296,3.455804999999985e-06
2011-03-18,-0.0048971694344837665,-0.019520868334194565,0.001665000000000001,0.0030652685590158717,0.0007467752540735145,4.78809300000001e-06
2011-03-25,0.03426149343444722,0.02654032850639445,-0.0018699999999999938,0.000533461094652152,0.0003387755708445734,1.5768240000000018e-06
2011-04-01,0.023812881083234632,0.013912246471280731,-0.0011610000000000032,0.000937548022669727,0.00012931530194855277,6.997310000000057e-07
2011-04-08,0.0490812888390106,-0.003342296884078298,-0.001485000000000003,0.0007797639679591776,2.3323617029362283e-05,1.493626999999996e-06
2011-04-15,-0.02817843757441801,-0.006546118097089332,0.0015270000000000027,0.0020451106727388995,8.416766001372408e-05,2.158579000000016e-06
2011-04-22,0.01860644212935803,0.01320528583349684,-0.00018600000000000173,0.0014581236333525737,0.00036339523024221654,1.3553799999999984e-06
2011-04-29,0.014499414125577101,0.01930000675300005,-0.00029300000000000105,0.00011413055782251411,0.0001391743064667811,3.224749999999977e-07
2011-05-06,-0.15296644319244457,-0.017422372842066117,-0.00017999999999999795,0.008662299945585114,0.00015940589607227708,1.997620000000004e-07
2011-05-13,0.02375168504599363,-0.0019172118290211033,-3.1999999999996475e-05,0.006232227981406041,0.00029947979989035736,6.675460000000127e-07
2011-05-20,-0.00019978024239864298,-0.0034678234042920743,0.000710999999999995,0.0019496031164948878,0.0001800001512578639,5.008509999999945e-07
2011-05-27,0.0048831628250719855,-0.0017205186373991657,0.001850000000000005,0.0013825011419819505,0.0001868715070768063,9.928119999999925e-07
2011-06-03,-0.0036850796146682867,-0.02360002656130379,0.001415999999999995,0.0009992474872339136,0.0007394340008914522,1.5845059999999905e-06
2011-06-10,-0.0036987096697544473,-0.022775635067249465,0.002466999999999997,0.0010833024438343384,0.0003877927021769446,1.4646269999999952e-06
2011-06-17,-0.06677771462702714,0.00033695328390795614,0.0023320000000000007,0.003487549565827099,0.0004790901458332839,2.8200860000000063e-06
2011-06-24,-0.0242751408573135,-0.0024648924642823953,0.0012590000000000058,0.0024314142620681127,0.00039600765972448026,1.1893810000000094e-06
2011-07-01,0.04062890874568849,0.0545368823304743,-0.0031289999999999994,0.0011278465774843117,0.000623095484916636,2.4402669999999876e-06
2011-07-08,0.018368289336076763,0.003002933449990896,-0.0005900000000000017,0.0016910630400455923,0.0001595983618231277,1.671762000000012e-06
2011-07-15,0.009264090959798172,-0.020866076664946796,0.0009799999999999987,0.0015351622734081647,0.0004387387196188285,2.783525999999988e-06
2011-07-22,0.02299184683599667,0.021631211069679798,-0.0013429999999999963,0.0006094216058802573,0.0005106509839575523,1.0300110000000046e-06
2011-07-29,-0.042651041796134714,-0.04006912883891587,0.0007179999999999964,0.0008799612044183971,0.0005222951829789374,1.1287640000000063e-06
2011-08-05,-0.09186783561335207,-0.07465868969142475,0.006776,0.004194928916572443,0.0031139095319903808,1.2720843999999975e-05
2011-08-12,-0.01861433016452913,-0.017335301560396275,0.009205999999999994,0.00806358785918265,0.011014841733615837,4.308150000000012e-05
2011-08-19,-0.03902934390573523,-0.04806634433839135,-0.0005209999999999937,0.004878322461637812,0.0028708598491947214,5.418814999999969e-06
2011-08-26,0.035287962246922856,0.04628729882557323,0.002516999999999996,0.0007390790353289508,0.0017777121303517761,3.2724709999999893e-06
2011-09-02,0.012571461107084528,-0.0024454344268395475,-0.0035849999999999936,0.0016297737720257994,0.001606081455811855,4.516478999999966e-06
2011-09-09,0.011043480463096892,-0.01699017396912103,0.0013729999999999975,0.0017981606862490826,0.0016999568839336128,6.306741000000052e-06
2011-09-16,0.008770487337395171,0.052109782977549084,0.0006359999999999921,0.0010862375549710694,0.0006326734246020817,2.4960079999999976e-06
2011-09-23,-0.09923030526877033,-0.06772485277431552,0.0035880000000000044,0.005338698736050404,0.002076383653444632,7.372449999999972e-06
2011-09-30,-0.008173575840641174,-0.004465019589152784,0.004733999999999999,0.00562742818285351,0.001787284030992733,8.367315999999997e-06
2011-10-07,0.048910407060215974,0.02096962902254565,0.0020480000000000055,0.005270460380348527,0.002037442700049321,2.921910800000004e-05
2011-10-14,0.0450214127739876,0.05804835651912862,-0.005271999999999988,0.0019829258726698122,0.0015270565399259732,9.006127999999976e-06
2011-10-21,0.00458716400690614,0.011049856729017335,-0.005014000000000003,0.0013933115755664365,0.0013210824121934184,9.293972000000003e-06
2011-10-28,0.06553916449173941,0.03707404693425359,-0.006324000000000014,0.00506584774870821,0.0018209549166307488,1.1765538000000037e-05
2011-11-04,0.009279571681496481,-0.025146536278821074,0.002407999999999992,0.00036481502033051656,0.0020721643995396067,8.834032000000023e-06
2011-11-11,0.04869410244717374,0.008402080801220296,0.002184000000000008,0.001064375485561204,0.002019619870151182,4.521289999999996e-06
2011-11-18,-0.01241367182251372,-0.038945116930803735,0.0013180000000000015,0.0026722043483747224,0.0006832955309188501,8.441220000000139e-07
2011-11-25,-0.009257420566534572,-0.04805871371888814,0.003847000000000005,0.0005823585791503898,0.0008780211042259908,5.281059000000001e-06
2011-12-02,0.042387369900051916,0.07123617685210981,-0.003365000000000009,0.0005649859112009366,0.0026373023345536008,2.9945370000000252e-06
2011-12-09,-0.013562234202350427,0.008687194632567343,-0.0009209999999999852,0.0006469291629901216,0.000846953026831511,1.3432909999999795e-06
2011-12-16,-0.0605304997400323,-0.02875747801352116,0.0003029999999999866,0.0037680032974522475,0.00045295582282363134,4.3508500000001237e-07
2011-12-23,0.06133339018862286,0.03670651865213286,-0.0022059999999999923,0.0014135062009160897,0.0011559134386525216,1.1574739999999867e-06
2011-12-30,-0.008563852651050545,-0.00616584417824838,-0.000467000000000013,0.0007388868575160382,0.0002895236964583919,6.455129999999986e-07
2012-01-06,0.02941241877259404,0.015885369252740048,-0.0031679999999999885,0.0018284220219603404,0.00025067257295041434,5.894201999999924e-06
2012-01-13,-0.02890662745130606,0.00874631028810055,-0.00025400000000000314,0.0005983391693659855,0.00011351068043221868,9.407339999999939e-07
2012-01-20,-0.005577824917315746,0.020142842643786064,-0.002389999999999999,0.0008970131968324275,0.00015932636874656944,1.9791960000000037e-06
2012-01-27,0.012431308707326505,0.0006814256160111937,-0.0025049999999999972,0.00023149651533511717,0.00011142961795557399,2.167567000000009e-06
2012-02-03,-0.017426986120474344,0.02142783027005581,-0.0012940000000000041,0.0005483031927554967,0.0002965313266065561,1.0495340000000076e-06
2012-02-10,0.012089343154294496,-0.0017345089065028292,-0.0009370000000000012,0.0005122490870258774,5.884222958031272e-05,1.3368049999999902e-06
2012-02-17,0.0451144952921713,0.013695031607137366,-0.0005649999999999977,0.0007328249608022832,0.00020169006748182533,8.466110000000043e-07
2012-02-24,0.05784993787384244,0.003249068888471442,-0.0026449999999999998,0.0011656125265844092,3.267642888557821e-05,2.427506999999996e-06
2012-03-02,-0.028366109391517416,0.00279158947304355,1.1999999999998679e-05,0.0011589906741356242,8.386450368523604e-05,6.657939999999917e-07
2012-03-09,0.010905640079629927,0.0008438290303614004,0.0012590000000000058,0.0006206315868515236,0.0004110119582653399,5.7623769999999836e-06
2012-03-16,-0.002692041542241235,0.023931825339530935,-0.0005090000000000039,0.0005882357755809044,0.0003609968882794551,1.3211829999999849e-06
2012-03-23,-0.006621614308291055,-0.005108198177716256,0.0006700000000000018,0.0012786062363779273,9.014185341582338e-05,4.2103599999999853e-07
2012-03-30,-0.036689998399366285,0.008034979982008823,0.00013000000000000788,0.0009797475557977743,0.00023888632381069693,1.0124379999999723e-06
2012-04-06,0.007831802177923394,-0.007464449764305528,0.000550999999999986,0.0017263908251049808,0.0001774307490802768,1.2453650000000045e-06
2012-04-13,-0.004923978087722857,-0.020150517771296447,0.001576000000000004,0.0006461702354186667,0.0008272889207232019,2.040166000000008e-06
2012-04-20,0.005405418566907982,0.005966403482445837,-0.000981999999999994,0.0005046637751387121,0.0002897319131815609,5.432020000000109e-07
2012-04-27,0.010057074375272092,0.017802070267312422,-0.0015359999999999996,0.0001337687025493663,0.0003185854042379571,1.2127479999999844e-06
2012-05-04,-0.06333844098820873,-0.024764617717207272,-0.00156200000000001,0.002518489613147954,0.00037734373739034907,7.467280000000085e-07
2012-05-11,-0.02051564414931853,-0.011590649052079105,0.0005600000000000005,0.00019796258872843974,8.15663114523793e-05,4.655999999999945e-07
2012-05-18,-0.04982707840584768,-0.04398822186663648,0.0051560000000000095,0.0005818568522640222,0.00046255193493715814,7.164926000000025e-06
2012-05-25,-0.010292437295187465,0.017243425914931172,0.00277099999999999,0.0007876128325486619,0.0002627874897149592,6.465023000000003e-06
2012-06-01,-0.08771200057325344,-0.03069070429462066,0.0022919999999999963,0.002816453340253957,0.0009572428061086231,3.848315999999972e-06
2012-06-08,0.013841051411871292,0.036523835192438986,-0.0013979999999999926,0.000328606507614938,0.0006172235291648884,4.02540400000001e-06
2012-06-15,-0.0007112375833250059,0.012824383245489814,-0.0009419999999999984,0.0006455860902392225,0.0005666311928545172,7.435220000000062e-07
2012-06-22,-0.05571554793296728,-0.005898731937540304,-0.003227000000000002,0.003427592954548624,0.000658298709967949,4.274454999999997e-06
2012-06-29,0.06315843184004567,0.020067498270694723,-0.0017830000000000012,0.009185972967032052,0.0009717068038615827,2.1543310000000073e-06
2012-07-06,-0.0015313036739853275,-0.00555829566631721,-0.001086999999999998,0.003299424592833454,0.0001565258861675749,9.340970000000069e-07
2012-07-13,0.03098953954392542,0.001503212070732516,-0.00018199999999999328,0.0015565184454791475,0.00036207159156392593,8.950819999999997e-07
2012-07-20,0.04830024826186215,0.004285676472599442,-0.0011350000000000103,0.001424369093050505,0.00021382821415724063,7.253309999999951e-07
2012-07-27,-0.018685969057112506,0.016915699043005,-0.0006709999999999905,0.0018168491779756817,0.0007890545151244964,2.2018289999999983e-06
2012-08-03,0.013992405891786033,0.0035697760233527956,-0.002090000000000005,0.003179656130769104,0.00043868561062868755,2.96036200000003e-06
2012-08-10,0.01896561858749307,0.010590489004297522,0.000569999999999995,0.00042247812082459133,3.669456537189725e-05,4.0376019999999955e-06
2012-08-17,0.03346488451291342,0.008648890030085708,4.400000000000404e-05,0.00034455849588331495,5.644302213247768e-05,1.123630000000004e-06
2012-08-24,-0.0017665095257219903,-0.005020877934806406,-0.0007120000000000015,0.00016143459941276903,0.00011941396703241171,9.59542000000008e-07
2012-08-31,0.003322607147673449,-0.0032719796043180188,-3.099999999999881e-05,0.0006662057758973989,8.86234627478088e-05,8.076109999999849e-07
2012-09-07,0.0028982527274289374,0.021988321897504895,-0.002495000000000003,0.00025571060590144146,0.00042837418424981525,1.6913350000000103e-06
2012-09-14,0.026317308317373358,0.019134999809787164,-0.0033999999999999985,0.0002685407492032892,0.00032955642923011613,2.8872000000000035e-06
2012-09-21,-0.06703164282783515,-0.0038911661072666757,0.000719000000000003,0.002055165214246034,1.3135791207726639e-05,7.430809999999954e-07
2012-09-28,-0.007564332588926544,-0.013475194703670902,0.002776999999999994,0.0008170110147898404,0.0002619052694791693,7.471117000000034e-06
2012-10-05,-0.021046485500439426,0.013915339920561345,-0.001274999999999995,0.0036138157782459913,7.207002160412439e-05,4.672089999999979e-07
2012-10-12,0.022022253995489495,-0.022435275377719454,0.000279000000000007,0.0013990637617417058,0.00015819013937485397,4.724100000000267e-08
2012-10-19,-0.02014078589578385,0.0031581505614561105,-0.0018450000000000077,0.0005285170434427092,0.0004712223182081306,3.3070489999999946e-06
2012-10-26,-0.04708882588881337,-0.01499519916533541,0.0015750000000000063,0.0010497773853153697,0.00023090164300936121,3.0261170000000178e-06
2012-11-02,-0.010251720726431423,0.0015452010914959022,-4.6000000000008254e-05,0.00098316230125782,0.00020692789638562337,3.3577200000000603e-07
2012-11-09,0.01337618082769404,-0.024638817963479994,0.001936,0.0038564601214647197,0.0007950843891336883,3.0395759999999926e-06
2012-11-16,0.004265873766010697,-0.014624087048258296,0.0027010000000000024,0.00040095955366341074,0.00023638956405847535,2.881881000000026e-06
2012-11-23,0.015525426000306652,0.03553824440132227,-0.002123999999999997,0.0017014275171410409,0.0005601167473645388,1.4088859999999992e-06
2012-11-30,0.007111040744511982,0.004929093182195163,-0.001958000000000002,0.0005596205385802023,0.00011100143454743986,1.0357019999999995e-06
2012-12-07,-0.02748020819521394,0.0012878978965089986,-0.0021199999999999973,0.000527936525226284,4.746519111149532e-05,1.2695620000000005e-06
2012-12-14,0.008633147144702875,-0.003216298545402092,-0.0007589999999999986,0.00034532260482774915,0.00010031157626123663,1.0595210000000188e-06
2012-12-21,0.016031268234370823,0.01160266714932995,-0.0005210000000000026,0.0006788466416016128,0.00044648346441932154,1.325883000000014e-06
2012-12-28,0.02385045629034014,-0.01962029142607308,0.000295999999999994,0.0006990708619592666,0.00015395100908297945,3.6176999999999967e-07
2013-01-04,0.024907481521150906,0.04460103298341708,-0.0025699999999999877,0.0003304029853199585,0.0009394666609014416,3.7021259999999775e-06
2013-01-11,0.009621626503811464,0.0037499693804693914,-0.0013540000000000062,9.974383651755933e-05,8.465448498117396e-05,5.500140000000154e-07
2013-01-18,0.021576377720842557,0.009370365518298429,-0.00021399999999999864,0.0004055920581447097,4.53854120412904e-05,5.852240000000034e-07
2013-01-25,-0.0016673617868690296,0.011309740491344176,-0.0013149999999999995,0.0003297385983116574,5.128279084718147e-05,4.502290000000006e-07
2013-02-01,0.019520371951396175,0.006719944914166635,0.002699999999999996,0.0002133739298933738,0.00015127045713028106,2.3744499999999993e-06
2013-02-08,-0.01546103772770465,0.0030926996352080125,0.0015179999999999972,0.0002112165309351814,0.0002774758180343945,6.551239999999961e-07
2013-02-15,0.0014531868864138724,0.0011734297386399428,-0.0014609999999999968,0.0004754763195737813,4.82899586019366e-06,5.128809999999902e-07
2013-02-22,-0.034613564142722625,-0.0028084595641508017,0.0004809999999999981,0.001083559177530173,0.0003254942898132635,1.5989610000000062e-06
2013-03-01,-0.026659540894238033,0.0016689839766836302,-0.0014620000000000032,0.0003126169268034384,0.0005446309994396675,9.38381999999994e-07
2013-03-08,0.019114775637357907,0.02144243209563864,-0.0014579999999999949,0.00024932976869897894,0.00013626026299418806,7.945620000000038e-07
2013-03-15,0.014926451623625617,0.00607043002404771,-9.999999999999786e-05,7.066647381019205e-05,5.1879063350862814e-05,9.332000000000026e-07
2013-03-22,-0.001173145764579685,-0.002492273816687754,0.000599999999999996,0.000721680214894017,0.00020124841225773967,1.2764199999999682e-07
2013-03-29,0.03687439868583351,0.007822763293913189,-2.0999999999995466e-05,0.00044365012019784644,8.806815257729932e-05,2.5733099999999827e-07
2013-04-05,-0.04437229156719013,-0.010234623158320773,0.00023899999999999367,0.0009900104716788955,0.00019397231235077558,2.988070000000001e-07
2013-04-12,-0.01516657822725835,0.022598198451129706,-0.002077999999999998,0.0008772172705703262,0.00021942181601382636,1.1512819999999994e-06
2013-04-19,-0.03714013699497584,-0.021418372000336253,0.001062000000000003,0.0015121138099596337,0.0010726995279063847,1.0197619999999987e-06
2013-04-26,0.05219919412111447,0.01716464474193622,-0.0021140000000000026,0.0013458497669364188,0.00014868247917498514,9.588740000000042e-07
2013-05-03,0.027677923944098806,0.02009269450439585,-0.0030459999999999975,0.0023884901212003276,0.00034238442277274253,1.972731999999994e-06
2013-05-10,0.007087054154837868,0.011826102775617124,-0.00040899999999999715,0.00022054914402266533,8.01501104083982e-05,8.301450000000001e-07
2013-05-17,0.0,0.020413626590978125,0.002248999999999999,0.00034548553845444675,0.0002580859045838509,2.0380749999999995e-06
2013-05-24,-0.022475216149031155,-0.010822211822283968,0.0016459999999999919,0.0005035462044985015,8.13642993564098e-05,4.314023999999983e-06
2013-05-31,-0.02342681818855527,-0.011555338599230398,0.002339000000000002,0.0008209383537606824,0.0003110656224477598,6.003905000000002e-06
2013-06-07,0.045694306875268854,0.007663177790957797,0.003216000000000001,0.0006038598731754349,0.0004921344442772872,1.2334566000000006e-05
2013-06-14,0.018524765614353712,-0.010235173991650599,0.0018160000000000042,0.0002638618902559204,0.0004251334470443209,8.193004000000044e-06
2013-06-21,-0.04569004944113203,-0.02138140571881267,0.003324999999999996,0.0014726222443748667,0.0009602554077160681,1.7219101e-05
2013-06-28,0.03017311682617926,0.008591448921804329,0.0005220000000000002,0.0005395098827229542,0.00038644444177245624,1.158385000000003e-05
2013-07-05,0.06504973054719199,0.015741982702812997,-0.00019400000000000084,0.0010624369535572758,0.000133043103273368,3.9313800000000427e-07
2013-07-12,0.02397046695786151,0.02910283764126945,-0.003542000000000005,0.0007607134271572923,0.00027011582897355806,5.567372000000053e-06
2013-07-19,0.021742024093008187,0.0070002228464515065,-0.0035919999999999954,0.0002419439772973656,5.1159919247734596e-05,3.446422000000009e-06
2013-07-26,-0.029827680510846565,-0.0003202018797015185,0.0022550000000000027,0.00043929283699212685,2.934547233162806e-05,3.610986999999987e-06
2013-08-02,0.02116881164409428,0.010538793132766466,0.0004530000000000012,0.0013537855225678654,0.00017217078875071326,5.127369999999887e-07
2013-08-09,-0.016784929658905035,-0.010789995076317817,0.0003559999999999963,0.0008649502761789973,7.750367713155288e-05,2.2852599999999933e-07
2013-08-16,0.020052448786974396,-0.021331134516107998,0.0008319999999999972,0.00011852908144918692,0.00025382335240935764,4.7585999999999823e-07
2013-08-23,-0.008141919480431633,0.004549095864671317,0.0007250000000000068,0.0007347311423686711,0.00017234222579463535,7.371810000000133e-07
2013-08-30,0.01149169464214882,-0.018600046829882127,-0.0007259999999999955,0.0012020444568944012,0.0002939176648571798,2.860100000000036e-07
2013-09-06,0.01722195716982135,0.01341587601743095,-0.0003580000000000094,0.000522236781598126,8.408823004216766e-05,1.0545420000000035e-06
2013-09-13,-0.01824430959866129,0.019551826321658083,-0.0008670000000000045,0.0005452099137297151,0.0001805403253802054,3.4473299999999457e-07
2013-09-20,-0.026286312579285008,0.012838727103391295,-0.0014919999999999955,0.0011550012422972221,0.0002523175998609805,3.087909999999983e-06
2013-09-27,-0.018110503659308445,-0.010741164497256199,0.001380000000000008,0.0001800348373932901,6.543725072987765e-05,6.178480000000105e-07
2013-10-04,0.009385197812841098,-0.0008024606567018668,-0.0003680000000000039,0.000519453942969704,0.0002312462247660397,1.1321060000000096e-06
2013-10-11,-0.017290377319954486,0.007417164508252067,-0.0008090000000000063,0.0007243561329342255,0.0007329251125835899,3.451589999999995e-07
2013-10-18,-0.009351842532517727,0.023899416278328197,-0.0020049999999999903,0.0004987512071230598,0.0003431605744922902,1.4301729999999938e-06
2013-10-25,-0.032773339261222535,0.008657656278343275,-0.0009830000000000006,0.0006792967740030537,8.49775831403942e-05,4.5549100000000406e-07
2013-11-01,-0.033672515125732314,0.0010026323588648983,-0.000802000000000005,0.00067018014102212,7.987076001042052e-05,2.831899999999975e-07
2013-11-08,0.0035872585419420766,0.005019349699967521,0.0014930000000000021,0.0004679891253971004,0.0003927273869411016,1.8438110000000099e-06
2013-11-15,-0.00485642846376045,0.015395114599163488,-0.00020400000000000417,0.0005636148284038856,0.00011219832040636944,7.463660000000016e-07
2013-11-22,0.0036972524026703166,0.0035990382205527143,-0.0003819999999999979,0.0004013279522748208,0.00012121028978929277,5.473259999999955e-07
2013-11-29,-0.022607062165708562,0.0005275102476810194,-0.0010299999999999975,0.0003229615162736177,8.398678275987659e-06,4.835860000000013e-07
2013-12-06,0.05436235050496846,-0.0004567925500800919,-1.9999999999953387e-06,0.0009047208654649745,0.0001631409726475589,1.3396599999999243e-07
2013-12-13,-0.00995748103194807,-0.016692109822763295,0.00017399999999999415,0.00031404723481120685,0.00015725551000740694,3.3597199999999927e-07
2013-12-20,0.024357892135449213,0.023860078729807156,-0.0003140000000000054,0.00022717763488135553,0.0003453921062759575,8.98402000000024e-07
2013-12-27,0.010018116244644779,0.012538654003841791,-0.0002179999999999982,9.729681066066785e-05,5.913605395719845e-05,1.9274799999999193e-07
2014-01-03,-0.06549591709389854,-0.0055380812250610135,-0.000790999999999995,0.0013735474462672095,9.499513614144799e-05,1.9875699999999922e-07
2014-01-10,-0.010807445623258876,0.005917331020846722,-0.001034000000000006,0.0004014789145925963,4.856407213687698e-05,6.656619999999931e-07
2014-01-17,0.017490048057626092,-0.0020653707205047192,-0.000912999999999995,0.0004883572300248778,0.00031954806073336214,3.343710000000055e-07
2014-01-24,0.021440971961425654,-0.026745701504972855,0.0023570000000000045,0.00043940004825850846,0.0005327958597963038,4.3241710000000244e-06
2014-01-31,0.008757074454675313,-0.004373274218941715,0.000677999999999992,0.000534392683062105,0.00033427744825820536,3.354279999999982e-07
2014-02-07,0.018899160356645746,0.008004028330904437,-0.0002569999999999961,0.0006603058327471132,0.0009229803736940112,8.212870000000078e-07
2014-02-14,0.007820372721885564,0.0228312416771215,-0.0013729999999999975,2.6337504427220732e-05,0.00018014032518373058,1.1440150000000154e-06
2014-02-21,0.02046233604989261,-0.001355703648127672,-0.001434999999999995,0.0004613276888612074,8.403734305317333e-05,5.86532999999993e-07
2014-02-28,0.0038087843300172995,0.012494354259189029,-0.0018270000000000142,0.00019235147633580232,7.194181439612715e-05,7.315170000000128e-07
2014-03-07,-0.005865692837194687,0.009876915510170834,0.0006760000000000055,0.001406589300321013,0.0002876792365473747,9.156240000000089e-07
2014-03-14,-0.034209269477217016,-0.01991501241286388,0.001369000000000007,0.0007127557593541318,0.0001727879321514759,7.556290000000165e-07
2014-03-21,0.009090053501382781,0.013614586387387788,-0.00142100000000001,0.0003041965086747661,0.00022601399170483845,2.0923930000000344e-06
2014-03-28,0.021976721000477352,-0.0048660976119228525,-0.0007509999999999995,0.0002513473044682512,0.00011748975588853101,2.5016300000000396e-07
2014-04-04,-0.005226578635232671,0.003934230050787945,-0.00021099999999999675,0.0004525464490966214,0.0002800681494565007,1.3122700000000057e-07
2014-04-11,0.014527149861981776,-0.02691201777329654,-0.0005430000000000046,0.0006688533084697179,0.000785072172450853,2.0269269999999692e-06
2014-04-18,0.007281939066574677,0.026639060145217254,-0.0005019999999999936,4.795359877534121e-05,0.0002230496832683257,5.439239999999926e-07
2014-04-25,-0.027162526914754667,-0.000860537180278216,-0.0003479999999999972,0.0005581812616563993,0.00010481405025550129,1.0927000000000324e-07
2014-05-02,-0.008384956293857727,0.009393969241293241,-0.00032399999999999985,0.00028138452520993005,4.376262436366937e-05,9.972000000000334e-08
2014-05-09,-0.004521030456513801,-0.0014886907083100048,0.00019399999999999195,0.00030547480175131087,0.00012058103083504149,1.0392800000000205e-07
2014-05-16,0.022600394457831758,-0.0003991277968896414,0.0004410000000000025,0.00026417774038590974,0.0002175041526352088,4.3552099999999153e-07
2014-05-23,0.026903968150110844,0.011934117871951103,0.00046500000000000875,0.00036046244302948254,0.00014611022552298987,7.420900000000504e-08
2014-05-30,-0.015841150345496817,0.011978309130338547,-0.001106000000000007,0.00032662569523838605,6.892788755468955e-05,3.372680000000051e-07
2014-06-06,-0.007525078265817226,0.013282624995056674,-0.0004579999999999984,7.649534552240392e-05,6.786573050108855e-05,4.159739999999993e-07
2014-06-13,0.040657178113586004,-0.006921925623099035,-0.0009050000000000047,0.000699502299914871,7.390125125584973e-05,5.562909999999924e-07
2014-06-20,0.006197202932314227,0.01361334632971111,-0.0010679999999999978,9.753805760343629e-05,6.915171555334592e-05,9.534719999999975e-07
2014-06-27,-0.010255535150491888,-0.0010621348396987094,0.0006540000000000034,9.92465583282737e-05,7.060306294615473e-05,1.555339999999991e-07
2014-07-04,-0.016015594945146667,0.012309114332708572,-0.0001520000000000099,9.579277147674559e-05,7.473083522721675e-05,1.645840000000072e-07
2014-07-11,-0.036801960894267696,-0.009127407838169193,0.0017800000000000081,0.0006777147497747988,0.00010625965220874398,1.882725999999973e-06
2014-07-18,0.01631680205257446,0.005306306267685345,0.0025019999999999955,0.00046278928192464315,0.00029068052347676907,2.461090000000001e-06
2014-07-25,0.0013722801604599824,-3.3129707450772355e-05,-0.00040000000000000034,0.00025519624536734413,5.7371776066815835e-05,3.23784000000011e-07
2014-08-01,-0.042112538606453254,-0.02734504936895097,0.0058540000000000085,0.0005698720734885532,0.00043699841654481916,1.3759776000000018e-05
2014-08-08,-0.01068210650461308,0.0032541880897325546,-0.0011190000000000032,0.00013063515221518055,0.0003085422072295422,1.0263309999999852e-06
2014-08-15,-0.01582047983931648,0.011999039401064724,-0.0030320000000000034,0.001027438766265458,7.377021946502183e-05,2.17662e-06
2014-08-22,-0.017675223340443736,0.016814834811834985,-0.0022439999999999925,0.000447468999136663,0.00011583491707237715,1.294141999999996e-06
2014-08-29,0.024367009081396083,0.007406582686365549,-0.00046400000000000217,0.0003097163365014357,3.7768831353831325e-05,1.4049599999999803e-07
2014-09-05,-0.03445509635260281,0.0020663334717658226,0.0022029999999999992,0.0023389846532079835,2.8495159360879606e-05,1.5737909999999958e-06
2014-09-12,-0.014559144608361729,-0.011211582412883293,0.002176999999999998,0.00033943182302686943,0.00010238032637607456,1.920926999999987e-06
2014-09-19,0.0030597772751848056,0.012334155186693587,-0.0005469999999999953,0.0006586630810590259,8.181577018744307e-05,1.2844250000000063e-06
2014-09-26,0.02041217801202615,-0.013909041997402652,0.004901,0.0004375829788851607,0.0004978020079944576,5.587278999999996e-06
2014-10-03,-0.041472551749902935,-0.00767543091893582,-0.0019270000000000031,0.0016979177389643552,0.0003154553110115867,5.363672999999984e-06
2014-10-10,-0.05297206305896758,-0.031973494989249604,0.003936000000000002,0.0008313984235205744,0.0011029560938235592,5.591077999999988e-06
2014-10-17,-0.03649385047482964,-0.010285263207455764,-0.00027000000000000136,0.002238522948120548,0.0005082741773737311,1.873894999999996e-05
2014-10-24,-0.01287808317164014,0.040343198190952695,-0.0027500000000000037,0.0011856870563899124,0.0007112283110567491,4.863517999999995e-06
2014-10-31,-0.0058186484190917735,0.026758716613947568,-0.001454999999999993,0.00034407643431817676,0.00031963970855774284,1.4511309999999909e-06
2014-11-07,-0.02438225598814741,0.0067535948464482465,0.00032899999999999705,0.0014057084111222817,5.4679142370027296e-05,8.769489999999857e-07
2014-11-14,-0.03600958934697209,0.0037819674988790507,0.0008659999999999978,0.0024232619064306887,1.1020582552675185e-05,7.640220000000046e-07
2014-11-21,0.009059341155571814,0.011445655387608467,0.0016089999999999982,0.000589786491114426,6.016345507048027e-05,1.941070999999997e-06
2014-11-28,-0.14549656068279576,0.0018755016865027406,0.0003250000000000064,0.0122814141454806,2.3835389794087078e-05,9.944729999999999e-07
2014-12-05,-0.002876392869566692,0.003646571450445147,0.000851999999999995,0.0030599610138027644,0.00010570132409802043,3.1301459999999825e-06
2014-12-12,-0.1272271271748574,-0.03593181395032963,0.007332000000000001,0.005521117680738706,0.000612576660670533,1.3033414000000005e-05
2014-12-19,-0.016491997780169434,0.033428372866664606,-0.004078999999999997,0.005484174896694892,0.001103079243047391,2.3777997000000007e-05
2014-12-26,-0.042917367580544444,0.0085706352610321,-0.0019130000000000002,0.0031202976895901425,2.8444767931209725e-05,1.6126850000000094e-06
2015-01-02,-0.03798632093463234,-0.014871388489575891,0.000945999999999998,0.0008876144500888579,0.00013229204842547156,2.448140000000015e-07
2015-01-09,-0.0728094885707109,-0.006634823392284349,0.0009370000000000012,0.003714836077235085,0.000939384127195595,5.353527e-06
2015-01-16,0.0028536505300733534,-0.01258751494128429,0.000674999999999999,0.009516127383305328,0.00037083737037206304,3.0779909999999763e-06
2015-01-23,-0.0747814519552068,0.015823324230275382,-0.0009290000000000021,0.005093257724925568,0.00028466038540209175,5.219410000000156e-07
2015-01-30,0.05650015819357993,-0.02817447405708687,-0.00022400000000000198,0.008601802705630332,0.0006339254689898838,9.119699999999843e-07
2015-02-06,0.08462461717864807,0.029741744462298637,-0.004546999999999999,0.017385207824427273,0.0005053018384835746,6.619727000000023e-06
2015-02-13,0.02204101659115938,0.01987516246942469,-0.00027599999999999625,0.006748961107750252,0.00023954199023771606,1.8345800000000185e-07
2015-02-20,-0.054761000583096985,0.006205576592625092,-0.0008100000000000041,0.0016384842303240918,4.108115914330263e-05,7.442660000000099e-07
2015-02-27,-0.020881737174716582,-0.00287113132456508,-0.0018630000000000014,0.006202986363704107,1.9215959055293675e-05,1.930522999999987e-06
2015-03-06,0.033787665233739154,-0.016059906863708666,0.0006500000000000039,0.0015641911889640661,0.00028253770711457763,8.528599999999989e-07
2015-03-13,-0.08957573036544662,-0.008786508020513725,0.002564000000000002,0.0031671837681262263,0.0005057728922233215,3.708862000000014e-06
2015-03-20,-0.010466826304930663,0.026178342770628103,0.0009579999999999966,0.002933954097473939,0.00044218315151008927,4.259036000000005e-06
2015-03-27,0.048207154287777644,-0.022700369688022887,-0.0005320000000000036,0.006141935944296218,0.00026733057868128543,7.184959999999922e-07
2015-04-03,0.0055096558109697,0.0027863459834330797,0.0003819999999999979,0.0034850131218374845,0.000254176325963382,4.631979999999986e-07
2015-04-10,0.08519518523018017,0.016731964419115192,-0.0025979999999999935,0.012832836835741454,0.00010153567843091314,1.7564099999999923e-06
2015-04-17,0.0687810506367579,-0.010080487282059462,0.0005790000000000006,0.0032031251580052302,0.0001801173269687227,4.0620500000000477e-07
2015-04-24,-0.0029702127191514973,0.017293889117028186,-0.0007600000000000051,0.0015257445570505549,0.00012306377220110232,6.291900000000014e-07
2015-05-01,0.03439720018357616,-0.004563102674436173,-0.00020899999999999253,0.0010814645376254297,0.00026057601615991335,6.910929999999967e-07
2015-05-08,0.02008435711914467,0.0035875987147905145,0.00023099999999999456,0.0020531069568964547,0.0003632589408836605,4.969229999999965e-07
2015-05-15,0.003143356050031986,0.003025089638311033,0.0005560000000000098,0.0007196340183448542,0.00015039688425444098,2.171207999999996e-06
2015-05-22,-0.013637330922582978,0.0014493900377931803,-0.0007790000000000053,0.0028813543326843202,2.099716193025896e-05,4.194050000000001e-07
2015-05-29,0.009665131062150127,-0.008936690392453702,-0.0005109999999999992,0.0028870981233683596,0.00023178900109174934,2.5671700000000086e-07
2015-06-05,-0.012347895917331488,-0.00706928640954691,0.0017659999999999965,0.0025076193909292516,8.680215386715426e-05,1.353964000000003e-06
2015-06-12,0.014004897124960976,0.00047188660778495043,0.0005309999999999971,0.0020521367328631243,0.00023794102694921305,6.90708999999996e-07
2015-06-19,-0.007144667760350874,0.007435931415158708,0.0013870000000000004,0.00036744882475108246,0.0001829465370451933,1.319814999999998e-06
2015-06-26,-0.005685634045403825,-0.004173456578983505,5.2000000000003155e-05,0.00039475902012485594,0.0001008186027119567,5.508339999999896e-07
2015-07-03,-0.04633636017202409,-0.011948576588005168,0.0018470000000000032,0.002720340734183659,0.0004995798046264784,8.11211700000002e-06
2015-07-10,-0.06738817741344737,-0.00019954531231250076,0.0010000000000000052,0.0061730834027226905,0.0004892143574721632,4.673457999999983e-06
2015-07-17,-0.0384994400750841,0.023673716687146285,-0.000785000000000009,0.0014484714568065555,0.0002063454579383144,1.3684210000000244e-06
2015-07-24,-0.061821393119533094,-0.022474062947571382,0.0036740000000000084,0.00168391343196067,0.0001727491478006103,4.019112000000034e-06
2015-07-31,-0.021415893011594647,0.01143759757133118,-0.0005250000000000021,0.001567943407635789,0.00024342868298191062,6.053314999999997e-06
2015-08-07,-0.060359376861164916,-0.012703170217098814,0.0003369999999999962,0.0023303017774074074,9.123170913259801e-05,6.682474999999985e-06
2015-08-14,-0.028583173723123058,0.0065628875308218525,0.0013509999999999954,0.003013776516711739,0.0002719671925033709,4.6380310000000255e-06
2015-08-21,-0.06368834525454252,-0.059533265521665484,0.0031899999999999997,0.002920876279709668,0.0016052042610754562,3.2340259999999786e-06
2015-08-28,0.1114728233453229,0.008943805494773218,-0.0013279999999999959,0.01746382376699549,0.0038452468124868396,1.4288002000000042e-05
2015-09-04,0.018188295851492023,-0.034742141190177676,-0.0004109999999999925,0.014220635697527387,0.001540990375684379,1.0305670000000066e-06
2015-09-11,-0.019516023419854613,0.020384008554421695,-0.0009860000000000114,0.003744601117396618,0.0008573466222330013,1.3436940000000004e-06
2015-09-18,-0.003104903802874987,-0.0016715052597102303,0.0019760000000000042,0.005653078618812102,0.0005266221556570298,3.298982000000015e-06
2015-09-25,0.014991462421572798,-0.013857841689545665,0.003658999999999999,0.004055678207375727,0.00019015679672726175,6.288650999999959e-06
2015-10-02,-0.003507237264565537,0.010201079780945853,0.006323999999999996,0.0014972133996115668,0.0012405563335611777,1.5129216000000011e-05
2015-10-09,0.09622803209455376,0.03191553796010908,-0.0068759999999999976,0.004163347414900596,0.000483087657472288,1.1736407999999968e-05
2015-10-16,-0.049468495500432,0.00888496015227554,0.0006820000000000093,0.003136156618546056,0.0003090464561466214,3.2296499999999954e-06
2015-10-23,-0.06761673820369692,0.020343472890316298,-0.0019250000000000079,0.0018231026973312542,0.0004285172188803409,2.316078999999995e-06
2015-10-30,0.04365206680268695,0.001887483062760067,-0.0012270000000000002,0.004435605105252915,0.00017219912040498294,1.5847150000000026e-06
2015-11-06,-0.024333157991786248,0.009325800324473638,-0.000719000000000003,0.0029056165463135887,0.00016077266212269266,1.522047000000003e-06
2015-11-13,-0.07938314955355087,-0.03711550839334089,0.004312000000000005,0.0021818647248949444,0.0004357087723538222,4.866898000000007e-06
2015-11-20,-0.0023837913552762504,0.031989142692992086,0.0004749999999999943,0.0010824296365747844,0.0004934273222937019,1.3410209999999906e-06
2015-11-27,-0.004544918719238164,0.000273203641851716,0.00028699999999999727,0.0017146054596438105,3.38752625063253e-06,3.7820900000001585e-07
2015-12-04,-0.0077016024482128,0.0005751170337906543,-0.00020299999999999762,0.0030557194519535875,0.0008791840427646667,1.1419029999999923e-06
2015-12-11,-0.10538736093507259,-0.03882748894591214,0.007338000000000014,0.0038244196505044068,0.0005417110782773902,1.833433000000006e-05
2015-12-18,-0.032467727050397265,-0.003577909979744357,0.0010279999999999933,0.0030542477230583445,0.000893880322252789,1.551528199999991e-05
2015-12-25,0.05503006435748402,0.027076131758003028,-0.0014610000000000146,0.0017491207778103576,0.0002919657104747733,2.2888989999999653e-06
2016-01-01,-0.028215872354676718,-0.008508612949017454,-0.0009939999999999838,0.0032987814782801015,0.00025844819943357056,1.8638920000000138e-06
2016-01-08,-0.0762701351582171,-0.06167659084369029,0.0028589999999999983,0.004443713120745947,0.0011102549498666111,4.345806999999913e-06
2016-01-15,-0.12161466769105979,-0.022098087352814603,0.006618000000000004,0.007440111321336098,0.0014513084216256928,1.3254734000000014e-05
2016-01-22,0.05754223838201505,0.013864458890232113,-0.0003909999999999947,0.011625313751143894,0.000568733025393585,2.504590499999996e-05
2016-01-29,0.04346528266975269,0.017184001443843463,-0.00204600000000001,0.006437644861685773,0.0011936250614392335,8.579620000000095e-07
2016-02-05,-0.027134616245923202,-0.03165216991556347,0.003315999999999999,0.014203706776449828,0.0007333037374839279,5.4295979999999255e-06
2016-02-12,-0.02506707144439409,-0.008292538561706144,0.005384000000000011,0.016077477684303045,0.0007305302020781267,3.005724799999983e-05
2016-02-19,-0.005026714951451487,0.02788252954961681,-0.004281000000000006,0.006182145373382611,0.000557429705870311,7.868305000000036e-06
2016-02-26,0.03192584797698307,0.01550802825205218,-0.004416000000000011,0.0056573865711390765,0.0005134762242030058,1.0705822000000082e-05
2016-03-04,0.14116690237935012,0.026147615997681128,-0.007282000000000002,0.009021632402698298,0.000662687651339788,1.2991661999999984e-05
2016-03-11,0.060141450959382003,0.010855171236971696,-0.0031379999999999876,0.006484760128082682,0.0004184504792040509,9.944666e-06
2016-03-18,0.02585395757039545,0.013293176942129505,-0.0016990000000000104,0.005624745510874984,9.869850126486174e-05,7.179034999999985e-06
2016-03-25,-0.0416933836303418,-0.006844361559100905,0.002464000000000013,0.001827282382379134,4.292662824281804e-05,3.4669000000000125e-06
2016-04-01,-0.0700614314777863,0.01779414965213,0.0004649999999999821,0.002524604467672231,0.00014019156636312067,3.340051000000028e-06
2016-04-08,0.10810206539956331,-0.01235597967982302,-0.0010259999999999892,0.00658403258270328,0.00037645552545760715,2.830884000000011e-06
2016-04-15,0.017412773692607738,0.015909360385494533,-0.003885000000000005,0.0027326686075566384,0.00020079155269236697,5.589599000000005e-06
2016-04-22,0.04729345721597518,0.00504369831850421,-0.0025429999999999975,0.003336481604437296,7.969205212188967e-05,4.213051000000007e-06
2016-04-29,0.04886638658648179,-0.012794574609207285,-0.001437999999999997,0.002754863938773153,0.00012127309060503883,1.4493959999999972e-06
2016-05-06,-0.013152315851505473,-0.004099979520832913,0.0031759999999999965,0.0020260423614804164,0.00018202776407683243,3.4185820000000077e-06
2016-05-13,0.034269239292427985,-0.005275345133256278,-0.001318999999999999,0.0032215781926240626,0.00031931421623124673,1.253362999999985e-06
2016-05-20,0.031688728499369226,0.002617575527410332,-0.0016039999999999922,0.0012065163320526154,0.00023430736172833696,2.442349999999966e-06
2016-05-27,0.018826011294043973,0.022344034131812417,-0.002123000000000008,0.0005500420744730245,0.0002556621260540504,2.2507630000000133e-06
2016-06-03,-0.014497446357669594,-0.00011503691077545191,0.0013699999999999956,0.0001623632372556234,1.8737401954324128e-05,1.0061499999999849e-06
2016-06-10,0.022372297754532984,-0.0015985218658225045,-0.0017489999999999917,0.0025538777894009634,0.0001243624443214607,3.397678999999993e-06
2016-06-17,-0.023607119891267465,-0.012059568739657316,0.002937999999999992,0.003060663299205843,9.346484407056946e-05,3.6208860000000233e-06
2016-06-24,-0.019127402264143476,-0.016578989191438298,-0.0003429999999999911,0.0039695387898849785,0.0015580002986417842,1.5230375000000024e-05
2016-07-01,0.027943451163384026,0.031548400577979016,-0.0005229999999999979,0.004726363623256365,0.001114347767923298,1.1670907e-05
2016-07-08,-0.06036950024962521,0.012617563229377595,-0.002957000000000001,0.003998482228621929,0.0003056385250582162,3.835916999999985e-06
2016-07-15,0.011426231892494622,0.014710076549630484,-0.003524000000000003,0.00469016138054721,8.876331118744836e-05,8.209846000000001e-06
2016-07-22,-0.05417440815070429,0.005993908429231412,-0.0005509999999999949,0.0010404960674728595,5.962428725765706e-05,2.2307699999999696e-07
2016-07-29,-0.0603983518754309,-0.0007837168805093956,0.0018709999999999916,0.0016455100518236643,1.5871368396798037e-05,1.8753910000000132e-06
2016-08-05,0.023049612572843357,0.004116880203454451,-0.0011669999999999981,0.0036302528708535647,0.00012556667119095866,3.0587610000000074e-06
2016-08-12,0.059504731199796254,0.00040471513696163316,-0.0018360000000000021,0.003500792752454052,3.214999220978558e-05,1.1992899999999871e-06
2016-08-19,0.08340816901129594,-0.00022586139966387464,-0.0017019999999999945,0.0018849247062306218,4.835467732394654e-05,1.0694799999999983e-06
2016-08-26,-0.0303899355640539,-0.006975935871715089,-0.0010690000000000044,0.0024204310929216706,3.608777651729751e-05,4.6849299999999906e-07
2016-09-02,-0.06953277971567018,0.004879913709487055,0.00027000000000000136,0.0037741023355518663,5.4250677311801735e-05,4.074999999999989e-08
2016-09-09,0.04445176257083401,-0.024372824514235093,-0.0005629999999999935,0.004185390732271506,0.0006302555199198662,4.077374999999996e-06
2016-09-16,-0.06307596656878016,0.005173389140599805,0.002699999999999996,0.0023021582582734056,0.000551355177647464,3.0542179999999907e-06
2016-09-23,0.019523889168843952,0.011718935523418919,-0.0023189999999999955,0.0029822428406722575,0.00019306069544016734,2.506501000000006e-06
2016-09-30,0.0811489024766032,0.001505931202480338,-0.0007790000000000053,0.0048405192197943266,0.000294245189558633,1.0843029999999913e-06
2016-10-07,0.04340571850553418,-0.006883383399065444,-0.0011819999999999986,0.0015885884385520158,6.458068449530407e-05,9.37436000000008e-07
2016-10-14,0.007317346997432612,-0.009846341266157565,5.2999999999991944e-05,0.0011585776027166449,0.0001889727203765996,6.954190000000005e-07
2016-10-21,0.001968504572672375,0.0036693291151729895,-0.0010860000000000004,0.0011884583531706768,5.367181035444791e-05,8.05993999999993e-07
2016-10-28,-0.043201092406024856,-0.007076588037828228,0.0015080000000000115,0.0009631596498949435,5.8603827192115756e-05,1.7376979999999973e-06
2016-11-04,-0.08682472276603616,-0.019730660059348853,0.004187999999999992,0.0025641844612936983,0.00011168716821447345,4.851911999999991e-06
2016-11-11,-0.011261380272539073,0.037135124381041974,-0.0008129999999999971,0.0012850771338765582,0.0006244119243715236,3.4344649999999966e-06
2016-11-18,0.04884409142158192,0.007824423082633062,-2.6999999999999247e-05,0.00308061513536873,8.554369136243855e-05,6.787806999999984e-06
2016-11-25,-0.006492124079011776,0.014096378835126629,-0.0016900000000000049,0.0032353184163748756,7.585323458800974e-05,1.300818000000006e-06
2016-12-02,0.11512596508180724,-0.009926357844191082,-0.0007889999999999997,0.011192837140404753,4.915584789597314e-05,7.572950000000036e-07
2016-12-09,0.014598799421152631,0.03014740306353897,-0.003671999999999995,0.0016040724305488561,0.00025601754924112,2.852936e-06
2016-12-16,0.009678413151916369,-0.0008872070759420091,-0.0005949999999999989,0.0021935366268382717,0.00012830469085239963,2.4601390000000068e-06
2016-12-23,0.0013211288134641203,0.0022988567993006267,-0.00039200000000000123,0.00033705977155099634,2.8172336723031914e-05,5.961399999999781e-08
2016-12-30,0.013116170794157259,-0.011315511104818144,-0.00026699999999999944,0.00030955683268531615,9.715279189302429e-05,1.0705750000000012e-06
2017-01-06,0.021181379415847076,0.016663941728808158,-0.00331500000000001,0.0017019463304787728,0.00011689397304836228,4.284255000000033e-06
2017-01-13,-0.03184864628292703,-0.001257647740551603,0.0004670000000000041,0.0029330247988758307,2.864647039606109e-05,5.062130000000193e-07
2017-01-20,0.0013161607615862604,-0.0016935982649537691,0.00034600000000000185,0.0011391358954208099,3.630523925265847e-05,4.7679000000000717e-07
2017-01-27,-0.0009399380332959764,0.010006731354919527,-0.00079699999999999,0.0007145899881890457,0.00011526507727311145,1.71599100000002e-06
2017-02-03,0.012336605056618778,0.0009588229713508605,-0.0005870000000000086,0.0005874692412246243,8.993644822085986e-05,7.050150000000022e-07
2017-02-10,0.009245627990565827,0.007869232487088705,0.00017400000000000304,0.0006426841738283482,5.058939280037276e-05,6.212140000000094e-07
2017-02-17,-0.01017490972271303,0.014795586717009347,1.2999999999996348e-05,0.00031867326082483737,7.172987528417797e-05,5.792349999999961e-07
2017-02-24,0.0038971933894769665,0.006638369337651873,-0.0008460000000000001,0.0006170410902511864,3.993408745982341e-05,7.174279999999994e-07
2017-03-03,-0.012299819617684851,0.006392610815802605,-0.002323000000000004,0.0007232329635455931,0.00022694277766224964,2.3786389999999996e-06
2017-03-10,-0.08406666894936891,-0.004684422527896579,0.003917000000000011,0.0036041967673240347,3.580600491927381e-05,3.3959250000000127e-06
2017-03-17,0.00569454457289292,0.0021257151672558683,-0.00011199999999999654,0.0006048986745031142,8.552419997250714e-05,3.2716819999999766e-06
2017-03-24,-0.02755108472206224,-0.014756237695426505,0.0018799999999999971,0.00035616387515125403,0.00016534170589098014,2.6147999999999885e-06
2017-03-31,0.05337576077944732,0.007722004642016188,-0.0022740000000000026,0.0010527989454288188,6.810852684265799e-05,2.540249999999974e-06
2017-04-07,0.039524710723641894,-0.003290843350815323,-0.0009220000000000006,0.0006170054149256815,1.677553106215769e-05,6.735319999999972e-07
2017-04-14,0.0180727810596946,-0.011584266777533455,0.0013089999999999957,0.00031159529298371066,6.348065724177563e-05,8.558229999999885e-07
2017-04-21,-0.07715508981310139,0.008213242147495059,5.0999999999996605e-05,0.0020764140456312635,0.00015088206094903976,9.231930000000088e-07
2017-04-28,-0.0058615630180080406,0.014763239308522077,-0.002616999999999994,0.00033588491027303024,0.00015732544788684758,2.4395769999999766e-06
2017-05-05,-0.05693187411404658,0.00605726041302835,0.00011700000000000265,0.003688603819038877,2.3013991816352535e-05,5.400110000000001e-07
2017-05-12,0.033135879510529216,-0.00375115000265698,-0.00040200000000000457,0.0012118679548968213,9.20746860387385e-06,3.8850400000000135e-07
2017-05-19,0.05059759884568898,-0.0040870381757365315,-0.0003989999999999938,0.000924790725372087,0.0004187696730718814,2.6319829999999802e-06
2017-05-26,-0.017319035457211297,0.013962871141709536,-0.001034000000000006,0.0028718562744956444,5.5781564812260066e-05,7.131220000000072e-07
2017-06-02,-0.04392251236001125,0.009330372046217048,-0.0006420000000000048,0.0009694563454230972,7.225156895667334e-05,2.4772200000000577e-07
2017-06-09,-0.033930492722770364,-0.003254104922612822,0.0005320000000000036,0.0027783980704471777,1.244568842081903e-05,7.56461999999987e-07
2017-06-16,-0.024166378165209668,0.0003144230726913691,-3.999999999999559e-06,0.0016026281222387385,2.73203806017482e-05,4.916539999999904e-07
2017-06-23,-0.04456295398697109,0.001856591757683625,0.001247000000000007,0.0011666578331065896,0.0001172262283303904,1.8700949999999862e-06
2017-06-30,0.06807793705803696,-0.006391147468303342,-0.0007129999999999992,0.0011986062792667537,0.00021965154981187896,4.911090000000092e-07
2017-07-07,-0.03649636500773798,0.0004610707366516854,0.0011269999999999935,0.0028001767538005334,0.00013677978042457058,1.082096999999997e-06
2017-07-14,0.05180003688875205,0.013698117191811687,-0.0009659999999999957,0.0005890124401932784,7.970542630890176e-05,4.7446999999999946e-07
2017-07-21,-0.021185401069145206,0.005123673633769242,-0.0015460000000000029,0.0011148509240099848,2.922997494757146e-05,7.113720000000004e-07
2017-07-28,0.08257726544103051,-0.00043704741280375757,-0.00036999999999999924,0.0017717745990715656,1.2480666163180966e-05,3.3663400000000124e-07
2017-08-04,-0.00261859349953679,0.0016517364298041309,-3.700000000000259e-05,0.0008276973697093875,1.5096790842537623e-05,3.3756299999999856e-07
2017-08-11,-0.0123796608928184,-0.014689486264072687,0.004068999999999994,0.0004840647972590422,0.00022289188829546205,4.637958999999997e-06
2017-08-18,-0.006350528358849459,-0.006731612297338148,0.0001860000000000106,0.0018338790419705335,0.0003475401875772717,9.136979999999957e-07
2017-08-25,-0.01636833395095884,0.006932898216243939,-0.0010610000000000053,0.0012404759272653526,0.00011827127320950548,7.006450000000086e-07
2017-09-01,-0.012190146748633255,0.013361126997694449,-0.0015050000000000007,0.0016183969753121817,5.8615038695604704e-05,9.102729999999985e-07
2017-09-08,0.016151373652538503,-0.006366673066596786,0.0009999999999999966,0.0024781045675339396,6.945867058225663e-05,8.824420000000063e-07
2017-09-15,0.04833428078839593,0.015374803467312992,-0.001882999999999999,0.0007005454060816215,0.00013269805442305495,1.0498089999999963e-06
2017-09-22,0.004352133476810338,0.0005204178853017178,-0.0007069999999999954,0.00034289136940185053,1.3475564541520859e-05,5.743070000000043e-07
2017-09-29,0.01974069772556413,0.006541428563172086,-0.0010169999999999969,0.0011171770999119516,3.670057605112231e-05,4.852389999999974e-07
2017-10-06,-0.03987895180791172,0.011536447765558708,-0.0005130000000000035,0.001962794082523184,5.4013681807017893e-05,1.4605899999999976e-07
2017-10-13,0.04103949352424202,0.0012180486672994236,0.0005110000000000036,0.0011577993761101512,1.5509898325617317e-05,1.6414300000000287e-07
2017-10-20,0.00212416802859559,0.008292225203175217,-0.0020340000000000024,0.00032065461057911946,3.0219278076168767e-05,1.7460180000000025e-06
2017-10-27,0.03896842587093209,0.001967668989528394,0.0007879999999999976,0.0007879190017887703,0.00010656668257898297,8.901420000000153e-07
2017-11-03,0.035718082602079246,0.0023090285165624776,-0.0001699999999999946,0.0006328832963819821,2.3244759963735266e-05,1.8227399999999604e-07
2017-11-10,0.01985176855273153,-0.0024611724033601927,0.0028039999999999975,0.0010459192625499594,1.8743486132916575e-05,3.4243619999999987e-06
2017-11-17,-0.0047497670438255354,-0.001667930777171965,-0.0001720000000000077,0.0010090901461645417,0.00011056049613731275,4.950093999999984e-06
2017-11-24,0.038739064957443226,0.008762775924026706,-0.0011299999999999954,0.0007610407214718839,4.891554632753138e-05,9.362439999999938e-07
2017-12-01,-0.01005890332879507,0.014836922291277647,-0.0005769999999999964,0.0006316788181319429,0.00016698276534212839,2.7445700000000445e-07
2017-12-08,-0.01588979891461616,0.0031609485580320626,-0.00012500000000000176,0.0013767631692280654,5.3883878295960746e-05,7.869310000000005e-07
2017-12-15,-0.0019168778196774084,0.008773582193902181,-1.2999999999996348e-05,0.0005441781269180973,0.00010929989721943075,9.038369999999744e-07
2017-12-22,0.019689755267287827,0.00244657205776062,-0.00044800000000000395,0.00014784566780614325,4.3906320949559616e-05,2.84054000000002e-07
2017-12-29,0.03280637377094674,-0.003994783488659476,-0.00022400000000000198,0.0007763391428023599,3.210913767560015e-05,8.670799999999586e-08
2018-01-05,0.016252512382781893,0.025300372138720745,-0.0025689999999999992,0.0005596958041445603,0.00017435591424015746,1.8852649999999975e-06
2018-01-12,0.04489770292839332,0.015201967699803616,0.00042300000000000004,0.0005327288565663887,0.00010007037207098989,1.0813169999999976e-06
2018-01-19,-0.014427096713666009,0.008201164862458943,-0.0003709999999999969,0.0001754270569461534,0.0001220437466031497,3.6205499999999637e-07
2018-01-26,0.04373041299761147,0.02161331012250208,-0.0009159999999999968,0.0006155974389413993,0.00020851645964988118,4.502679999999971e-07
2018-02-02,-0.010487215197737796,-0.0397211973441785,0.0028499999999999927,0.0006532004770503151,0.000625906096267709,3.1527939999999805e-06
2018-02-09,-0.10391855434092506,-0.053398266233554585,0.0050810000000000065,0.0025401944021936976,0.003758462914338729,1.1867945000000063e-05
2018-02-16,0.042481914615478504,0.041690860564376674,-0.0030630000000000024,0.0007722769606383392,0.0005190775074975493,3.480691000000004e-06
2018-02-23,0.03197714500500062,0.005073761029298061,-0.0003850000000000042,0.00047769989337760984,0.0003184977043668375,1.1777409999999954e-06
2018-03-02,-0.03686314821062663,-0.021043956885657814,0.0005620000000000048,0.0008467564495893991,0.0006301804566201357,9.985720000000014e-07
2018-03-09,0.010879379856635396,0.03437144836594178,-0.0011620000000000053,0.0020592601179105236,0.00044424284336007673,6.574060000000019e-07
2018-03-16,0.007882289664479921,-0.012920452738490344,0.0001710000000000056,0.0005677721090542307,7.88467975109071e-05,3.681670000000063e-07
2018-03-23,0.05410938636348795,-0.061779141591315596,0.0014709999999999957,0.0019353036834733536,0.001308749565427798,1.0457989999999924e-06
2018-03-30,-0.014371138634739633,0.019686784592021948,-0.0012229999999999919,0.0003014454014127038,0.0012172418141035233,7.47286999999993e-07
2018-04-06,-0.044717777735266695,-0.014314997174990293,0.000599999999999996,0.0015102611511507412,0.0013377578008524156,5.655326000000001e-06
2018-04-13,0.08085991361775641,0.019251785124007364,-0.002805000000000004,0.0018511367974812238,0.0003928471494780969,1.9309769999999964e-06
2018-04-20,0.01576692207131547,0.004724170759299828,-0.0005069999999999952,0.001157052382712079,0.0002848632845209683,2.4310749999999977e-06
2018-04-27,-0.00439561147303822,-0.0005637953617360367,0.001234999999999995,0.0002349706527746125,0.00029382288690203766,1.25039099999999e-06
2018-05-04,0.023510007496353624,-0.0029139257993076872,0.0003689999999999971,0.0009289342535924506,0.00029350962283477113,3.320990000000066e-07
2018-05-11,0.01367542679967549,0.023367603391541928,-0.0007799999999999985,0.0016983488652756932,0.00019473571119081885,1.6502599999999623e-07
2018-05-18,0.00971496553148025,-0.005911869671116095,0.0006820000000000004,6.257205357455562e-05,7.20189086408439e-05,4.1802799999999914e-07
2018-05-25,-0.050136172616950546,0.0026006402582243815,0.001109,0.0021350070010488545,8.421647318001997e-05,6.498309999999921e-07
2018-06-01,-0.030969637897997747,0.004396447468715587,0.00024200000000000445,0.001415424832037233,0.0004585516177644843,6.825310000000027e-06
2018-06-08,-0.0021296022651464837,0.015629132479109496,-0.0008610000000000051,0.0009233992289236879,0.00010349803275789356,7.483490000000025e-07
2018-06-15,-0.012565289440428453,-0.00026315481051194644,-0.001693999999999991,0.0008465221142207429,2.757830266530044e-05,1.111290000000001e-06
2018-06-22,0.055924036272321384,-0.009443425884992925,0.0005589999999999984,0.0025283199294821473,6.76928245561329e-05,5.464389999999908e-07
2018-06-29,0.07808912154916692,-0.013827640823983316,0.0022299999999999985,0.002451517303418886,0.0003090275532690998,1.6912920000000008e-06
2018-07-06,-0.03541407683343519,0.01464523577830745,0.00021699999999999164,0.002542406117594969,0.00017899062597223302,2.2084700000000388e-07
2018-07-13,-0.022895290639015766,0.014425935471209815,-0.0017149999999999954,0.002960830272299312,0.00021691757290364955,1.1762529999999988e-06
2018-07-20,-0.024456757632929194,-0.0003130628649730792,-0.00015100000000000335,0.0018980058328224173,3.8031392534756987e-05,2.2603300000000802e-07
2018-07-27,0.006279684747229092,0.0055322363845997325,-0.0012629999999999963,0.00043992103423534667,0.00016078132680636645,5.099230000000002e-07
2018-08-03,-0.0029158790159764703,0.0071006186606884965,-0.00043800000000000506,0.0014886999437624887,0.00010374997458776056,7.274140000000037e-07
2018-08-10,-0.022891053426633282,-0.0029930405871019606,0.0002900000000000036,0.0012007267830020782,7.354877890485553e-05,1.1495499999999937e-06
2018-08-17,-0.02618386437806973,0.0054284215383891945,0.00048299999999999786,0.0009294961402021933,0.00018814310428859308,8.859329999999989e-07
2018-08-24,0.05242744627088913,0.008076350457963845,-0.0008429999999999937,0.0011346167915771436,5.1363501125734025e-05,2.005369999999993e-07
2018-08-31,0.0155937320923268,0.008784722185525817,0.00023299999999999433,0.00038429821233752103,0.00011051389317065285,4.733629999999926e-07
2018-09-07,-0.032765945362118916,-0.010857224784190543,-0.00015599999999999615,0.0006163257944444338,2.891878032585974e-05,4.1408999999999134e-07
2018-09-14,0.01789953892553693,0.010995108156241844,-0.0018520000000000003,0.0014997079906481033,4.5487766954169966e-05,7.280380000000005e-07
2018-09-21,0.028808871585572694,0.007924840793336123,0.00017799999999999815,0.000540900211395507,0.00012256873682777835,1.2020000000000059e-07
2018-09-28,0.03430177297985927,-0.005912021291219213,-0.0003889999999999949,0.0007366784399980266,3.2579122386699714e-05,7.003499999999527e-08
2018-10-05,0.013694200851757397,-0.010352197921981162,0.0010380000000000012,0.0017675405240842616,0.00011189104445881607,1.4026060000000128e-06
2018-10-12,-0.0423605686668874,-0.04246038749397378,0.002121999999999997,0.0016353196585593064,0.0017499355486746456,3.365006000000007e-06
2018-10-19,-0.027055615827866922,-0.00032355024141604094,-0.00011000000000000121,0.0011619314511767823,0.0006977420634839681,1.1195540000000072e-06
2018-10-26,-0.024696221141916882,-0.040751688392204034,0.0033760000000000057,0.001971185669888432,0.001678047490709951,3.7316940000000123e-06
2018-11-02,-0.06589071965286433,0.023364381533866208,-0.0013720000000000043,0.0010811750189699783,0.0005519116568459657,1.253593999999984e-06
2018-11-09,-0.04724268955975026,0.020495596181509212,-0.00040700000000000626,0.0005764683689123877,0.0006022998523311413,3.905010999999971e-06
2018-11-16,-0.06290521907716846,-0.016756915049260614,0.005043000000000007,0.005510121731146672,0.0005718211815961417,6.5614610000000235e-06
2018-11-23,-0.1170334930627059,-0.039179191543581904,0.0012040000000000006,0.011656720200161355,0.0006697051044294691,1.4637900000000002e-06
2018-11-30,0.010064219136739449,0.04679964986144541,-0.0007710000000000062,0.001809464417419622,0.0008353902514231401,6.972830000000018e-07
2018-12-07,0.03624842582232869,-0.04765933531272896,0.001756000000000002,0.0030665498899495503,0.0017599500465237743,6.497502000000015e-06
2018-12-14,-0.02570145305417872,-0.013187626495245186,-0.00032099999999999794,0.002675953770100694,0.00040385768915117334,1.6827230000000214e-06
2018-12-21,-0.12131071943931297,-0.07362982517532374,0.007540999999999993,0.009672298117594666,0.0013669263645565647,1.526587899999994e-05
2018-12-28,-0.005719329272592273,0.027716666887434373,0.0013280000000000136,0.013263387644420891,0.003172623914545214,3.4195860000000223e-06
2019-01-04,0.05639826520655557,0.017935847687138046,-0.002876000000000012,0.0010804377711468322,0.0018412350098290305,1.5495394000000113e-05
2019-01-11,0.07914411967982411,0.02459752520665325,-0.0051709999999999924,0.003898057600177789,0.00017897046370370068,9.571722999999983e-06
2019-01-18,0.04021306325286056,0.02776973367844897,-0.002231000000000005,0.0024546910758292103,0.0003751735778983936,3.186552999999995e-06
2019-01-25,-0.006497748657520007,-0.0027315689264778118,0.0005759999999999987,0.0006278277506166367,0.00028148689336004204,2.608910000000025e-06
2019-02-01,0.028822555060792353,0.015072239727141135,-0.001155999999999997,0.0027499542093271066,0.0003763470367407854,1.183296000000012e-06
2019-02-08,-0.04006073289969026,2.463084055562032e-05,0.0004689999999999994,0.0009780715944083718,0.00016147204596946843,3.7753589999999977e-06
2019-02-15,0.05300589749172723,0.02421741835208728,-0.0019909999999999962,0.0009850788971158969,0.00029778236768074286,2.04389299999999e-06
2019-02-22,0.022607815582661624,0.005651706645825265,-0.0006919999999999948,0.00026600962671381403,5.871521744992752e-05,2.629e-07
2019-03-01,-0.0258284302827038,0.003447394638768614,-0.001593000000000009,0.0023090996986737428,5.766303274380164e-05,6.740130000000099e-07
2019-03-08,0.011227062593783402,-0.022331944809193493,0.002816000000000001,0.0006265626377041552,0.00013036457523148606,2.0916519999999985e-06
2019-03-15,0.04148100114480035,0.0280693922734849,-0.0017680000000000007,0.000758155681959622,0.0002941205339994414,1.384165999999982e-06
2019-03-22,0.003733247166368057,-0.008188474633905651,0.0007120000000000015,0.0006063305036737611,0.0005058916801014971,3.7737520000000167e-06
2019-03-29,0.018459997268165957,0.011522702718581123,-3.40000000000007e-05,0.0006498813714041041,0.0001314855769835248,2.982821999999997e-06
2019-04-05,0.04883767123611716,0.019924009896436556,-0.0025930000000000007,0.0011401053931173362,0.0001626398663873156,3.734672999999981e-06
2019-04-12,0.013682685745216753,0.004598616037819611,-0.001920999999999995,0.0007545161097245453,9.35868067407175e-05,1.5991509999999886e-06
2019-04-19,0.0007807011092130938,-0.001276663999685573,0.000711999999999997,0.00018403340468568351,8.32709512106849e-06,5.069519999999975e-07
2019-04-26,-0.012090906500799681,0.011486181533508787,0.000781000000000005,0.001680777483292417,0.00010530512807832854,2.11631000000004e-07
2019-05-03,-0.021719154605073804,0.001508692943587427,-0.0008090000000000063,0.0008944353843197158,0.0001552889518211517,4.987510000000102e-07
2019-05-10,-0.00226281008141167,-0.02248561229709482,0.0027690000000000037,0.00041609571382493737,0.0003228137010858411,2.542917000000005e-06
2019-05-17,0.017960713726431994,-0.008041723020856328,0.0012799999999999923,0.00043692174236061276,0.0008069983092609737,5.4726079999999646e-06
2019-05-24,-0.07061756721395329,-0.012189933280306377,4.0000000000004476e-05,0.004392299206124969,0.0002709190152037444,1.8436000000000036e-06
2019-05-31,-0.09156485707416294,-0.026903427915830787,0.00452,0.004739898799459821,0.0002996878763754935,7.793630000000025e-06
2019-06-07,0.012260974702058617,0.04276974018525007,-0.0025729999999999985,0.0020349885115398024,0.0006699051705867866,7.677902999999959e-06
2019-06-14,-0.025999781186442937,0.0043819145521824705,-0.0010109999999999974,0.002367537136399118,4.522024141663457e-05,3.4057509999999646e-06
2019-06-21,0.08462396745862867,0.021410155810204185,-0.003073000000000006,0.004629350061283569,0.00019373757740312358,1.5470909000000006e-05
2019-06-28,0.01794698731137392,-0.003290529474933878,0.0013290000000000025,0.0010334079191125518,0.0001430928103050965,2.5281930000000155e-06
2019-07-05,-0.015164860668998073,0.016044902362252315,-0.001344000000000003,0.0029246543710468036,0.00012864800302591354,1.1067080000000018e-06
2019-07-12,0.04598316221455854,0.007426073455467836,0.0005220000000000002,0.00193225569961196,7.173488313483259e-05,3.4894599999999037e-07
2019-07-19,-0.07827533728087133,-0.012756390733659941,0.0010880000000000045,0.0021541234955044924,0.00010576658171365998,2.044074000000014e-06
2019-07-26,0.007859990447377096,0.01605414489819353,-0.0017359999999999997,0.00042851759524804097,0.000158439578507384,8.704259999999959e-07
2019-08-02,-0.00965500080190074,-0.03182270382127243,0.0029009999999999934,0.008397665116251628,0.0002642209224501729,3.915489000000014e-06
2019-08-09,-0.02344922493991537,-0.004897310324986763,0.0016520000000000046,0.0051577004998471804,0.0014713128625996144,2.7341000000000106e-05
2019-08-16,0.008060127900195765,-0.010605434073696738,0.002402999999999995,0.003058328266663049,0.0014545598747053843,1.5574338999999957e-05
2019-08-23,-0.0117454093882175,-0.014790051821044408,-0.003168999999999995,0.0011393815610825388,0.0009667583240900925,1.4227764999999987e-05
2019-08-30,0.0170224664890614,0.027199825970727936,-0.0013080000000000069,0.0020001271596188034,0.00033153430696637834,1.093234000000015e-06
2019-09-06,0.023851215822179847,0.017400627130040307,-0.0009619999999999962,0.002252273146679955,0.00033212495067020943,4.605046000000001e-06
2019-09-13,-0.029310738027078904,0.009236137464706279,-0.0022969999999999935,0.001546242431245477,6.07959246043029e-05,2.8889730000000086e-06
2019-09-20,0.058303338050471325,-0.005430791254885144,-3.099999999999881e-05,0.021784898757639018,4.0713672672795274e-05,1.0479430000000088e-06
2019-09-27,-0.03825027696588731,-0.010485390270121901,0.0016149999999999932,0.0009103000275828844,0.00014346987731318214,1.2041810000000031e-06
2019-10-04,-0.057042688319711994,-0.0035774441009177147,0.004479000000000006,0.0015897814264386587,0.000766173493140073,9.651274999999965e-06
2019-10-11,0.03662459711609023,0.005860525045633998,-0.002978000000000005,0.0008340961474917362,0.0005075143639488137,5.206648000000068e-06
2019-10-18,-0.01675142714248982,0.005046202952274743,-0.0010219999999999984,0.0008836729713606916,0.00012710418583182574,3.849446000000021e-06
2019-10-25,0.05049475770992807,0.011788092933667917,-0.002440000000000002,0.0011752566540489844,8.796136140280862e-05,4.0259619999999935e-06
2019-11-01,-0.008151737502725034,0.014271232559466725,0.0023559999999999935,0.0019268426293918624,0.0001438545956594367,6.960932000000005e-06
2019-11-08,0.018685542770323554,0.008174856621008504,-0.0008219999999999939,0.0006411995310115157,2.9543553593280542e-05,5.935309999999986e-06
2019-11-15,0.009905372500157805,0.008503434011268771,0.0009410000000000008,0.00038405738160405916,6.627666783442382e-05,3.544015000000009e-06
2019-11-22,-0.0010380623769526782,-0.0035774766497113125,0.0005240000000000045,0.0029621850813863196,2.1995754565519953e-05,1.4674999999999906e-06
2019-11-29,-0.046050282508834785,0.009508902935808175,-0.001742000000000008,0.002786447906703452,9.425832381043677e-05,2.230473999999986e-06
2019-12-06,0.06881159712771301,0.0012577856413681732,-0.001129999999999991,0.0019088010045599118,0.00024418999628662906,5.4233219999999945e-06
2019-12-13,0.014780248908810502,0.00694136700842016,-0.002288000000000001,0.00037987325778700255,9.258610478386946e-05,2.458612000000004e-06
2019-12-20,0.007639964083675914,0.01609385630682285,-0.0011569999999999992,0.0003301170715409435,9.515506030717663e-05,1.511803000000001e-06
2019-12-27,0.0209568900904213,0.005515255915376605,0.00038199999999999346,0.000182488148368688,2.6952648269515958e-05,1.4206140000000224e-06
2020-01-03,0.02132003491596854,-0.0018901359061656805,0.0003660000000000041,0.001012815459948698,0.00016208193749403407,7.96462000000016e-07
2020-01-10,-0.06656012439594454,0.009082433968237455,-0.0012559999999999993,0.0026314459058922077,9.641290753612691e-05,8.652160000000075e-07
2020-01-17,-0.006974596615396588,0.019191382679963287,0.000910000000000002,0.00044498052482160917,0.00013839606442376403,2.0400920000000025e-06
2020-01-24,-0.0778969518215646,-0.010596827527930588,0.0023449999999999973,0.0018934752721404711,9.094119433692749e-05,5.320201000000004e-06
2020-01-31,-0.04975021150703616,-0.021707159048035992,0.004114999999999993,0.0010657952854772315,0.0006811561118068321,1.6282124999999996e-05
2020-02-07,-0.019783232604506363,0.030920759871341106,-0.0033789999999999988,0.0017468111508742432,0.0004388635788225054,3.98560699999998e-06
2020-02-14,0.034415761682462916,0.0153640697597889,-0.001867999999999994,0.0010773222437749433,0.00010368387759832805,1.3183000000000086e-06
2020-02-21,0.020057436827434872,-0.012886560672285276,0.001235999999999997,0.000654842725847937,0.00015701196182379802,1.015307999999998e-06
2020-02-28,-0.17612126053265373,-0.12223784758735737,0.015113000000000003,0.006607041731028409,0.004230358508644254,5.456512299999999e-05
2020-03-06,-0.07538052137877713,0.006027611618351751,0.005368000000000004,0.013107295743121182,0.0060343868970918245,4.932520000000006e-05
2020-03-13,-0.25676685396352483,-0.0921289550166764,0.019258999999999984,0.08981552714033482,0.028953530332649847,0.0001663932109999999
2020-03-20,-0.3498910484559767,-0.16233924838366282,0.02836900000000001,0.15360385610101407,0.02450498624336757,0.00019796246500000022
2020-03-27,-0.05075851636580725,0.09765018509447379,-0.010084,0.011047054911016199,0.013898406009761218,0.00014751550599999988
2020-04-03,0.2757562909828956,-0.021046278237859154,0.0013290000000000114,0.06641212341997932,0.0041277416149809515,2.364427300000019e-05
2020-04-10,0.01679535630884165,0.1141933366938039,-0.014865000000000012,0.009724870465405818,0.0059506738002905535,9.540544700000004e-05
2020-04-17,-0.14099448512769322,0.029883714512640647,-0.007965,0.007917419169920841,0.002239041802014336,3.351310699999996e-05
2020-04-24,-0.3903974162197745,-0.013287286613715034,0.006974,0.4282307830892867,0.002001516684928714,2.407841399999991e-05
2020-05-01,0.1549936369706578,-0.0021644804020543897,-0.0029549999999999967,0.172835498893515,0.0018249915374458634,4.454908999999963e-06
2020-05-08,0.2799423903474884,0.03437644388598188,-0.0013680000000000003,0.04756562737968509,0.0005588056821234934,4.6469040000000445e-06
2020-05-15,0.12045428319021727,-0.02284757015115736,0.003017000000000003,0.014823860461541747,0.0008879374747987746,7.65272700000001e-06
2020-05-22,0.11898676736959135,0.0315041977501896,-0.00722500000000001,0.007696364738176289,0.0014121689271974238,1.628693100000006e-05
2020-05-29,0.06519619955654211,0.029592524047729964,-0.004427000000000003,0.006543331164818586,0.00039332241610296387,1.531221300000001e-05
2020-06-05,0.1146159456319868,0.047938205115075704,-0.010058999999999995,0.005453908224208116,0.00094552387463354,3.356961500000007e-05
2020-06-12,-0.08628071662284655,-0.04900090519365177,0.007232000000000003,0.008909416693865895,0.004092239656859113,2.5321187999999937e-05
2020-06-19,0.08703420152600735,0.01834879663191883,-0.003224999999999998,0.0026432004057362077,0.0004668542334758481,2.8041448999999983e-05
2020-06-26,-0.03422192989789807,-0.029080341341415152,0.0034939999999999928,0.004584674734622329,0.0014668734914442649,5.087581999999981e-06
2020-07-03,0.054600368698164696,0.03938243895522259,-0.0013649999999999895,0.0016956921881190281,0.0004920255027747265,5.208228999999974e-06
2020-07-10,0.0027023723607044296,0.017399244533675477,-0.00040300000000000226,0.0015019533966276041,0.0005678322881610585,2.702882999999998e-06
2020-07-17,-0.00024536866765233423,0.012356474151590186,-0.004222000000000001,0.0007303016030334295,0.0003673080245214131,8.012122000000031e-06
2020-07-24,0.013164500211127207,-0.002854257789041629,-0.005821999999999994,0.0010293540446803192,0.0002979700368488062,1.5485564e-05
2020-07-31,-0.02501356503463597,0.01708886973455313,-0.0015810000000000101,0.0014531853924915196,0.00032153578144707715,1.5233869999999944e-06
2020-08-07,0.0298456594814137,0.02418512080721361,-0.0008360000000000056,0.0012285987178663423,0.00014672795400109067,4.334045999999983e-06
2020-08-14,0.01957103038719957,0.006387837266173952,0.002740000000000009,0.0010895810224501245,0.0002689397884663685,3.2464819999999904e-06
2020-08-21,0.0007088009747429276,0.00715416569726255,0.0002179999999999982,0.0005789450147575717,5.3848085734503213e-05,2.841620000000026e-07
2020-08-28,0.01476993208018458,0.03208471360413926,-0.0025380000000000003,0.0004009661866950448,0.00026347904882780416,2.8346920000000114e-06
2020-09-04,-0.07738933856730437,-0.023402815863460665,0.0014419999999999967,0.0025305379391683566,0.0016388562782700686,2.8911659999999914e-06
2020-09-11,-0.05477990497369684,-0.02543680989813139,0.000658000000000003,0.00592956791802503,0.0015051892916219326,9.184020000000099e-07
2020-09-18,0.09301369000553522,-0.0064828023562141495,-0.0005210000000000026,0.003302735589728839,0.0004066737896911584,7.240809999999835e-07
2020-09-25,-0.0262366403868654,-0.0063742272091377936,0.005102000000000002,0.0020844993075735687,0.0010814172949459777,7.81689800000003e-06
2020-10-02,-0.0828416521224765,0.015014084391943952,-0.0032999999999999917,0.005086329869753773,0.0004666374258283356,3.1798819999999786e-06
2020-10-09,0.09910618019921134,0.03768327129751367,-0.003940000000000002,0.006768820035888213,0.000953821149071064,4.885006000000023e-06
2020-10-16,0.0051200892056023975,0.0018917623750370491,0.0001979999999999915,0.0016616373505267776,0.0003517573604754878,3.4824020000000046e-06
2020-10-23,-0.03137221591068551,-0.005331226680649496,-0.00012299999999999757,0.002525945043652467,0.00033708603168742813,4.096429999999935e-07
2020-10-30,-0.10745388045828963,-0.05807675492531537,0.004529000000000005,0.006174656254849027,0.0019419158536240592,8.133730999999983e-06
2020-11-06,0.046405705969886316,0.07064936278664842,-0.007702000000000009,0.004607086817643368,0.0013082658713913437,2.148858000000003e-05
2020-11-13,0.07475555421928373,0.02130941051382732,-0.00046299999999999564,0.007756708874620252,0.00047869744800048874,3.141464700000004e-05
2020-11-20,0.04879016416943205,-0.007761269410779703,-0.001283000000000003,0.0010518134368547758,0.0003544388360604533,1.96512300000001e-06
2020-11-27,0.07075150021015429,0.02243167971335857,-0.0012509999999999978,0.002321108688551294,0.00029687262786754626,1.474946999999999e-06
2020-12-04,0.0193589514996002,0.016535690579862306,-0.003182999999999998,0.0009404995047858487,0.0002278249328388955,2.8823789999999904e-06
2020-12-11,0.007083854888405042,-0.009709012871318763,0.0008570000000000011,0.0008535131320881295,7.845223128642096e-05,6.20522999999999e-07
2020-12-18,0.051892045581556724,0.01244150905468967,-0.0005600000000000005,0.0006000271075645619,0.00023238133200815346,1.463999999999983e-07
2020-12-25,-0.02072506723537239,-0.0017361948290157616,-7.900000000000241e-05,0.0016228854419413489,3.2644693247937904e-05,1.5863610000000033e-06
2021-01-01,0.005994849994968953,0.014190404679732498,-0.002022000000000004,0.0003001874358976322,0.00012338672580145628,3.637441999999983e-06
2021-01-08,0.07425517601661687,0.018076047935705584,-0.0003179999999999961,0.003290121908267061,0.0005503982199546527,8.238459999999907e-07
2021-01-15,0.0030569378027939425,-0.014889677862651638,0.00019899999999999806,0.0010316272224171617,0.00011480002817087302,1.3047610000000144e-06
2021-01-22,-0.002865605170429823,0.01922115313712323,-0.0001789999999999914,0.0004292289796002295,0.00026638581114019554,4.867610000000069e-07
2021-01-29,-0.0013400978362374167,-0.03370204387827327,0.0017159999999999886,0.00022177456611841543,0.001166552814338369,2.3492459999999885e-06
2021-02-05,0.08269171584511341,0.04540035341762322,-0.0027199999999999937,0.001597223226554246,0.0005767688221591254,1.6140839999999872e-06
2021-02-12,0.04618325860190729,0.012252801979658912,-0.000777000000000001,0.000971448495863972,8.055679763830823e-05,6.494050000000016e-07
2021-02-19,-0.0020229271901946776,-0.007192245179838737,0.0003420000000000023,0.0010116153671939515,2.3459791543073477e-05,1.4597220000000048e-06
2021-02-26,0.037102632667053034,-0.024789029781086894,0.002378,0.003323053482003191,0.0008261418235184612,2.458206000000023e-06
2021-03-05,0.0694047107887442,0.00802013956988167,0.0008009999999999983,0.0037564367780594573,0.001346915398171859,2.7723410000000074e-06
2021-03-12,-0.004256619379326137,0.026022363348857838,0.0003989999999999938,0.001103534506545173,0.00037056133748099724,1.6931329999999634e-06
2021-03-19,-0.06612417738247342,-0.0077268735042843395,0.0015780000000000082,0.005995220020498328,0.00027410403537784497,1.9753219999999896e-06
2021-03-26,-0.007679148919692031,0.015552446321237801,-0.0018950000000000067,0.010914698359739794,0.0004371231563293129,2.0369729999999903e-06
2021-04-02,0.007841896092319257,0.011304737967869311,-0.0024749999999999915,0.002348099445528126,0.00016203118284957913,1.6668609999999937e-06
2021-04-09,-0.03477171495636675,0.026707474822033492,-0.0009860000000000068,0.0023499214292048904,0.00028549499757183695,9.194500000000043e-07
2021-04-16,0.06269393972968687,0.013601195637469313,-0.00036399999999999546,0.002489643536145061,0.0001623426056235905,2.0037660000000022e-06
2021-04-23,-0.01675615682046246,-0.0012973763852600622,0.0005369999999999964,0.0007465920436311136,0.0003644699902654464,9.914090000000097e-07
2021-04-30,0.022909051517755245,0.00020873457239329712,-0.000508999999999995,0.001309845412603311,0.00010149813289562976,1.896098999999997e-06
2021-05-07,0.020240454324500827,0.012197503613387065,-0.0006640000000000024,0.0007542350170143025,0.00017302679948465156,2.3403240000000196e-06
2021-05-14,0.00737104074458995,-0.014005859417034673,0.002078000000000002,0.0019450983961388029,0.0010217585391489694,3.966562000000007e-06
2021-05-21,-0.02761149506909087,-0.0043489655943609404,0.0005369999999999964,0.0026389883328719705,0.00019912706895433888,1.5545670000000214e-06
2021-05-28,0.04219255534438273,0.011516174103876684,-0.0013739999999999952,0.001613077447947036,0.00010725848493857405,1.1963320000000082e-06
2021-06-04,0.048560371556253465,0.006085523609074218,-0.00024100000000000675,0.0008377610930639233,9.290569225446963e-05,9.389099999999967e-08
2021-06-11,0.013978262115903476,0.004112210515807119,-0.0013209999999999988,0.00028507161541444664,2.9330023376249157e-05,5.26482999999997e-07
2021-06-18,0.009725920630340857,-0.019300959604249268,-0.00027200000000000114,0.0006201615561523365,0.00021128762813605163,6.300700000000059e-07
2021-06-25,0.037984475584270566,0.027001020257480312,-0.0012199999999999989,0.0007787009094853939,0.00026528651217578214,8.732100000000082e-07
2021-07-02,0.014878633831456814,0.0165521608026174,-0.0012749999999999994,0.0008476812935684313,9.014187466064411e-05,5.47931000000001e-07
2021-07-09,-0.018124950763303532,0.0039055128594247257,-8.999999999999898e-05,0.0020194861435698487,0.00021503726868497055,3.562826000000017e-06
2021-07-16,-0.030957965141442507,-0.009791187451180454,0.0013109999999999999,0.001397163591728902,9.358088303908827e-05,1.9056630000000064e-06
2021-07-23,0.007101610295831244,0.019330968963628556,0.0006339999999999968,0.008427814368578559,0.0006556918348484081,5.931493999999971e-06
2021-07-30,0.025751320220459173,-0.003789180659997112,0.0005420000000000024,0.000427512640939627,7.501076588513664e-05,1.1263740000000056e-06
2021-08-06,-0.08241197600134229,0.009303540127330175,0.001155999999999997,0.002839976367834344,0.00013036315397768782,1.0613439999999996e-06
2021-08-13,0.001613968511161273,0.007030768942629247,0.0009120000000000061,0.0017045067856603922,1.9213416055816766e-05,4.794260000000103e-07
2021-08-20,-0.09320127770172652,-0.005953545508240316,0.0003299999999999992,0.0018775413153116396,0.00024116897938668866,1.2975120000000148e-06
2021-08-27,0.10094136745678635,0.015085656941199526,-0.002110000000000003,0.004530067378261033,0.00019021751121236512,1.1995560000000027e-06
2021-09-03,0.007969324217602153,0.005722808359977769,-0.0016100000000000003,0.0006637906869872845,2.8556486068933796e-05,1.157680000000005e-06
2021-09-10,0.0025944090654995886,-0.01713047131361474,0.000134000000000003,0.0012463650308179339,9.472228352440948e-05,7.122974e-06
2021-09-17,0.033267984093147115,-0.005798664349996565,-0.0003900000000000059,0.0010332358649059212,0.00019576948067584729,2.7986599999999754e-07
2021-09-24,0.029631797606371364,0.0050086723517956105,0.0008220000000000072,0.0014811539915711362,0.0005312416183438119,4.557812000000007e-06
2021-10-01,0.02535835866250541,-0.022392602273731504,0.0014570000000000017,0.000563212904780187,0.0007075927828595699,2.406398999999991e-06
2021-10-08,0.03725210870411139,0.007780376584381839,0.0007599999999999962,0.0012270010026501868,0.00036918767414981,1.1915739999999935e-06
2021-10-15,0.037015877757113444,0.017984487364741553,-0.0007709999999999973,0.0004949289263834634,0.00040392734893577085,2.271294999999984e-06
2021-10-22,0.024534435034243095,0.01622368351601028,1.4999999999991686e-05,0.0005761397507868351,8.908759487783626e-05,5.426289999999997e-07
2021-10-29,-0.002270962548936716,0.013123883193603433,-0.00033599999999998963,0.000764395443870428,0.00015085960120748615,4.7338400000000145e-07
2021-11-05,-0.042034288223365586,0.01973457643389478,-0.0009380000000000033,0.003943945221288407,8.950778690156643e-05,1.6934539999999902e-06
2021-11-12,-0.005506208380322388,-0.0032283051065477744,0.0007930000000000037,0.0016031903346287236,0.0001333918464742627,9.848850000000077e-07
2021-11-19,-0.04820055260600053,0.0031240306925045046,0.0018479999999999963,0.0019222547218824587,3.504540712423406e-05,7.937279999999976e-07
2021-11-26,-0.10823239666111448,-0.02233808736734106,0.004586999999999999,0.020218681657429377,0.0005466499697667402,1.3927885000000007e-05
2021-12-03,-0.03054241128490123,-0.012417858842712258,-0.002693000000000003,0.0040695443338321325,0.0009503531881926852,2.071764999999995e-06
2021-12-10,0.0782489434335868,0.03740972663187916,-0.002770000000000001,0.004025284495647302,0.0007078400725349879,1.1599050000000017e-05
2021-12-17,-0.010689271961839315,-0.01970608256902736,0.0001670000000000016,0.0009330655487490931,0.0005874915403387565,4.159789999999997e-07
2021-12-24,0.042494802740887454,0.022369192176131324,-0.0032049999999999956,0.002925811025353935,0.0005827918975808934,4.9398909999999935e-06
2021-12-31,0.019060979768036213,0.008369595053753561,-0.0003410000000000002,0.0012337925955823409,0.00020776413983908618,2.292299000000006e-06
2022-01-07,0.04204980048983384,-0.019047640853485082,0.0026009999999999957,0.0006689030403046714,0.0004416731792647208,2.023851000000013e-06
2022-01-14,0.06011454784465138,-0.003222366991610258,-0.0012469999999999981,0.002211407611670527,0.0002996191495878093,4.230706999999968e-06
2022-01-21,0.0218484112272093,-0.05868317662504505,0.002153999999999998,0.0004921304851684481,0.0009270830064637362,2.7640119999999962e-06
2022-01-28,0.01954004947144106,0.00745733540141702,0.003090999999999999,0.00169525043916468,0.0007677155285343081,8.776976999999994e-06
2022-02-04,0.06131546813061268,0.015126159665747261,-0.0003759999999999941,0.0012383821283918225,0.0011210198967285378,3.935424000000017e-06
2022-02-11,-0.00968820509846183,-0.018651615030023706,0.0016019999999999967,0.0022829873950477534,0.0009924872371788957,9.939121999999991e-06
2022-02-18,-0.01332398723505104,-0.016197722887682106,0.00014300000000000423,0.002497131151907284,0.0007700160997145722,1.5624450000000034e-06
2022-02-25,0.015181809746348822,0.007891898454527238,-0.0018430000000000035,0.0005868844543224731,0.0011592601594574313,5.6071549999999726e-06
2022-03-04,0.23350566299555844,-0.013087094022866065,0.002037999999999993,0.01830482281052484,0.0006815538252220915,8.060982000000004e-06
2022-03-11,-0.08456247306255237,-0.029532502233051726,0.001479000000000008,0.01939862316942298,0.0017829904079515648,3.107627000000007e-06
2022-03-18,-0.030662892239608806,0.05936553728348272,-0.0024820000000000063,0.013877649052822353,0.0012792746391692656,1.1634365999999988e-05
2022-03-25,0.09971847734484303,0.017316259254108568,-0.0023339999999999915,0.007474719242530387,0.0005074069361416652,4.570982000000012e-06
2022-04-01,-0.13747745985150606,0.00014375021440325583,-0.003468,0.011987728722833746,0.0004994346181592342,7.1284959999999715e-06
2022-04-08,-0.01563483625088599,-0.013230354554814534,0.002848999999999999,0.004204137229778821,0.0003448868195272532,5.392559000000006e-06
2022-04-15,0.08480901496342698,-0.022022428372364466,0.0014759999999999973,0.007588266278522495,0.0005742283989023855,3.872733999999978e-06
2022-04-22,-0.041358736898764493,-0.02840135121234194,0.00026700000000000833,0.0034690241943495163,0.0012665041024472893,3.561411000000026e-06
2022-04-29,0.025344749915856633,-0.03380803050081763,0.0019259999999999965,0.0033234330063236757,0.002815350760621585,3.6727479999999886e-06
2022-05-06,0.03417852162621243,-0.0026062494614989096,0.0029380000000000005,0.003686798625074331,0.002271278965326917,4.650353999999992e-06
2022-05-13,0.0027654884881834923,-0.02491018734091598,0.004727999999999994,0.009631609782570858,0.0018999855192910421,1.6509689999999985e-05
2022-05-20,0.015074973709936447,-0.03142017460489992,0.0018729999999999958,0.0025035710813873964,0.002148870799246595,5.854226999999973e-06
2022-05-27,0.042518052679771254,0.06329058214684094,-0.006250999999999989,0.0012444278805797359,0.0014779659767726165,1.7444443e-05
2022-06-03,0.0324898201571658,-0.012534269726586736,-0.0003670000000000062,0.0005188105632122884,0.0007012472701029169,1.3628910000000145e-06
2022-06-10,-0.0063294021168110535,-0.05245976953140385,0.001692999999999998,0.00126421169428083,0.0016703425999101212,1.0628909999999729e-06
2022-06-17,-0.08966242663105359,-0.060298697344681886,0.006047000000000002,0.005644925858500174,0.0028848531578304984,2.585576699999998e-05
2022-06-24,-0.0034321261833947002,0.061883616571043715,0.00025299999999999655,0.0024842561970726167,0.001582836409599754,8.541465000000055e-06
2022-07-01,0.0074982994228169906,-0.022882338190840824,0.006602999999999994,0.0030469966968285586,0.0006110597421343746,1.3836497000000034e-05
2022-07-08,-0.06575048217095933,0.018575770379684234,-0.005317999999999987,0.016246780547462994,0.0002365499613508577,1.1241345999999913e-05
2022-07-15,-0.07101402028571058,-0.009932083956623896,-0.00045399999999999884,0.00710537561362705,0.0006113796025222918,3.0589820000000116e-06
2022-07-22,0.0013736991646118386,0.02459890147814946,-0.0034990000000000077,0.0043418507635061545,0.0010320633875760593,7.5197369999999786e-06
2022-07-29,0.04056008060394743,0.04113737338044961,-0.0024439999999999883,0.001905803772658506,0.0011476822289535863,4.571943999999975e-06
2022-08-05,-0.11302858838155562,0.0029806765476506135,-0.004613000000000005,0.004685781367029039,0.0002967210718060585,5.886423000000009e-06
2022-08-12,0.03765622581548448,0.03141592981237315,-0.0019650000000000123,0.0018639914971046927,0.000758934029175818,1.785795000000008e-06
2022-08-19,-0.011215070820139957,-0.012767349904610587,0.003084000000000007,0.0028476860805551254,0.00024569278152219396,3.1042579999999976e-06
2022-08-26,0.028557799006733407,-0.04188932994938788,0.0011720000000000042,0.0021716897732436125,0.0018516022114334688,3.712226000000006e-06
2022-09-02,-0.06883169814467333,-0.0340800581962259,0.004793000000000003,0.006626494915358925,0.0003547727630265578,5.9294470000000175e-06
2022-09-09,-0.0058881426252225975,0.035132399607050356,-0.004391999999999996,0.005202986567401975,0.0006202803575118892,7.675111999999991e-06
2022-09-16,-0.01870087224650817,-0.049623211249140015,0.002193999999999985,0.0019099781779961702,0.002257359136145442,2.9570080000000123e-06
2022-09-23,-0.07367244788450703,-0.048421092095964256,0.0017600000000000016,0.003949587686096356,0.0008470670039070381,5.5463439999999484e-06
2022-09-30,0.009479942069429708,-0.03039283892736086,0.003524000000000003,0.0038755267162475905,0.0011784792604299283,7.72614800000006e-06
2022-10-07,0.13906705523899443,0.014130445699659122,-0.004291000000000009,0.00558610995807002,0.002477442738468733,9.604362699999987e-05
2022-10-14,-0.07617317424487126,-0.016534892013354927,0.0023190000000000042,0.0031365974340502078,0.001340787906152595,9.14116100000009e-06
2022-10-21,0.004714210262726343,0.04540887203277433,-0.000564,0.001780131601125395,0.001470516749001105,3.07811199999996e-06
2022-10-28,0.0329604858492606,0.03791052190432765,-0.005718999999999994,0.0013535054090362958,0.0010839461504441733,1.0271582999999973e-05
2022-11-04,0.03959257014574336,-0.034923277818329164,-0.00044200000000000906,0.002779684305070764,0.001010201609298511,7.102949999999918e-06
2022-11-11,-0.03663902943227036,0.056471321681508445,0.0004630000000000134,0.00308633246174877,0.0035590566011146933,8.800606999999969e-06
2022-11-18,-0.09575265517757886,-0.007805407061472237,-0.0029079999999999996,0.0037015246359583874,0.0002566030501154957,3.7745359999999714e-06
2022-11-25,-0.04898990949480707,0.014355262076225561,-0.0012970000000000147,0.0020278806857481667,0.00023194120968983848,9.229130000000116e-07
2022-12-02,0.04736582268645398,0.010435988861887423,-0.0004909999999999836,0.0014909652416891823,0.0011759230251397028,4.483483000000035e-06
2022-12-09,-0.116143345424639,-0.0351427358718787,0.0006739999999999924,0.0035644504565023652,0.0006504355890778147,3.367769999999999e-06
2022-12-16,0.044628810450537536,-0.021870880817534678,0.002060000000000004,0.0029967739649382026,0.0010530125016869581,4.1640360000000225e-06
2022-12-23,0.06624938554120066,-0.002790140464531116,-0.00012800000000001254,0.0017880188900110164,0.0005469054145458949,1.2745040000000357e-06
2022-12-30,0.008759910852999186,-0.0022357534137366648,0.00165300000000002,0.0006523209198604996,0.00046884709611473205,3.4771989999999895e-06
2023-01-06,-0.08066587713347394,0.013555260783777064,-0.0035160000000000126,0.004999443517821581,0.0007197240445377648,3.272074000000005e-06
2023-01-13,0.07879520252172863,0.02553875158867882,-0.0031470000000000022,0.0015791187128215128,0.00023949822741790272,2.26798299999999e-06
2023-01-20,0.018918647714618726,-0.007445487359636166,0.0015189999999999947,0.0003469456143274835,0.0006601938495230642,1.0783250000000042e-06
2023-01-27,-0.024300724665301122,0.02354977271050035,-0.0010879999999999957,0.0007275082675504935,0.00026610817257401897,2.8921059999999995e-06
2023-02-03,-0.0822309267193714,0.015239871734575854,-0.0031959999999999944,0.002829357876285437,0.0008110982026344759,9.246381999999918e-06
2023-02-10,0.08523844778332676,-0.012056405308976063,0.0027160000000000027,0.002434037315566219,0.00040915709091232845,4.808183999999999e-06
2023-02-17,-0.04308201223660533,-0.0036713742293264778,0.0012009999999999898,0.001036692224181077,0.0003377961741693351,2.029332999999987e-06
2023-02-24,-0.0030090949636617007,-0.028023446416040005,-0.0008669999999999867,0.00155689424198042,0.0005528047181819456,4.938822999999971e-06
2023-03-03,0.04308358613631191,0.01792964549692508,-0.0020289999999999965,0.0008685566152762682,0.0003547517561440758,2.4580910000000065e-06
2023-03-10,-0.03707442370369127,-0.04744270379754303,0.005502999999999991,0.0018606810713566293,0.0008008775324475373,2.086367900000006e-05
2023-03-17,-0.1372968924601008,0.013417166089153025,0.008987999999999996,0.006377076155948655,0.0007443027836310084,0.00012268331200000025
2023-03-24,0.03422024186172514,0.013056925115720215,0.0002069999999999972,0.001484325651120346,0.0005612851712102696,1.6845668999999955e-05
2023-03-31,0.08851424173215434,0.03346560116007688,-0.006685999999999997,0.00319847938967934,0.0004429626555902612,1.0080822000000041e-05
2023-04-07,0.06410893237958087,-0.0018100162027913512,0.0007470000000000087,0.003720835619446404,6.642486176221394e-05,6.158076999999972e-06
2023-04-14,0.021458735239125018,0.007126711989024472,-0.0026830000000000087,0.001146053000292738,0.00019604517295941672,2.928427000000013e-06
2023-04-21,-0.056908678736241516,-0.0018003866214238535,0.0006730000000000036,0.0014266500326559166,4.809287625957238e-05,2.5493790000000192e-06
2023-04-28,-0.014096580016243072,0.007891522043255064,0.0010519999999999996,0.0026883620330016567,0.0007125614577879526,5.113277999999976e-06
2023-05-05,-0.0744687080588724,-0.008754420618418735,0.001825000000000001,0.006573880896521693,0.0005728875898407229,1.6628630999999963e-05
2023-05-12,-0.01769456598725976,-0.0037133848757967738,-0.0003330000000000055,0.0015772332867773728,4.6681315703085076e-05,8.820390000000199e-07
2023-05-19,0.023570352338261363,0.015509846021720716,-0.000387000000000004,0.0012404645455549416,0.0002798577268156053,1.018967000000014e-06
2023-05-26,0.013577376763763792,0.0023308386804223964,-0.002959999999999994,0.0018580339618087518,0.00042545523270778375,8.408753999999958e-06
2023-06-02,-0.012880172524408148,0.017260503036481023,-0.00245000000000001,0.003819015835899728,0.0003419259270759204,1.2542682000000125e-05
2023-06-09,-0.01985002178420962,0.0029595073851707934,-0.0006869999999999887,0.0007268169581327788,6.351680141233822e-05,3.074894999999947e-06
2023-06-16,0.022494973559338174,0.02452528565196459,-0.0015850000000000098,0.004721128522985892,0.0002945313183979048,2.2305989999999814e-06
2023-06-23,-0.03927076306417525,-0.014901620502899563,0.0047290000000000006,0.002288934612241601,0.00012301440797307255,7.419919000000002e-06
2023-06-30,0.021173895480614942,0.02225619937080043,-0.006841999999999997,0.0014794113489496512,0.0003187201072250939,1.5338661999999965e-05
2023-07-07,0.04335558860050618,-0.012574744323772414,0.001695000000000011,0.0017590214642370689,7.675079837093533e-05,2.263315000000006e-06
2023-07-14,0.020793558892740663,0.0229987788385539,-0.002297000000000002,0.001430671738931127,0.0001776357213209529,3.1425749999999913e-06
2023-07-21,0.022968396000950284,0.005909172296048965,-0.0006160000000000033,0.0011135660574631413,0.00011672149913494275,7.388040000000056e-07
2023-07-28,0.044536379973299386,0.009127875052211437,0.0001279999999999948,0.0010102370068176079,0.0001622939210811007,9.849780000000067e-07
2023-08-04,0.02741909835421989,-0.02391873469569987,0.0025030000000000018,0.0016933936562887695,0.00023824262330859734,3.944994999999953e-06
2023-08-11,-0.003023159688084003,-0.004068080301915918,-0.0017059999999999942,0.0009276275921036042,0.000149677056786748,1.0659340000000135e-06
2023-08-18,-0.023403628984115073,-0.02231026115294971,0.0018219999999999903,0.0009248289845918633,0.0002853486222618395,1.986882000000007e-06
2023-08-25,-0.010343415787514609,0.007228262296517941,-0.0018539999999999867,0.00027127383331280883,0.00040380760033041445,1.2725779999999904e-06
2023-09-01,0.06920162668049487,0.023736115010246257,-0.000506000000000002,0.00131871340127556,0.000266901293642969,7.946940000000305e-07
2023-09-08,0.014620822065514228,-0.01394961839043763,0.0001789999999999914,0.00022328567839440905,7.898717286615993e-05,6.185869999999764e-07
2023-09-15,0.03631004546106994,-0.002577612099097102,-0.0004190000000000005,0.000708488747543257,0.00029921332348575603,8.728949999999868e-07
2023-09-22,0.00011108025559890605,-0.030689347272026612,0.0012280000000000069,0.0001425041192230641,0.0003730058508204577,3.769868000000019e-06
2023-09-29,0.008406199263280529,-0.008407129977101656,0.0021610000000000084,0.001908853570897463,0.0002784071665064435,1.6815769999999914e-06
2023-10-06,-0.11064916355349413,0.003780558472481697,0.0028229999999999844,0.005583489060524441,0.00039643746793721233,5.179727000000016e-06
2023-10-13,0.06050882076251567,0.0034930081461559425,-0.000625,0.005189443035451952,0.00014940052555986036,1.2584709999999747e-06
2023-10-20,0.01983668782173701,-0.0252098801386152,0.0031069999999999974,0.0007826411435355943,0.0005260431548327588,4.730124999999969e-06
2023-10-27,-0.02926138961566185,-0.026567756767076324,-0.00019000000000000128,0.003130778331538876,0.0004287050570342885,3.4524400000000157e-06
2023-11-03,-0.06408659303319793,0.05594614090334639,-0.003564999999999987,0.003149497966030898,0.0007298842238029898,1.3504716999999915e-05
2023-11-10,-0.0391459309563948,0.011997422565177504,-0.0012370000000000037,0.002857680074978096,0.00031811936745370674,1.1649430000000199e-06
2023-11-17,-0.014492061188941373,0.02118639710056279,-0.00023200000000000109,0.004500903388879806,0.0003633342747042877,2.171981999999972e-06
2023-11-24,-0.006597200335917621,0.009038151778489413,-0.0018290000000000094,0.0010346669363913215,7.509006817027424e-05,2.039385000000004e-06
2023-12-01,-0.0196517252591132,0.006837584819128871,0.0015000000000000035,0.0021003741453614125,5.424715420345346e-05,2.0547620000000182e-06
2023-12-08,-0.03615265545695415,0.0012097568873220073,-0.002425000000000006,0.0025517313299989195,0.00012474626049648082,2.0339530000000094e-06
2023-12-15,0.004747949151217557,0.02377693755524032,-0.0021189999999999907,0.002610743222632017,0.0002272234911484196,1.117067900000006e-05
2023-12-22,0.02449551401665911,0.006650340055299101,-0.00010299999999999975,0.0004940688349132835,0.0003812531128831191,8.669170000000151e-07
2023-12-29,-0.02630824546193949,0.0023744962494375234,-6.80000000000014e-05,0.0021395078092791724,2.8023295092754573e-05,2.712561999999973e-06
2024-01-05,0.030378255150236105,-0.01617800497582704,0.0027920000000000032,0.001944280076359601,0.00011212607469561878,3.4962640000000014e-06
2024-01-12,-0.01459282629425053,0.01746943640817605,-0.0005339999999999989,0.0023312948318946715,0.00023157133299424746,2.1057220000000015e-06
2024-01-19,0.006299664767009946,0.010790809782838987,-0.0006040000000000045,0.0005077197885761303,0.000272333546228101,1.9318200000000444e-07
2024-01-26,0.06295877570304523,0.009678857140696641,-0.0010440000000000004,0.0014935426471025877,4.192380241880291e-05,1.9308240000000043e-06
2024-02-02,-0.07628955787619406,0.012895619395128653,-4.9000000000001266e-05,0.0022714377626737994,0.0005877845013185932,5.52883500000002e-06
2024-02-09,0.06026647311577941,0.012758821881595698,-0.0012609999999999922,0.0011466478982603001,0.00011598915759194431,1.006018999999997e-06
2024-02-16,0.02177500194159936,-0.00508712362668464,-0.00041700000000000515,0.0007151444797608899,0.0003382514093616906,7.359409999999961e-07
2024-02-23,-0.02542892744763182,0.01558890783207245,-0.0011800000000000033,0.0012871043773763115,0.0004749295892475266,1.4000819999999986e-06
2024-03-01,0.044491551010023986,0.008571374427061542,0.00178300000000001,0.0009697157074895911,0.00011087011720998903,1.6035229999999991e-06
2024-03-08,-0.031373627984497256,-0.0034702305225787905,-0.0004220000000000024,0.0008905718342251678,0.00028068131428348104,8.350340000000149e-07
2024-03-15,0.03897254340389977,-0.0021981183417851876,-0.0015409999999999968,0.001027009999120675,0.00017962899367598612,1.061199000000007e-06
2024-03-22,0.0006203089337295123,0.02174175671034332,-0.0004150000000000098,0.0007775806829753385,0.0001623945463899024,1.4532410000000044e-06
2024-03-29,0.03101591718366545,0.0029576493777178797,-0.00010899999999999465,0.0007805039219658645,9.231671248805014e-05,6.908129999999965e-07
2024-04-05,0.03462270555308897,-0.010476969774352233,0.000495000000000001,0.0005576709771957923,0.0003339093404378193,1.8534210000000087e-06
2024-04-12,-0.011917421101648621,-0.016614313733965335,0.0007390000000000007,0.0005267649538028335,0.0003623753105955615,3.0139189999999627e-06
2024-04-19,-0.034193408862304035,-0.03191670000853085,0.0012079999999999912,0.0010398973305543882,0.00026639121548605976,1.479185999999989e-06
2024-04-26,0.019630906799485474,0.02541008666128443,-0.0014759999999999884,0.000465892891096895,0.0003412898824967988,1.5060320000000147e-06
2024-05-03,-0.07091139864701192,0.004515916733340671,-0.001026000000000007,0.0017282413614396266,0.000511601351302785,2.1944600000000124e-06
2024-05-10,-0.0034626517444562924,0.017400239887746177,0.00020500000000000184,0.00020151596349422596,0.00013584184548806106,7.348689999999907e-07
2024-05-17,0.022107367121032975,0.014385142867574781,-0.00028999999999999913,0.0004523959990612579,0.00016472024651605747,5.692939999999937e-07
2024-05-24,-0.02365018048954327,-0.0006777942353082395,-0.00021600000000000287,0.0004759105075473111,0.00011797884869864943,2.4119600000001203e-07
2024-05-31,-0.00943708121928118,-0.006079652394353279,0.0012340000000000018,0.0011978160213750768,0.00015458717659709578,1.1955779999999941e-06
2024-06-07,-0.023258390247767782,0.012139620951369601,-0.0008410000000000029,0.0019388768344680474,0.0001435063450743161,1.3126169999999979e-06
2024-06-14,0.0369324939192507,0.014795271777557812,0.0016240000000000076,0.0008420119941752374,9.131210351085052e-05,1.445102000000015e-06
2024-06-21,0.033760606445483045,0.005150797512574713,-0.00037799999999999835,0.0006995887715752853,7.347813525756317e-05,1.7535000000000822e-07
2024-06-28,0.009983443984183205,-0.0016720224513158142,-0.0001130000000000031,0.00033336100566840515,4.4872477623265204e-05,1.020077000000014e-06
2024-07-05,0.008791265411170724,0.018468451869575634,0.0009999999999999966,0.001090165387258272,0.00010053386655377513,5.573619999999876e-07
2024-07-12,-0.015188925027733606,0.007757442510955722,-0.000378999999999996,0.0002960381553616112,0.0002124705497546124,4.01593000000006e-07
2024-07-19,-0.02981556193563336,-0.020714629878880418,-0.0005950000000000077,0.0017736863053537826,0.00035816867498005597,1.8082900000000427e-07
2024-07-26,-0.01899928780138289,-0.009215752246396668,0.0008769999999999989,0.0007055333535969631,0.0008144383547089048,1.3424309999999893e-06
2024-08-02,-0.0483237099900967,-0.02157669294322093,0.005734000000000008,0.004071931400469674,0.0008052595156270359,1.4876374000000015e-05
2024-08-09,0.02803107152274692,-0.0012284298483478252,-0.002132999999999998,0.0011493757017468646,0.0016329078861271535,6.9664910000000064e-06
2024-08-16,-0.0009262322858676412,0.037780236107652805,-0.0018660000000000033,0.002572538817001708,0.0005537925047342325,4.188965999999992e-06
2024-08-23,-0.009443443192043783,0.013611592020991629,-0.0002560000000000029,0.001800212705330165,0.00032634154229735325,2.0289299999999883e-06
2024-08-30,-0.017253427044820635,0.0016912113322526887,-0.00011200000000000099,0.0032888925078505844,0.00014929838536801204,8.269419999999879e-07
2024-09-06,-0.09357137968138793,-0.04411651307368872,0.002103000000000006,0.0028652718812198093,0.0007718673370555101,3.924964999999999e-06
2024-09-13,0.011430392393751687,0.03875634346102906,3.7999999999995814e-05,0.002979684902151297,0.00034986643401002453,1.4511140000000105e-06
2024-09-20,0.046855417281505156,0.012820601314147747,-0.0020859999999999967,0.0008637511867294961,0.0002972287085113664,1.640211999999999e-06
2024-09-27,-0.04052861033155826,0.005542439407450741,0.0003180000000000005,0.0019833568760584098,3.544744662270361e-05,1.013923999999986e-06
2024-10-04,0.0870358217871668,0.001491407208775059,-0.002425000000000006,0.003197247836847592,0.00018823003021062727,3.967643000000002e-06
2024-10-11,0.0062990223687134075,0.010299366728782297,0.0010630000000000051,0.004155389703705903,0.00027670412157908595,1.6353389999999833e-06
2024-10-18,-0.0858824826398471,0.007740981047568765,-0.0007290000000000019,0.0029365293154965354,0.00015483163091955507,4.298290000000045e-07
2024-10-25,0.04400225749367107,-0.010478622225559375,-0.0001629999999999976,0.0017087434231010615,9.350110664547454e-05,6.563749999999929e-07
2024-11-01,-0.03242302839322527,-0.01455958452471878,-0.0009080000000000066,0.0045328433831117705,0.0003902923724094225,2.10396200000001e-06
2024-11-08,0.008882579892640274,0.044691717082614046,-0.0023849999999999926,0.0013352756110778883,0.000849490722834588,3.6170390000000062e-06
2024-11-15,-0.04656756110025297,-0.021883167109615458,0.001205999999999996,0.0016065457665053557,0.0002228690156318272,1.951285999999998e-06
2024-11-22,0.0625565823028376,0.01583515692261591,-0.0011969999999999993,0.0017834241708031893,7.129206066713864e-05,9.009409999999939e-07
2024-11-29,-0.04654675324535418,0.009707007539601006,0.0012209999999999966,0.0011945742238231,8.742840891344717e-05,4.706909999999978e-07
2024-12-06,-0.015113637810048071,0.008761578107062245,-0.0004300000000000015,0.001577445851013977,5.229661485819521e-05,2.55947999999992e-07
2024-12-13,0.055747379317699075,-0.0072703023025272335,-8.999999999987906e-06,0.0010955944834226184,0.00014240767911560297,1.1310500000000077e-07
2024-12-20,-0.019390399367829714,-0.02089976402751774,0.0024459999999999925,0.0002538067037394763,0.001043180962023012,4.448986000000004e-06
2024-12-27,0.016279097183268525,0.005888117793769031,-0.00016000000000000015,0.00040504074341430045,0.0002970883228998951,4.798519999999893e-07
2025-01-03,0.0464942620197277,-0.005585576088206585,-0.000625,0.0006414242439099968,0.00029584845262167433,1.5786450000000193e-06
2025-01-10,0.023914037870554503,-0.02045787297208857,0.0002949999999999964,0.0016273187738942937,0.0003988440215285838,4.1725699999999925e-07
2025-01-17,0.02141912889288932,0.0278699179086762,-0.0013339999999999997,0.0016234614227655592,0.0004364135683306432,2.392845999999995e-06
2025-01-24,-0.035913099795930006,0.0164690931829627,-0.0004289999999999949,0.0005609951817922699,0.0001499169495693436,4.02430999999993e-07
2025-01-31,-0.028944204111116742,-0.010807407383428001,0.0003840000000000021,0.0007298119757573715,0.0003752063153679033,6.692700000000012e-07
2025-02-07,-0.02498908559798657,-0.003234821364152917,-0.0004210000000000047,0.0009165233213379841,0.00022904795139172475,4.273649999999982e-07
2025-02-14,-0.0004241781611851539,0.01378345989649775,-0.0002969999999999917,0.0012231686214870172,0.00015990481848108607,9.169099999999666e-08
2025-02-21,-0.004393742452152532,-0.0175461564032595,0.0010089999999999932,0.001136498981485067,0.0003266984087053679,1.7397790000000056e-06
2025-02-28,-0.009132483563272587,-0.010565271575374631,0.0012910000000000022,0.0013721062085746318,0.000549996386996772,8.710990000000057e-07
2025-03-07,-0.04410648232036534,-0.032209667338482476,0.0013919999999999976,0.001764581574680746,0.000943459564572049,2.7529919999999843e-06
2025-03-14,0.0023941355143665727,-0.02378313738034607,0.002726999999999995,0.0011171356532002992,0.0014676217065445725,1.0471151e-05
2025-03-21,0.020268465131514295,0.004303335437930186,-1.100000000000101e-05,0.0004430738933668482,0.0002764472068876468,7.563089999999976e-07
2025-03-28,0.015693434546046547,-0.016153757496482395,0.0023620000000000017,0.0003160717564355771,0.0008426913853976674,6.752065999999986e-06
2025-04-04,-0.1123372507584583,-0.09591430097297653,0.00839900000000001,0.011615151702040688,0.006346136124593699,4.060883700000005e-05
2025-04-11,-0.01773990699797678,0.054683897419044926,-0.000279000000000007,0.004913547333080812,0.010079752872769179,1.5437940999999958e-05
2025-04-18,0.04980614643806085,-0.015883736780357937,-0.0022829999999999994,0.0015415058880690424,0.0005809936795848514,3.7572869999999986e-06
2025-04-25,-0.015587184824783539,0.04416315584779052,-0.0033980000000000034,0.0016171716669745053,0.001913464474009167,1.4622056000000008e-05
2025-05-02,-0.07802158427167023,0.028068218445842813,-0.001158999999999999,0.0029067843018616016,0.0002892227382583249,9.085233000000013e-06
2025-05-09,0.038534253541632826,-0.005465117763894436,-0.0008709999999999952,0.003395028955007282,0.000153390605184976,2.39663299999998e-06
2025-05-16,0.0226855913749249,0.05062150640514037,-0.003885000000000001,0.0018611000308983805,0.0011455079279260446,1.565667099999999e-05
2025-05-23,-0.0071255362216171205,-0.027222164222010178,0.002383000000000002,0.0001312989539086572,0.0003259902048950476,1.5839009999999977e-06
2025-05-30,-0.012099558991767874,0.017838221027728474,-0.001363000000000003,0.000570008815342789,0.0004574092630296421,2.4514110000000017e-06
2025-06-06,0.04565975548406971,0.014111470880978336,-0.0016900000000000049,0.0014334267810777442,0.0001828261406354522,1.7390140000000116e-06
2025-06-13,0.11367100788483644,-0.004664851454412448,0.0007900000000000063,0.006764014009758159,0.00018191648157761615,4.075739999999941e-07
2025-06-20,0.035144525065059544,-0.0022801784677298556,-0.000802000000000005,0.0020187353676678296,0.0001626010621928791,1.5198220000000083e-06
2025-06-27,-0.11954515064978281,0.03309046093126313,-0.00040300000000000226,0.009613324697938743,0.0003046429348174536,1.1225609999999945e-06
2025-07-04,0.022337179846152213,0.01632405427055269,-0.002818999999999994,0.0010173558374277935,0.0001191575150230707,3.009162999999996e-06
2025-07-11,0.000596836782861525,-0.003873339110881738,0.0018489999999999984,0.0013183404869741883,0.00011777635294341251,1.7481710000000132e-06
2025-07-18,-0.014877425205493396,0.005155673831985695,-0.00014099999999999557,0.0006534233926746332,5.659032555462831e-05,6.163649999999995e-07
2025-07-25,-0.013566247234489999,0.013726971911462979,-0.001341000000000001,0.00041536317356511245,7.913302438425262e-05,7.858650000000076e-07
2025-08-01,0.03276011882334513,-0.02456821115505429,0.003214999999999999,0.00294670541019689,0.00028397826722947054,9.633915000000009e-06
2025-08-08,-0.0664711761656568,0.023263432973782288,-0.002006999999999999,0.0014137841577038105,0.0003513800972344157,1.2223390000000074e-06
2025-08-15,-0.016322974031930518,0.008679679877436081,-0.0002810000000000024,0.0007667938824425328,0.00015247038053334863,1.205470000000013e-07
2025-08-22,0.026744669494344633,0.0019384560611342876,-0.00025799999999999825,0.0007543677116691116,0.00028372797610311576,6.600060000000001e-07
2025-08-29,0.00548289929996532,-0.0017243601273603222,-0.0004039999999999999,0.0012338550281154185,9.213572812903738e-05,6.908700000000017e-07
2025-09-05,-0.04065276445157351,0.002607554241501412,0.0001750000000000007,0.002324920859110571,0.0001532674279944486,1.2532409999999947e-06
2025-09-12,0.015499180140294853,0.015050774288574202,-0.0006640000000000068,0.0008146474018628998,9.214383735874601e-05,7.258080000000042e-07
2025-09-19,-0.00032046146725142133,0.011400589513689571,-0.0007589999999999942,0.0007001000928578923,7.122982128018236e-05,5.699889999999948e-07
2025-09-26,0.05183801779368538,-0.0038054647275245733,0.000585,0.001061023677355636,0.00011777476621079356,3.279589999999994e-07
2025-10-03,-0.07649857961563691,0.010104759827606115,0.0003709999999999969,0.002116410246561528,3.550133427974207e-05,3.031269999999955e-07
2025-10-10,-0.04021989811190744,-0.025286653149444456,0.003844000000000003,0.0022661876938670357,0.0008246880301092725,7.07011e-06
2025-10-17,-0.023005425200703342,0.016208357729717616,-0.0015580000000000017,0.0005686056485998966,0.0003256735716125599,4.1138199999999865e-06
2025-10-24,0.07335778457165254,0.018309189033619798,-0.0012259999999999981,0.0035099524045578653,0.00023705605896187765,9.734739999999812e-07
2025-10-31,-0.008491233252363546,0.006429934168099345,-3.699999999999815e-05,0.00045209983279336364,0.0002603548241882465,2.737928999999985e-06
2025-11-07,-0.02255485331018332,-0.017105072383899897,0.001320000000000001,0.0004604494998581856,0.00028359412619169346,2.628952000000002e-06
2025-11-14,0.005519793223597902,9.541087878908695e-05,-0.00044200000000000017,0.0025451460130848894,0.0005172733979490783,2.883690000000021e-06
2025-11-21,-0.03203392287703947,-0.020337598104407346,0.0009830000000000006,0.0010196424308087679,0.0005092137076308099,1.1751730000000052e-06
2025-11-28,0.008404131447242428,0.0359222007549652,-0.003118000000000003,0.0005574656316704085,0.0003928599472062514,2.8442700000000005e-06
2025-12-05,0.02079006681206551,0.0024218588915026276,-0.0006099999999999994,0.0004308042963003192,4.8274523522484416e-05,7.823319999999903e-07
2025-12-12,-0.043418202167541574,-0.0069542825619520335,0.001580999999999997,0.0007095651978519129,0.000177405452467568,2.152427000000016e-06
2025-12-19,-0.012658396871923465,0.00036803770096708916,-0.0003120000000000012,0.0011064790359953526,0.00028373820808584387,6.945520000000102e-07
2025-12-26,0.003884871564378561,0.013198802083563891,-0.0005559999999999965,0.001500648974449978,7.221293349500141e-05,4.26430000000002e-07
2026-01-02,0.010170173579265817,-0.011034712670893176,5.700000000000038e-05,0.0006373231192071447,7.225127735116444e-05,5.298709999999969e-07
2026-01-09,0.02787037434957756,0.014917731577524084,-0.0015880000000000028,0.0023432616701013513,0.00013182567835578422,7.39966e-07
2026-01-16,0.0067636375531272,-0.004467766314746438,0.00046100000000000475,0.003161181437430875,4.1901033049660154e-05,2.4818709999999887e-06
2026-01-23,0.028737132372367614,-0.0042131940324496645,0.0004199999999999982,0.0015566872478713694,0.0005971991702362008,2.917085999999985e-06
2026-01-30,0.0655920841700675,0.002703435428649327,0.0003159999999999963,0.0022329391845627464,6.17958087656438e-05,1.3950520000000114e-06
2026-02-06,-0.02878008389894039,-0.001642962211929663,0.00024800000000000375,0.004657445222492885,0.0006583613046404728,4.695327999999992e-06
2026-02-13,-0.009674169494277088,-0.014619322874403533,0.0012999999999999989,0.001137399859775672,0.00028226804246479455,1.7687160000000113e-06
2026-02-20,0.05774257253529951,0.010002224870273082,-0.001305000000000005,0.002406518891146795,8.76876785504977e-05,1.034649000000008e-06
2026-02-27,0.008089931761971484,-0.0050918947781168206,0.002532000000000005,0.0008829840817438419,0.0002806183930880851,2.9786240000000063e-06
2026-03-06,0.26687625636450674,-0.021077667255332076,0.0005439999999999978,0.019944529517102544,0.00036059899652386305,5.208075999999984e-06
2026-03-13,-0.028275348341634633,0.00542372957664718,-0.0011129999999999996,0.014932957994612054,7.295869116671674e-05,2.012921000000017e-06
